h3_index,cluster_id,cluster_meaning
891f5220027ffff,11,11: building_house
891f5220103ffff,11,11: building_house
891f5220107ffff,2,2: building_house
891f522010bffff,2,2: building_house
891f522010fffff,2,2: building_house
891f5220113ffff,2,2: building_house
891f5220117ffff,2,2: building_house
891f522011bffff,2,2: building_house
891f5220123ffff,11,11: building_house
891f5220127ffff,2,2: building_house
891f522012bffff,2,2: building_house
891f522012fffff,2,2: building_house
891f5220133ffff,2,2: building_house
891f5220137ffff,2,2: building_house
891f522013bffff,2,2: building_house
891f5220143ffff,11,11: building_house
891f5220147ffff,2,2: building_house
891f522014fffff,0,0: landuse_industrial
891f5220157ffff,2,2: building_house
891f522015bffff,2,2: building_house
891f5220163ffff,11,11: building_house
891f5220167ffff,2,2: building_house
891f522016bffff,2,2: building_house
891f522016fffff,10,10: building_apartments
891f5220173ffff,2,2: building_house
891f5220177ffff,2,2: building_house
891f522017bffff,2,2: building_house
891f522018fffff,2,2: building_house
891f5220193ffff,11,11: building_house
891f522019bffff,9,9: aeroway_aerodrome
891f52201abffff,2,2: building_house
891f52201afffff,2,2: building_house
891f52201bbffff,2,2: building_house
891f5220303ffff,11,11: building_house
891f5220317ffff,9,9: aeroway_aerodrome
891f5220323ffff,11,11: building_house
891f5220327ffff,2,2: building_house
891f522032bffff,7,7: highway_bus_stop
891f522032fffff,2,2: building_house
891f5220337ffff,10,10: building_apartments
891f5220363ffff,0,0: landuse_industrial
891f522036bffff,3,3: landuse_industrial
891f522036fffff,0,0: landuse_industrial
891f522037bffff,0,0: landuse_industrial
891f52203a3ffff,10,10: building_apartments
891f52203a7ffff,10,10: building_apartments
891f52203afffff,2,2: building_house
891f52203b7ffff,10,10: building_apartments
891f5220523ffff,11,11: building_house
891f522052fffff,7,7: highway_bus_stop
891f5220563ffff,8,8: landuse_industrial
891f5220567ffff,10,10: building_apartments
891f522056fffff,2,2: building_house
891f5220573ffff,0,0: landuse_industrial
891f5220577ffff,0,0: landuse_industrial
891f52205b3ffff,8,8: landuse_industrial
891f52205b7ffff,3,3: landuse_industrial
891f5220803ffff,11,11: building_house
891f5220807ffff,2,2: building_house
891f522080bffff,2,2: building_house
891f522080fffff,2,2: building_house
891f5220813ffff,2,2: building_house
891f5220817ffff,2,2: building_house
891f522081bffff,2,2: building_house
891f5220823ffff,11,11: building_house
891f5220827ffff,2,2: building_house
891f522082bffff,2,2: building_house
891f522082fffff,2,2: building_house
891f5220833ffff,2,2: building_house
891f5220837ffff,2,2: building_house
891f522083bffff,2,2: building_house
891f5220843ffff,11,11: building_house
891f5220847ffff,0,0: landuse_industrial
891f522084bffff,2,2: building_house
891f522084fffff,2,2: building_house
891f5220853ffff,2,2: building_house
891f5220857ffff,2,2: building_house
891f522085bffff,0,0: landuse_industrial
891f5220863ffff,11,11: building_house
891f5220867ffff,2,2: building_house
891f522086bffff,2,2: building_house
891f522086fffff,2,2: building_house
891f5220873ffff,2,2: building_house
891f5220877ffff,2,2: building_house
891f522087bffff,0,0: landuse_industrial
891f522088bffff,2,2: building_house
891f522088fffff,2,2: building_house
891f52208a3ffff,8,8: landuse_industrial
891f52208abffff,0,0: landuse_industrial
891f52208afffff,10,10: building_apartments
891f52208b7ffff,0,0: landuse_industrial
891f52208bbffff,0,0: landuse_industrial
891f52208cbffff,2,2: building_house
891f52208cfffff,2,2: building_house
891f52208dbffff,2,2: building_house
891f5220903ffff,7,7: highway_bus_stop
891f5220907ffff,7,7: highway_bus_stop
891f522090bffff,2,2: building_house
891f522090fffff,10,10: building_apartments
891f5220913ffff,7,7: highway_bus_stop
891f5220917ffff,2,2: building_house
891f522091bffff,6,6: building_office
891f5220933ffff,2,2: building_house
891f522094bffff,6,6: building_office
891f5220957ffff,6,6: building_office
891f522095bffff,2,2: building_house
891f522096bffff,11,11: building_house
891f522096fffff,2,2: building_house
891f5220973ffff,2,2: building_house
891f5220983ffff,11,11: building_house
891f5220987ffff,6,6: building_office
891f522098bffff,4,4: landuse_cemetery
891f522098fffff,6,6: building_office
891f5220993ffff,0,0: landuse_industrial
891f5220997ffff,0,0: landuse_industrial
891f522099bffff,3,3: landuse_industrial
891f52209a3ffff,7,7: highway_bus_stop
891f52209abffff,7,7: highway_bus_stop
891f52209afffff,3,3: landuse_industrial
891f52209b3ffff,7,7: highway_bus_stop
891f52209bbffff,2,2: building_house
891f52209c7ffff,0,0: landuse_industrial
891f52209cbffff,2,2: building_house
891f52209d7ffff,0,0: landuse_industrial
891f5220a03ffff,11,11: building_house
891f5220a07ffff,2,2: building_house
891f5220a13ffff,2,2: building_house
891f5220a17ffff,2,2: building_house
891f5220a1bffff,2,2: building_house
891f5220a33ffff,2,2: building_house
891f5220a37ffff,2,2: building_house
891f5220a43ffff,11,11: building_house
891f5220a4bffff,2,2: building_house
891f5220a4fffff,2,2: building_house
891f5220a53ffff,2,2: building_house
891f5220a57ffff,2,2: building_house
891f5220a5bffff,2,2: building_house
891f5220a6bffff,11,11: building_house
891f5220a7bffff,2,2: building_house
891f5220a83ffff,11,11: building_house
891f5220a87ffff,2,2: building_house
891f5220a8bffff,2,2: building_house
891f5220a8fffff,2,2: building_house
891f5220a93ffff,2,2: building_house
891f5220a97ffff,0,0: landuse_industrial
891f5220a9bffff,2,2: building_house
891f5220aa3ffff,4,4: landuse_cemetery
891f5220aa7ffff,2,2: building_house
891f5220aabffff,2,2: building_house
891f5220aafffff,2,2: building_house
891f5220ab3ffff,0,0: landuse_industrial
891f5220ab7ffff,2,2: building_house
891f5220abbffff,2,2: building_house
891f5220ac3ffff,11,11: building_house
891f5220ac7ffff,2,2: building_house
891f5220acbffff,2,2: building_house
891f5220acfffff,2,2: building_house
891f5220ad3ffff,2,2: building_house
891f5220ad7ffff,2,2: building_house
891f5220adbffff,2,2: building_house
891f5220b07ffff,11,11: building_house
891f5220b0bffff,11,11: building_house
891f5220b0fffff,2,2: building_house
891f5220b1bffff,2,2: building_house
891f5220b23ffff,11,11: building_house
891f5220b27ffff,2,2: building_house
891f5220b2bffff,2,2: building_house
891f5220b2fffff,2,2: building_house
891f5220b33ffff,2,2: building_house
891f5220b37ffff,2,2: building_house
891f5220b3bffff,2,2: building_house
891f5220b47ffff,2,2: building_house
891f5220b67ffff,2,2: building_house
891f5220b73ffff,2,2: building_house
891f5220b77ffff,2,2: building_house
891f5220b83ffff,11,11: building_house
891f5220b87ffff,2,2: building_house
891f5220b93ffff,2,2: building_house
891f5220b97ffff,2,2: building_house
891f5220b9bffff,2,2: building_house
891f5220ba3ffff,4,4: landuse_cemetery
891f5220ba7ffff,2,2: building_house
891f5220babffff,4,4: landuse_cemetery
891f5220bafffff,2,2: building_house
891f5220bb3ffff,2,2: building_house
891f5220bb7ffff,2,2: building_house
891f5220bbbffff,4,4: landuse_cemetery
891f5220bc3ffff,11,11: building_house
891f5220bd3ffff,2,2: building_house
891f5220bd7ffff,2,2: building_house
891f5220bdbffff,2,2: building_house
891f5220c0fffff,11,11: building_house
891f5220c17ffff,8,8: landuse_industrial
891f5220c23ffff,11,11: building_house
891f5220c27ffff,10,10: building_apartments
891f5220c33ffff,2,2: building_house
891f5220c37ffff,10,10: building_apartments
891f5220c3bffff,2,2: building_house
891f5220c43ffff,11,11: building_house
891f5220c4bffff,10,10: building_apartments
891f5220c4fffff,2,2: building_house
891f5220c53ffff,0,0: landuse_industrial
891f5220c57ffff,0,0: landuse_industrial
891f5220c5bffff,2,2: building_house
891f5220cb3ffff,7,7: highway_bus_stop
891f5220cbbffff,8,8: landuse_industrial
891f5220cc7ffff,7,7: highway_bus_stop
891f5220ccbffff,2,2: building_house
891f5220cdbffff,2,2: building_house
891f5220d03ffff,3,3: landuse_industrial
891f5220d07ffff,3,3: landuse_industrial
891f5220d17ffff,6,6: building_office
891f5220d23ffff,9,9: aeroway_aerodrome
891f5220d27ffff,10,10: building_apartments
891f5220d2bffff,3,3: landuse_industrial
891f5220d2fffff,10,10: building_apartments
891f5220d33ffff,5,5: shop_greengrocer
891f5220d37ffff,5,5: shop_greengrocer
891f5220d3bffff,9,9: aeroway_aerodrome
891f5220d53ffff,0,0: landuse_industrial
891f5220d67ffff,0,0: landuse_industrial
891f5220d6bffff,2,2: building_house
891f5220d6fffff,0,0: landuse_industrial
891f5220d77ffff,9,9: aeroway_aerodrome
891f5220d7bffff,3,3: landuse_industrial
891f5220d83ffff,9,9: aeroway_aerodrome
891f5220d87ffff,10,10: building_apartments
891f5220d8fffff,5,5: shop_greengrocer
891f5220d93ffff,3,3: landuse_industrial
891f5220d97ffff,0,0: landuse_industrial
891f5220d9bffff,3,3: landuse_industrial
891f5220da3ffff,5,5: shop_greengrocer
891f5220da7ffff,5,5: shop_greengrocer
891f5220dabffff,5,5: shop_greengrocer
891f5220dafffff,5,5: shop_greengrocer
891f5220db3ffff,10,10: building_apartments
891f5220db7ffff,10,10: building_apartments
891f5220dbbffff,10,10: building_apartments
891f5220dcbffff,8,8: landuse_industrial
891f5220dcfffff,0,0: landuse_industrial
891f5220dd3ffff,6,6: building_office
891f5220e03ffff,11,11: building_house
891f5220e07ffff,2,2: building_house
891f5220e0bffff,2,2: building_house
891f5220e0fffff,2,2: building_house
891f5220e13ffff,2,2: building_house
891f5220e17ffff,2,2: building_house
891f5220e1bffff,2,2: building_house
891f5220e27ffff,0,0: landuse_industrial
891f5220e2bffff,2,2: building_house
891f5220e2fffff,2,2: building_house
891f5220e33ffff,2,2: building_house
891f5220e37ffff,10,10: building_apartments
891f5220e3bffff,2,2: building_house
891f5220e43ffff,11,11: building_house
891f5220e47ffff,2,2: building_house
891f5220e4bffff,2,2: building_house
891f5220e4fffff,2,2: building_house
891f5220e53ffff,2,2: building_house
891f5220e57ffff,2,2: building_house
891f5220e5bffff,2,2: building_house
891f5220e63ffff,11,11: building_house
891f5220e67ffff,2,2: building_house
891f5220e6bffff,2,2: building_house
891f5220e6fffff,2,2: building_house
891f5220e73ffff,2,2: building_house
891f5220e77ffff,2,2: building_house
891f5220e7bffff,2,2: building_house
891f5220e83ffff,11,11: building_house
891f5220e87ffff,2,2: building_house
891f5220e8bffff,10,10: building_apartments
891f5220e8fffff,2,2: building_house
891f5220e93ffff,2,2: building_house
891f5220e97ffff,2,2: building_house
891f5220e9bffff,2,2: building_house
891f5220ea3ffff,11,11: building_house
891f5220ea7ffff,2,2: building_house
891f5220eabffff,2,2: building_house
891f5220eafffff,2,2: building_house
891f5220eb3ffff,2,2: building_house
891f5220eb7ffff,2,2: building_house
891f5220ebbffff,2,2: building_house
891f5220ec3ffff,11,11: building_house
891f5220ec7ffff,10,10: building_apartments
891f5220ecbffff,2,2: building_house
891f5220ecfffff,2,2: building_house
891f5220ed3ffff,10,10: building_apartments
891f5220ed7ffff,10,10: building_apartments
891f5220edbffff,10,10: building_apartments
891f5221803ffff,11,11: building_house
891f5221807ffff,2,2: building_house
891f522180fffff,2,2: building_house
891f5221813ffff,2,2: building_house
891f5221817ffff,2,2: building_house
891f5221823ffff,4,4: landuse_cemetery
891f5221827ffff,11,11: building_house
891f522182bffff,11,11: building_house
891f522182fffff,2,2: building_house
891f5221833ffff,2,2: building_house
891f5221837ffff,2,2: building_house
891f522183bffff,2,2: building_house
891f5221863ffff,11,11: building_house
891f5221867ffff,2,2: building_house
891f522186bffff,2,2: building_house
891f522186fffff,2,2: building_house
891f5221873ffff,2,2: building_house
891f5221887ffff,11,11: building_house
891f522188fffff,2,2: building_house
891f5221897ffff,2,2: building_house
891f52218a3ffff,11,11: building_house
891f52218a7ffff,2,2: building_house
891f52218abffff,2,2: building_house
891f52218afffff,2,2: building_house
891f52218b3ffff,2,2: building_house
891f52218b7ffff,2,2: building_house
891f52218bbffff,2,2: building_house
891f5221903ffff,11,11: building_house
891f5221907ffff,2,2: building_house
891f522190fffff,2,2: building_house
891f5221913ffff,2,2: building_house
891f5221917ffff,2,2: building_house
891f5221923ffff,11,11: building_house
891f522192bffff,2,2: building_house
891f522192fffff,0,0: landuse_industrial
891f5221933ffff,2,2: building_house
891f5221937ffff,2,2: building_house
891f522193bffff,2,2: building_house
891f5221943ffff,11,11: building_house
891f522194bffff,2,2: building_house
891f522194fffff,2,2: building_house
891f5221953ffff,2,2: building_house
891f522195bffff,2,2: building_house
891f5221963ffff,11,11: building_house
891f5221967ffff,2,2: building_house
891f522196bffff,2,2: building_house
891f522196fffff,2,2: building_house
891f5221973ffff,2,2: building_house
891f5221977ffff,2,2: building_house
891f522197bffff,2,2: building_house
891f5221983ffff,7,7: highway_bus_stop
891f5221987ffff,2,2: building_house
891f522198bffff,2,2: building_house
891f522198fffff,2,2: building_house
891f5221993ffff,2,2: building_house
891f5221997ffff,0,0: landuse_industrial
891f522199bffff,2,2: building_house
891f52219a3ffff,11,11: building_house
891f52219a7ffff,2,2: building_house
891f52219abffff,2,2: building_house
891f52219afffff,2,2: building_house
891f52219b3ffff,2,2: building_house
891f52219b7ffff,2,2: building_house
891f52219bbffff,2,2: building_house
891f52219d3ffff,2,2: building_house
891f52219d7ffff,2,2: building_house
891f52219dbffff,2,2: building_house
891f5221b03ffff,11,11: building_house
891f5221b07ffff,7,7: highway_bus_stop
891f5221b13ffff,7,7: highway_bus_stop
891f5221b1bffff,2,2: building_house
891f5221b23ffff,8,8: landuse_industrial
891f5221b43ffff,7,7: highway_bus_stop
891f5221b4fffff,7,7: highway_bus_stop
891f5221b53ffff,7,7: highway_bus_stop
891f5221b57ffff,8,8: landuse_industrial
891f5221b6bffff,8,8: landuse_industrial
891f5221b83ffff,11,11: building_house
891f5221b87ffff,2,2: building_house
891f5221b8bffff,2,2: building_house
891f5221b8fffff,2,2: building_house
891f5221b93ffff,2,2: building_house
891f5221b97ffff,2,2: building_house
891f5221babffff,2,2: building_house
891f5221bc3ffff,11,11: building_house
891f5221bcbffff,2,2: building_house
891f5221bcfffff,2,2: building_house
891f5221bd7ffff,2,2: building_house
891f5221c27ffff,11,11: building_house
891f5221c37ffff,2,2: building_house
891f5221ca7ffff,0,0: landuse_industrial
891f5221d03ffff,11,11: building_house
891f5221d07ffff,2,2: building_house
891f5221d0bffff,2,2: building_house
891f5221d0fffff,2,2: building_house
891f5221d13ffff,2,2: building_house
891f5221d17ffff,2,2: building_house
891f5221d1bffff,2,2: building_house
891f5221d23ffff,11,11: building_house
891f5221d27ffff,2,2: building_house
891f5221d2bffff,2,2: building_house
891f5221d2fffff,2,2: building_house
891f5221d33ffff,2,2: building_house
891f5221d37ffff,2,2: building_house
891f5221d3bffff,2,2: building_house
891f5221d43ffff,11,11: building_house
891f5221d47ffff,2,2: building_house
891f5221d4bffff,2,2: building_house
891f5221d4fffff,2,2: building_house
891f5221d53ffff,2,2: building_house
891f5221d57ffff,2,2: building_house
891f5221d5bffff,2,2: building_house
891f5221d63ffff,11,11: building_house
891f5221d67ffff,2,2: building_house
891f5221d6bffff,2,2: building_house
891f5221d6fffff,2,2: building_house
891f5221d73ffff,2,2: building_house
891f5221d77ffff,2,2: building_house
891f5221d7bffff,2,2: building_house
891f5221d83ffff,11,11: building_house
891f5221d87ffff,2,2: building_house
891f5221d8bffff,2,2: building_house
891f5221d8fffff,2,2: building_house
891f5221d97ffff,2,2: building_house
891f5221d9bffff,2,2: building_house
891f5221da3ffff,11,11: building_house
891f5221da7ffff,2,2: building_house
891f5221dabffff,2,2: building_house
891f5221dafffff,2,2: building_house
891f5221db3ffff,2,2: building_house
891f5221db7ffff,2,2: building_house
891f5221dbbffff,2,2: building_house
891f5221dc3ffff,11,11: building_house
891f5221dc7ffff,2,2: building_house
891f5221dcbffff,2,2: building_house
891f5221dcfffff,2,2: building_house
891f5221dd3ffff,0,0: landuse_industrial
891f5221dd7ffff,2,2: building_house
891f5221ddbffff,2,2: building_house
891f5222103ffff,11,11: building_house
891f5222107ffff,2,2: building_house
891f522210bffff,2,2: building_house
891f522210fffff,2,2: building_house
891f5222117ffff,0,0: landuse_industrial
891f5222123ffff,11,11: building_house
891f5222127ffff,2,2: building_house
891f522212bffff,10,10: building_apartments
891f522212fffff,2,2: building_house
891f5222133ffff,2,2: building_house
891f5222137ffff,2,2: building_house
891f522213bffff,2,2: building_house
891f5222163ffff,11,11: building_house
891f5222167ffff,0,0: landuse_industrial
891f522216bffff,10,10: building_apartments
891f522216fffff,5,5: shop_greengrocer
891f5222173ffff,2,2: building_house
891f5222177ffff,2,2: building_house
891f522217bffff,2,2: building_house
891f5222183ffff,7,7: highway_bus_stop
891f5222187ffff,8,8: landuse_industrial
891f522218fffff,8,8: landuse_industrial
891f52221a3ffff,0,0: landuse_industrial
891f52221a7ffff,8,8: landuse_industrial
891f52221abffff,2,2: building_house
891f52221afffff,2,2: building_house
891f52221b3ffff,0,0: landuse_industrial
891f52221b7ffff,0,0: landuse_industrial
891f52221bbffff,8,8: landuse_industrial
891f52223a7ffff,10,10: building_apartments
891f52223b7ffff,2,2: building_house
891f522252fffff,7,7: highway_bus_stop
891f52225a7ffff,4,4: landuse_cemetery
891f5222807ffff,11,11: building_house
891f5222813ffff,11,11: building_house
891f5222817ffff,2,2: building_house
891f5222823ffff,11,11: building_house
891f5222827ffff,2,2: building_house
891f5222833ffff,2,2: building_house
891f5222837ffff,2,2: building_house
891f522284bffff,11,11: building_house
891f522284fffff,2,2: building_house
891f5222863ffff,11,11: building_house
891f5222867ffff,2,2: building_house
891f522286bffff,6,6: building_office
891f522286fffff,3,3: landuse_industrial
891f5222873ffff,2,2: building_house
891f522287bffff,7,7: highway_bus_stop
891f522288bffff,2,2: building_house
891f522288fffff,2,2: building_house
891f5222893ffff,11,11: building_house
891f52228a3ffff,11,11: building_house
891f52228a7ffff,2,2: building_house
891f52228abffff,2,2: building_house
891f52228afffff,2,2: building_house
891f52228c7ffff,0,0: landuse_industrial
891f5222903ffff,11,11: building_house
891f522290bffff,0,0: landuse_industrial
891f522290fffff,2,2: building_house
891f5222913ffff,0,0: landuse_industrial
891f522291bffff,3,3: landuse_industrial
891f5222923ffff,11,11: building_house
891f5222927ffff,2,2: building_house
891f522292bffff,0,0: landuse_industrial
891f522292fffff,2,2: building_house
891f5222933ffff,2,2: building_house
891f5222937ffff,2,2: building_house
891f522293bffff,2,2: building_house
891f5222943ffff,6,6: building_office
891f5222947ffff,6,6: building_office
891f522294fffff,3,3: landuse_industrial
891f5222953ffff,0,0: landuse_industrial
891f5222957ffff,6,6: building_office
891f5222963ffff,11,11: building_house
891f5222967ffff,2,2: building_house
891f522296fffff,2,2: building_house
891f5222973ffff,0,0: landuse_industrial
891f5222977ffff,0,0: landuse_industrial
891f522297bffff,0,0: landuse_industrial
891f5222987ffff,11,11: building_house
891f522298bffff,0,0: landuse_industrial
891f522298fffff,0,0: landuse_industrial
891f5222993ffff,11,11: building_house
891f5222997ffff,2,2: building_house
891f522299bffff,0,0: landuse_industrial
891f52229a3ffff,11,11: building_house
891f52229a7ffff,2,2: building_house
891f52229afffff,2,2: building_house
891f52229b3ffff,2,2: building_house
891f52229b7ffff,2,2: building_house
891f52229c7ffff,0,0: landuse_industrial
891f52229cbffff,2,2: building_house
891f52229cfffff,3,3: landuse_industrial
891f52229d7ffff,0,0: landuse_industrial
891f52229dbffff,2,2: building_house
891f5222a03ffff,11,11: building_house
891f5222a07ffff,6,6: building_office
891f5222a17ffff,3,3: landuse_industrial
891f5222a1bffff,10,10: building_apartments
891f5222a23ffff,8,8: landuse_industrial
891f5222a27ffff,8,8: landuse_industrial
891f5222a33ffff,8,8: landuse_industrial
891f5222a37ffff,0,0: landuse_industrial
891f5222a3bffff,7,7: highway_bus_stop
891f5222a77ffff,8,8: landuse_industrial
891f5222a87ffff,7,7: highway_bus_stop
891f5222a8fffff,6,6: building_office
891f5222a97ffff,2,2: building_house
891f5222aa3ffff,8,8: landuse_industrial
891f5222aa7ffff,6,6: building_office
891f5222aafffff,3,3: landuse_industrial
891f5222ab7ffff,6,6: building_office
891f5222abbffff,8,8: landuse_industrial
891f5222ac3ffff,11,11: building_house
891f5222acbffff,10,10: building_apartments
891f5222acfffff,0,0: landuse_industrial
891f5222b03ffff,6,6: building_office
891f5222b07ffff,6,6: building_office
891f5222b0bffff,6,6: building_office
891f5222b0fffff,3,3: landuse_industrial
891f5222b17ffff,3,3: landuse_industrial
891f5222b23ffff,0,0: landuse_industrial
891f5222b27ffff,0,0: landuse_industrial
891f5222b2bffff,3,3: landuse_industrial
891f5222b2fffff,0,0: landuse_industrial
891f5222b33ffff,3,3: landuse_industrial
891f5222b37ffff,0,0: landuse_industrial
891f5222b3bffff,3,3: landuse_industrial
891f5222b47ffff,6,6: building_office
891f5222b4fffff,6,6: building_office
891f5222b53ffff,0,0: landuse_industrial
891f5222b63ffff,6,6: building_office
891f5222b6bffff,3,3: landuse_industrial
891f5222b6fffff,6,6: building_office
891f5222b73ffff,3,3: landuse_industrial
891f5222b77ffff,3,3: landuse_industrial
891f5222b83ffff,6,6: building_office
891f5222b8bffff,3,3: landuse_industrial
891f5222b8fffff,3,3: landuse_industrial
891f5222b93ffff,0,0: landuse_industrial
891f5222b9bffff,0,0: landuse_industrial
891f5222ba3ffff,11,11: building_house
891f5222babffff,0,0: landuse_industrial
891f5222bafffff,0,0: landuse_industrial
891f5222bb3ffff,8,8: landuse_industrial
891f5222bbbffff,0,0: landuse_industrial
891f5222bcbffff,8,8: landuse_industrial
891f5222bcfffff,8,8: landuse_industrial
891f5222bd3ffff,3,3: landuse_industrial
891f5222c0bffff,11,11: building_house
891f5222c13ffff,11,11: building_house
891f5222c17ffff,2,2: building_house
891f5222c2bffff,2,2: building_house
891f5222c37ffff,0,0: landuse_industrial
891f5222c43ffff,11,11: building_house
891f5222c4bffff,2,2: building_house
891f5222c4fffff,2,2: building_house
891f5222c53ffff,2,2: building_house
891f5222c57ffff,2,2: building_house
891f5222c5bffff,2,2: building_house
891f5222c8fffff,3,3: landuse_industrial
891f5222ca3ffff,0,0: landuse_industrial
891f5222ca7ffff,0,0: landuse_industrial
891f5222cabffff,8,8: landuse_industrial
891f5222cafffff,0,0: landuse_industrial
891f5222cb7ffff,8,8: landuse_industrial
891f5222cbbffff,3,3: landuse_industrial
891f5222cc3ffff,0,0: landuse_industrial
891f5222cc7ffff,2,2: building_house
891f5222ccbffff,2,2: building_house
891f5222cd3ffff,0,0: landuse_industrial
891f5222cd7ffff,2,2: building_house
891f5222cdbffff,2,2: building_house
891f5222d03ffff,11,11: building_house
891f5222d0bffff,2,2: building_house
891f5222d0fffff,8,8: landuse_industrial
891f5222d17ffff,2,2: building_house
891f5222d23ffff,11,11: building_house
891f5222d27ffff,2,2: building_house
891f5222d2fffff,2,2: building_house
891f5222d33ffff,2,2: building_house
891f5222d37ffff,0,0: landuse_industrial
891f5222d3bffff,2,2: building_house
891f5222d57ffff,2,2: building_house
891f5222d63ffff,7,7: highway_bus_stop
891f5222d67ffff,0,0: landuse_industrial
891f5222d6bffff,2,2: building_house
891f5222d6fffff,0,0: landuse_industrial
891f5222d77ffff,8,8: landuse_industrial
891f5222d83ffff,1,1: amenity_nightclub
891f5222d87ffff,11,11: building_house
891f5222d8bffff,0,0: landuse_industrial
891f5222d8fffff,0,0: landuse_industrial
891f5222d9bffff,2,2: building_house
891f5222da3ffff,10,10: building_apartments
891f5222da7ffff,0,0: landuse_industrial
891f5222dabffff,0,0: landuse_industrial
891f5222db3ffff,2,2: building_house
891f5222db7ffff,2,2: building_house
891f5222dbbffff,0,0: landuse_industrial
891f5222dc3ffff,11,11: building_house
891f5222dc7ffff,6,6: building_office
891f5222dcbffff,2,2: building_house
891f5222dcfffff,2,2: building_house
891f5222dd3ffff,0,0: landuse_industrial
891f5222dd7ffff,0,0: landuse_industrial
891f5222ddbffff,2,2: building_house
891f5222e23ffff,11,11: building_house
891f5222e27ffff,2,2: building_house
891f5222e33ffff,2,2: building_house
891f5222e47ffff,11,11: building_house
891f5222e4fffff,0,0: landuse_industrial
891f5222e77ffff,9,9: aeroway_aerodrome
891f5222e93ffff,2,2: building_house
891f5222e97ffff,2,2: building_house
891f5222ec3ffff,8,8: landuse_industrial
891f5222ec7ffff,0,0: landuse_industrial
891f5222ecfffff,8,8: landuse_industrial
891f5222ed3ffff,6,6: building_office
891f5222ed7ffff,6,6: building_office
891f5222edbffff,6,6: building_office
891f5224003ffff,10,10: building_apartments
891f5224007ffff,10,10: building_apartments
891f522400bffff,10,10: building_apartments
891f522400fffff,10,10: building_apartments
891f5224013ffff,10,10: building_apartments
891f5224017ffff,10,10: building_apartments
891f522401bffff,0,0: landuse_industrial
891f5224023ffff,11,11: building_house
891f5224027ffff,0,0: landuse_industrial
891f522402bffff,2,2: building_house
891f522402fffff,2,2: building_house
891f5224033ffff,2,2: building_house
891f5224037ffff,2,2: building_house
891f522403bffff,2,2: building_house
891f522404bffff,7,7: highway_bus_stop
891f5224053ffff,5,5: shop_greengrocer
891f5224057ffff,0,0: landuse_industrial
891f5224073ffff,2,2: building_house
891f5224077ffff,2,2: building_house
891f5224083ffff,11,11: building_house
891f5224087ffff,0,0: landuse_industrial
891f522408bffff,7,7: highway_bus_stop
891f522408fffff,0,0: landuse_industrial
891f5224093ffff,2,2: building_house
891f5224097ffff,2,2: building_house
891f522409bffff,2,2: building_house
891f52240a3ffff,11,11: building_house
891f52240a7ffff,2,2: building_house
891f52240abffff,2,2: building_house
891f52240afffff,2,2: building_house
891f52240b3ffff,0,0: landuse_industrial
891f52240b7ffff,0,0: landuse_industrial
891f52240bbffff,0,0: landuse_industrial
891f52240c3ffff,11,11: building_house
891f52240cbffff,2,2: building_house
891f52240cfffff,0,0: landuse_industrial
891f52240d3ffff,2,2: building_house
891f52240d7ffff,2,2: building_house
891f52240dbffff,2,2: building_house
891f5224103ffff,6,6: building_office
891f5224107ffff,7,7: highway_bus_stop
891f522410bffff,0,0: landuse_industrial
891f522410fffff,6,6: building_office
891f5224113ffff,7,7: highway_bus_stop
891f5224117ffff,7,7: highway_bus_stop
891f522411bffff,2,2: building_house
891f522413bffff,6,6: building_office
891f5224143ffff,6,6: building_office
891f5224147ffff,2,2: building_house
891f522414bffff,2,2: building_house
891f522414fffff,2,2: building_house
891f5224153ffff,2,2: building_house
891f5224157ffff,2,2: building_house
891f522415bffff,2,2: building_house
891f522416bffff,11,11: building_house
891f5224173ffff,2,2: building_house
891f522417bffff,2,2: building_house
891f5224187ffff,8,8: landuse_industrial
891f522418fffff,8,8: landuse_industrial
891f52241c3ffff,0,0: landuse_industrial
891f52241c7ffff,0,0: landuse_industrial
891f52241cbffff,2,2: building_house
891f52241cfffff,2,2: building_house
891f52241d3ffff,0,0: landuse_industrial
891f52241d7ffff,3,3: landuse_industrial
891f52241dbffff,2,2: building_house
891f5224203ffff,0,0: landuse_industrial
891f522420bffff,0,0: landuse_industrial
891f522420fffff,2,2: building_house
891f5224213ffff,3,3: landuse_industrial
891f522421bffff,0,0: landuse_industrial
891f5224223ffff,0,0: landuse_industrial
891f5224227ffff,2,2: building_house
891f522422bffff,0,0: landuse_industrial
891f522422fffff,2,2: building_house
891f5224237ffff,10,10: building_apartments
891f522423bffff,0,0: landuse_industrial
891f5224243ffff,11,11: building_house
891f5224247ffff,0,0: landuse_industrial
891f522424bffff,0,0: landuse_industrial
891f522424fffff,0,0: landuse_industrial
891f5224253ffff,7,7: highway_bus_stop
891f5224257ffff,0,0: landuse_industrial
891f522425bffff,0,0: landuse_industrial
891f5224263ffff,11,11: building_house
891f5224267ffff,0,0: landuse_industrial
891f522426bffff,8,8: landuse_industrial
891f522426fffff,2,2: building_house
891f5224273ffff,0,0: landuse_industrial
891f5224277ffff,2,2: building_house
891f522427bffff,0,0: landuse_industrial
891f5224287ffff,7,7: highway_bus_stop
891f522428bffff,3,3: landuse_industrial
891f522428fffff,8,8: landuse_industrial
891f5224297ffff,7,7: highway_bus_stop
891f522429bffff,3,3: landuse_industrial
891f52242a7ffff,11,11: building_house
891f52242afffff,6,6: building_office
891f52242c3ffff,0,0: landuse_industrial
891f52242c7ffff,3,3: landuse_industrial
891f52242cbffff,1,1: amenity_nightclub
891f52242cfffff,0,0: landuse_industrial
891f52242dbffff,0,0: landuse_industrial
891f5224303ffff,11,11: building_house
891f5224307ffff,2,2: building_house
891f522430bffff,2,2: building_house
891f522430fffff,2,2: building_house
891f5224313ffff,10,10: building_apartments
891f5224317ffff,2,2: building_house
891f522431bffff,2,2: building_house
891f5224323ffff,11,11: building_house
891f5224327ffff,2,2: building_house
891f522432fffff,2,2: building_house
891f5224333ffff,2,2: building_house
891f5224337ffff,2,2: building_house
891f5224343ffff,11,11: building_house
891f522434bffff,0,0: landuse_industrial
891f522434fffff,2,2: building_house
891f5224353ffff,2,2: building_house
891f5224357ffff,2,2: building_house
891f522435bffff,2,2: building_house
891f522436fffff,11,11: building_house
891f5224373ffff,2,2: building_house
891f5224377ffff,0,0: landuse_industrial
891f522437bffff,2,2: building_house
891f5224387ffff,2,2: building_house
891f522438bffff,2,2: building_house
891f522438fffff,2,2: building_house
891f5224393ffff,2,2: building_house
891f5224397ffff,2,2: building_house
891f52243abffff,2,2: building_house
891f52243afffff,2,2: building_house
891f52243b3ffff,2,2: building_house
891f52243b7ffff,0,0: landuse_industrial
891f52243c3ffff,8,8: landuse_industrial
891f52243c7ffff,2,2: building_house
891f52243cbffff,2,2: building_house
891f52243cfffff,2,2: building_house
891f52243d3ffff,1,1: amenity_nightclub
891f52243dbffff,9,9: aeroway_aerodrome
891f5224403ffff,8,8: landuse_industrial
891f5224407ffff,8,8: landuse_industrial
891f522440bffff,3,3: landuse_industrial
891f522440fffff,3,3: landuse_industrial
891f5224417ffff,8,8: landuse_industrial
891f522441bffff,3,3: landuse_industrial
891f5224423ffff,6,6: building_office
891f5224427ffff,6,6: building_office
891f522442bffff,0,0: landuse_industrial
891f522442fffff,0,0: landuse_industrial
891f5224437ffff,3,3: landuse_industrial
891f5224447ffff,0,0: landuse_industrial
891f522444bffff,11,11: building_house
891f522444fffff,0,0: landuse_industrial
891f5224457ffff,0,0: landuse_industrial
891f522445bffff,7,7: highway_bus_stop
891f5224463ffff,0,0: landuse_industrial
891f5224467ffff,2,2: building_house
891f522446bffff,0,0: landuse_industrial
891f522446fffff,2,2: building_house
891f5224473ffff,3,3: landuse_industrial
891f5224477ffff,0,0: landuse_industrial
891f522447bffff,2,2: building_house
891f5224483ffff,6,6: building_office
891f5224487ffff,3,3: landuse_industrial
891f522448fffff,3,3: landuse_industrial
891f5224493ffff,6,6: building_office
891f5224497ffff,6,6: building_office
891f52244a3ffff,3,3: landuse_industrial
891f52244a7ffff,3,3: landuse_industrial
891f52244b3ffff,3,3: landuse_industrial
891f52244b7ffff,8,8: landuse_industrial
891f52244c3ffff,11,11: building_house
891f52244c7ffff,3,3: landuse_industrial
891f52244cbffff,6,6: building_office
891f52244cfffff,3,3: landuse_industrial
891f52244d3ffff,2,2: building_house
891f52244d7ffff,0,0: landuse_industrial
891f52244dbffff,0,0: landuse_industrial
891f5224513ffff,7,7: highway_bus_stop
891f522451bffff,7,7: highway_bus_stop
891f522452bffff,8,8: landuse_industrial
891f5224543ffff,3,3: landuse_industrial
891f522454bffff,0,0: landuse_industrial
891f522454fffff,3,3: landuse_industrial
891f5224553ffff,3,3: landuse_industrial
891f5224557ffff,3,3: landuse_industrial
891f522455bffff,3,3: landuse_industrial
891f5224567ffff,8,8: landuse_industrial
891f522456bffff,0,0: landuse_industrial
891f5224583ffff,9,9: aeroway_aerodrome
891f5224587ffff,1,1: amenity_nightclub
891f522458bffff,9,9: aeroway_aerodrome
891f522458fffff,6,6: building_office
891f5224593ffff,6,6: building_office
891f5224597ffff,6,6: building_office
891f522459bffff,6,6: building_office
891f52245abffff,8,8: landuse_industrial
891f52245b3ffff,6,6: building_office
891f52245bbffff,6,6: building_office
891f52245c3ffff,3,3: landuse_industrial
891f52245cbffff,3,3: landuse_industrial
891f52245cfffff,3,3: landuse_industrial
891f52245d3ffff,6,6: building_office
891f52245d7ffff,3,3: landuse_industrial
891f52245dbffff,3,3: landuse_industrial
891f5224603ffff,6,6: building_office
891f5224607ffff,3,3: landuse_industrial
891f522460bffff,6,6: building_office
891f522460fffff,3,3: landuse_industrial
891f5224613ffff,3,3: landuse_industrial
891f5224617ffff,3,3: landuse_industrial
891f5224623ffff,11,11: building_house
891f5224627ffff,2,2: building_house
891f522462bffff,0,0: landuse_industrial
891f522462fffff,0,0: landuse_industrial
891f5224633ffff,3,3: landuse_industrial
891f522463bffff,0,0: landuse_industrial
891f5224647ffff,6,6: building_office
891f522464fffff,6,6: building_office
891f522465bffff,8,8: landuse_industrial
891f5224663ffff,3,3: landuse_industrial
891f522466bffff,3,3: landuse_industrial
891f522466fffff,3,3: landuse_industrial
891f5224673ffff,3,3: landuse_industrial
891f5224677ffff,0,0: landuse_industrial
891f522467bffff,3,3: landuse_industrial
891f5224687ffff,2,2: building_house
891f522468fffff,0,0: landuse_industrial
891f5224693ffff,7,7: highway_bus_stop
891f5224697ffff,7,7: highway_bus_stop
891f522469bffff,8,8: landuse_industrial
891f52246a3ffff,7,7: highway_bus_stop
891f52246a7ffff,2,2: building_house
891f52246afffff,0,0: landuse_industrial
891f52246b3ffff,0,0: landuse_industrial
891f52246b7ffff,2,2: building_house
891f52246bbffff,0,0: landuse_industrial
891f52246cfffff,8,8: landuse_industrial
891f5224803ffff,10,10: building_apartments
891f5224807ffff,6,6: building_office
891f522480bffff,0,0: landuse_industrial
891f522480fffff,6,6: building_office
891f5224813ffff,5,5: shop_greengrocer
891f5224817ffff,6,6: building_office
891f522481bffff,2,2: building_house
891f522482bffff,9,9: aeroway_aerodrome
891f5224837ffff,11,11: building_house
891f522483bffff,10,10: building_apartments
891f5224843ffff,8,8: landuse_industrial
891f5224847ffff,0,0: landuse_industrial
891f522484fffff,0,0: landuse_industrial
891f5224857ffff,2,2: building_house
891f5224863ffff,6,6: building_office
891f5224867ffff,3,3: landuse_industrial
891f522486bffff,6,6: building_office
891f522486fffff,6,6: building_office
891f5224873ffff,0,0: landuse_industrial
891f5224877ffff,6,6: building_office
891f522487bffff,0,0: landuse_industrial
891f5224883ffff,10,10: building_apartments
891f5224887ffff,10,10: building_apartments
891f522488bffff,3,3: landuse_industrial
891f522488fffff,6,6: building_office
891f5224893ffff,10,10: building_apartments
891f5224897ffff,2,2: building_house
891f522489bffff,0,0: landuse_industrial
891f52248a3ffff,4,4: landuse_cemetery
891f52248a7ffff,8,8: landuse_industrial
891f52248abffff,6,6: building_office
891f52248afffff,6,6: building_office
891f52248b3ffff,10,10: building_apartments
891f52248b7ffff,10,10: building_apartments
891f52248bbffff,6,6: building_office
891f52248c7ffff,0,0: landuse_industrial
891f5224903ffff,10,10: building_apartments
891f5224907ffff,10,10: building_apartments
891f522490bffff,2,2: building_house
891f522490fffff,9,9: aeroway_aerodrome
891f5224913ffff,9,9: aeroway_aerodrome
891f5224917ffff,5,5: shop_greengrocer
891f5224923ffff,5,5: shop_greengrocer
891f5224927ffff,5,5: shop_greengrocer
891f522492bffff,5,5: shop_greengrocer
891f522492fffff,5,5: shop_greengrocer
891f5224933ffff,10,10: building_apartments
891f5224937ffff,5,5: shop_greengrocer
891f522493bffff,5,5: shop_greengrocer
891f5224963ffff,10,10: building_apartments
891f5224967ffff,5,5: shop_greengrocer
891f5224973ffff,10,10: building_apartments
891f5224977ffff,10,10: building_apartments
891f5224983ffff,9,9: aeroway_aerodrome
891f5224987ffff,5,5: shop_greengrocer
891f522498bffff,9,9: aeroway_aerodrome
891f522498fffff,5,5: shop_greengrocer
891f5224993ffff,5,5: shop_greengrocer
891f5224997ffff,5,5: shop_greengrocer
891f522499bffff,5,5: shop_greengrocer
891f52249a3ffff,5,5: shop_greengrocer
891f52249a7ffff,5,5: shop_greengrocer
891f52249abffff,5,5: shop_greengrocer
891f52249afffff,5,5: shop_greengrocer
891f52249b3ffff,5,5: shop_greengrocer
891f52249b7ffff,5,5: shop_greengrocer
891f52249bbffff,5,5: shop_greengrocer
891f52249c7ffff,5,5: shop_greengrocer
891f52249d3ffff,8,8: landuse_industrial
891f52249d7ffff,9,9: aeroway_aerodrome
891f52249dbffff,6,6: building_office
891f5224a07ffff,11,11: building_house
891f5224a0fffff,2,2: building_house
891f5224a17ffff,4,4: landuse_cemetery
891f5224a23ffff,11,11: building_house
891f5224a27ffff,6,6: building_office
891f5224a2bffff,2,2: building_house
891f5224a2fffff,3,3: landuse_industrial
891f5224a33ffff,0,0: landuse_industrial
891f5224a37ffff,8,8: landuse_industrial
891f5224a43ffff,3,3: landuse_industrial
891f5224a47ffff,8,8: landuse_industrial
891f5224a4bffff,3,3: landuse_industrial
891f5224a4fffff,3,3: landuse_industrial
891f5224a53ffff,8,8: landuse_industrial
891f5224a57ffff,8,8: landuse_industrial
891f5224a5bffff,8,8: landuse_industrial
891f5224a63ffff,7,7: highway_bus_stop
891f5224a67ffff,7,7: highway_bus_stop
891f5224a6bffff,3,3: landuse_industrial
891f5224a6fffff,8,8: landuse_industrial
891f5224a77ffff,2,2: building_house
891f5224a7bffff,3,3: landuse_industrial
891f5224a83ffff,3,3: landuse_industrial
891f5224a87ffff,3,3: landuse_industrial
891f5224a8fffff,4,4: landuse_cemetery
891f5224a97ffff,3,3: landuse_industrial
891f5224a9bffff,8,8: landuse_industrial
891f5224aa3ffff,3,3: landuse_industrial
891f5224aa7ffff,3,3: landuse_industrial
891f5224aafffff,0,0: landuse_industrial
891f5224ab7ffff,3,3: landuse_industrial
891f5224abbffff,8,8: landuse_industrial
891f5224ac3ffff,8,8: landuse_industrial
891f5224acbffff,8,8: landuse_industrial
891f5224ad3ffff,7,7: highway_bus_stop
891f5224adbffff,8,8: landuse_industrial
891f5224b2bffff,4,4: landuse_cemetery
891f5224b2fffff,11,11: building_house
891f5224b43ffff,0,0: landuse_industrial
891f5224b47ffff,0,0: landuse_industrial
891f5224b4bffff,6,6: building_office
891f5224b4fffff,0,0: landuse_industrial
891f5224b53ffff,0,0: landuse_industrial
891f5224b57ffff,0,0: landuse_industrial
891f5224b5bffff,3,3: landuse_industrial
891f5224b63ffff,4,4: landuse_cemetery
891f5224b67ffff,8,8: landuse_industrial
891f5224b6bffff,11,11: building_house
891f5224b6fffff,2,2: building_house
891f5224b93ffff,6,6: building_office
891f5224b9bffff,6,6: building_office
891f5224bc3ffff,4,4: landuse_cemetery
891f5224bc7ffff,11,11: building_house
891f5224bcbffff,3,3: landuse_industrial
891f5224bcfffff,3,3: landuse_industrial
891f5224bd3ffff,3,3: landuse_industrial
891f5224bd7ffff,3,3: landuse_industrial
891f5224bdbffff,0,0: landuse_industrial
891f5224c03ffff,3,3: landuse_industrial
891f5224c07ffff,6,6: building_office
891f5224c0bffff,3,3: landuse_industrial
891f5224c0fffff,6,6: building_office
891f5224c13ffff,6,6: building_office
891f5224c17ffff,6,6: building_office
891f5224c1bffff,3,3: landuse_industrial
891f5224c23ffff,11,11: building_house
891f5224c27ffff,0,0: landuse_industrial
891f5224c2fffff,10,10: building_apartments
891f5224c33ffff,6,6: building_office
891f5224c37ffff,3,3: landuse_industrial
891f5224c3bffff,5,5: shop_greengrocer
891f5224c47ffff,3,3: landuse_industrial
891f5224c57ffff,8,8: landuse_industrial
891f5224c63ffff,11,11: building_house
891f5224c67ffff,2,2: building_house
891f5224c6fffff,2,2: building_house
891f5224c73ffff,8,8: landuse_industrial
891f5224c83ffff,5,5: shop_greengrocer
891f5224c87ffff,6,6: building_office
891f5224c8bffff,6,6: building_office
891f5224c8fffff,6,6: building_office
891f5224c93ffff,5,5: shop_greengrocer
891f5224c97ffff,5,5: shop_greengrocer
891f5224c9bffff,3,3: landuse_industrial
891f5224ca3ffff,9,9: aeroway_aerodrome
891f5224cabffff,6,6: building_office
891f5224cafffff,10,10: building_apartments
891f5224cb3ffff,6,6: building_office
891f5224cb7ffff,1,1: amenity_nightclub
891f5224cbbffff,6,6: building_office
891f5224cc7ffff,3,3: landuse_industrial
891f5224cd3ffff,8,8: landuse_industrial
891f5224cd7ffff,7,7: highway_bus_stop
891f5224d03ffff,5,5: shop_greengrocer
891f5224d07ffff,5,5: shop_greengrocer
891f5224d0bffff,10,10: building_apartments
891f5224d0fffff,5,5: shop_greengrocer
891f5224d13ffff,5,5: shop_greengrocer
891f5224d17ffff,5,5: shop_greengrocer
891f5224d1bffff,10,10: building_apartments
891f5224d23ffff,9,9: aeroway_aerodrome
891f5224d27ffff,5,5: shop_greengrocer
891f5224d2bffff,5,5: shop_greengrocer
891f5224d2fffff,5,5: shop_greengrocer
891f5224d33ffff,5,5: shop_greengrocer
891f5224d37ffff,5,5: shop_greengrocer
891f5224d3bffff,5,5: shop_greengrocer
891f5224d43ffff,10,10: building_apartments
891f5224d47ffff,10,10: building_apartments
891f5224d4bffff,0,0: landuse_industrial
891f5224d4fffff,10,10: building_apartments
891f5224d53ffff,0,0: landuse_industrial
891f5224d57ffff,10,10: building_apartments
891f5224d5bffff,10,10: building_apartments
891f5224d63ffff,9,9: aeroway_aerodrome
891f5224d67ffff,5,5: shop_greengrocer
891f5224d6bffff,10,10: building_apartments
891f5224d6fffff,5,5: shop_greengrocer
891f5224d73ffff,10,10: building_apartments
891f5224d77ffff,5,5: shop_greengrocer
891f5224d7bffff,9,9: aeroway_aerodrome
891f5224d83ffff,5,5: shop_greengrocer
891f5224d87ffff,9,9: aeroway_aerodrome
891f5224d8bffff,5,5: shop_greengrocer
891f5224d8fffff,5,5: shop_greengrocer
891f5224d93ffff,5,5: shop_greengrocer
891f5224d97ffff,5,5: shop_greengrocer
891f5224d9bffff,5,5: shop_greengrocer
891f5224da3ffff,5,5: shop_greengrocer
891f5224da7ffff,9,9: aeroway_aerodrome
891f5224dabffff,5,5: shop_greengrocer
891f5224dafffff,5,5: shop_greengrocer
891f5224db3ffff,9,9: aeroway_aerodrome
891f5224dbbffff,5,5: shop_greengrocer
891f5224dc3ffff,9,9: aeroway_aerodrome
891f5224dc7ffff,5,5: shop_greengrocer
891f5224dcbffff,3,3: landuse_industrial
891f5224dcfffff,10,10: building_apartments
891f5224dd3ffff,5,5: shop_greengrocer
891f5224dd7ffff,5,5: shop_greengrocer
891f5224ddbffff,9,9: aeroway_aerodrome
891f5224e03ffff,8,8: landuse_industrial
891f5224e0bffff,3,3: landuse_industrial
891f5224e0fffff,8,8: landuse_industrial
891f5224e1bffff,3,3: landuse_industrial
891f5224e2bffff,7,7: highway_bus_stop
891f5224e37ffff,8,8: landuse_industrial
891f5224e3bffff,8,8: landuse_industrial
891f5224e43ffff,11,11: building_house
891f5224e47ffff,0,0: landuse_industrial
891f5224e4bffff,2,2: building_house
891f5224e4fffff,2,2: building_house
891f5224e53ffff,2,2: building_house
891f5224e57ffff,7,7: highway_bus_stop
891f5224e5bffff,0,0: landuse_industrial
891f5224e63ffff,11,11: building_house
891f5224e6bffff,0,0: landuse_industrial
891f5224e6fffff,3,3: landuse_industrial
891f5224e73ffff,0,0: landuse_industrial
891f5224e77ffff,8,8: landuse_industrial
891f5224e7bffff,0,0: landuse_industrial
891f5224e83ffff,11,11: building_house
891f5224e87ffff,8,8: landuse_industrial
891f5224e8fffff,8,8: landuse_industrial
891f5224e9bffff,8,8: landuse_industrial
891f5224ea7ffff,8,8: landuse_industrial
891f5224eafffff,8,8: landuse_industrial
891f5224eb3ffff,8,8: landuse_industrial
891f5224eb7ffff,8,8: landuse_industrial
891f5224ec3ffff,8,8: landuse_industrial
891f5224ec7ffff,3,3: landuse_industrial
891f5224ecbffff,2,2: building_house
891f5224ed7ffff,8,8: landuse_industrial
891f5224edbffff,2,2: building_house
891f5225003ffff,11,11: building_house
891f5225007ffff,2,2: building_house
891f522500fffff,2,2: building_house
891f5225013ffff,2,2: building_house
891f5225017ffff,2,2: building_house
891f522501bffff,2,2: building_house
891f5225023ffff,0,0: landuse_industrial
891f5225027ffff,0,0: landuse_industrial
891f522502bffff,2,2: building_house
891f5225033ffff,2,2: building_house
891f5225037ffff,0,0: landuse_industrial
891f522503bffff,2,2: building_house
891f5225053ffff,11,11: building_house
891f5225057ffff,2,2: building_house
891f522505bffff,2,2: building_house
891f5225067ffff,0,0: landuse_industrial
891f5225073ffff,2,2: building_house
891f5225077ffff,2,2: building_house
891f5225087ffff,0,0: landuse_industrial
891f522508bffff,2,2: building_house
891f522508fffff,2,2: building_house
891f52250a3ffff,11,11: building_house
891f52250a7ffff,2,2: building_house
891f52250abffff,0,0: landuse_industrial
891f52250afffff,2,2: building_house
891f52250b3ffff,0,0: landuse_industrial
891f52250b7ffff,2,2: building_house
891f52250bbffff,2,2: building_house
891f52250c7ffff,2,2: building_house
891f52250cbffff,2,2: building_house
891f52250cfffff,2,2: building_house
891f5225107ffff,8,8: landuse_industrial
891f522510bffff,8,8: landuse_industrial
891f522510fffff,0,0: landuse_industrial
891f5225117ffff,3,3: landuse_industrial
891f522511bffff,8,8: landuse_industrial
891f522512bffff,0,0: landuse_industrial
891f522512fffff,0,0: landuse_industrial
891f5225133ffff,0,0: landuse_industrial
891f5225137ffff,0,0: landuse_industrial
891f522513bffff,0,0: landuse_industrial
891f5225143ffff,11,11: building_house
891f5225147ffff,0,0: landuse_industrial
891f522514fffff,2,2: building_house
891f5225153ffff,8,8: landuse_industrial
891f522515bffff,0,0: landuse_industrial
891f5225163ffff,0,0: landuse_industrial
891f5225167ffff,2,2: building_house
891f522516bffff,0,0: landuse_industrial
891f522516fffff,0,0: landuse_industrial
891f5225173ffff,8,8: landuse_industrial
891f5225177ffff,0,0: landuse_industrial
891f522517bffff,0,0: landuse_industrial
891f5225183ffff,0,0: landuse_industrial
891f5225187ffff,0,0: landuse_industrial
891f522518bffff,0,0: landuse_industrial
891f522518fffff,0,0: landuse_industrial
891f5225193ffff,0,0: landuse_industrial
891f5225197ffff,0,0: landuse_industrial
891f522519bffff,0,0: landuse_industrial
891f52251a3ffff,3,3: landuse_industrial
891f52251a7ffff,0,0: landuse_industrial
891f52251abffff,0,0: landuse_industrial
891f52251afffff,0,0: landuse_industrial
891f52251b3ffff,0,0: landuse_industrial
891f52251b7ffff,0,0: landuse_industrial
891f52251bbffff,3,3: landuse_industrial
891f52251c3ffff,3,3: landuse_industrial
891f52251c7ffff,8,8: landuse_industrial
891f52251cbffff,0,0: landuse_industrial
891f52251d3ffff,2,2: building_house
891f52251d7ffff,3,3: landuse_industrial
891f522521bffff,7,7: highway_bus_stop
891f522523bffff,1,1: amenity_nightclub
891f5225243ffff,1,1: amenity_nightclub
891f5225247ffff,4,4: landuse_cemetery
891f522524bffff,0,0: landuse_industrial
891f522524fffff,0,0: landuse_industrial
891f5225253ffff,8,8: landuse_industrial
891f5225263ffff,7,7: highway_bus_stop
891f522527bffff,2,2: building_house
891f5225287ffff,4,4: landuse_cemetery
891f5225297ffff,7,7: highway_bus_stop
891f522529bffff,8,8: landuse_industrial
891f52252b3ffff,8,8: landuse_industrial
891f52252cbffff,0,0: landuse_industrial
891f52252cfffff,3,3: landuse_industrial
891f52252d3ffff,11,11: building_house
891f52252d7ffff,8,8: landuse_industrial
891f52252dbffff,2,2: building_house
891f5225327ffff,1,1: amenity_nightclub
891f5225333ffff,6,6: building_office
891f5225337ffff,6,6: building_office
891f5225367ffff,3,3: landuse_industrial
891f522536fffff,3,3: landuse_industrial
891f5225393ffff,0,0: landuse_industrial
891f52253a3ffff,11,11: building_house
891f52253a7ffff,0,0: landuse_industrial
891f52253afffff,0,0: landuse_industrial
891f52253b7ffff,2,2: building_house
891f5225407ffff,11,11: building_house
891f522540bffff,11,11: building_house
891f5225417ffff,2,2: building_house
891f522541bffff,2,2: building_house
891f5225437ffff,7,7: highway_bus_stop
891f522543bffff,2,2: building_house
891f5225447ffff,2,2: building_house
891f522544bffff,6,6: building_office
891f5225453ffff,7,7: highway_bus_stop
891f5225457ffff,2,2: building_house
891f5225483ffff,8,8: landuse_industrial
891f5225487ffff,7,7: highway_bus_stop
891f522548bffff,8,8: landuse_industrial
891f522548fffff,0,0: landuse_industrial
891f5225493ffff,11,11: building_house
891f522549bffff,8,8: landuse_industrial
891f52254a3ffff,7,7: highway_bus_stop
891f52254abffff,2,2: building_house
891f52254afffff,2,2: building_house
891f52254b3ffff,6,6: building_office
891f52254b7ffff,6,6: building_office
891f52254c3ffff,6,6: building_office
891f52254c7ffff,0,0: landuse_industrial
891f52254cbffff,8,8: landuse_industrial
891f52254cfffff,0,0: landuse_industrial
891f52254d3ffff,6,6: building_office
891f52254d7ffff,0,0: landuse_industrial
891f52254dbffff,3,3: landuse_industrial
891f5225503ffff,6,6: building_office
891f5225507ffff,3,3: landuse_industrial
891f5225517ffff,8,8: landuse_industrial
891f522551bffff,6,6: building_office
891f5225523ffff,8,8: landuse_industrial
891f5225527ffff,4,4: landuse_cemetery
891f522552bffff,0,0: landuse_industrial
891f522552fffff,3,3: landuse_industrial
891f5225537ffff,0,0: landuse_industrial
891f5225543ffff,3,3: landuse_industrial
891f522554bffff,0,0: landuse_industrial
891f5225553ffff,0,0: landuse_industrial
891f5225563ffff,7,7: highway_bus_stop
891f5225567ffff,0,0: landuse_industrial
891f522556bffff,2,2: building_house
891f522556fffff,3,3: landuse_industrial
891f522557bffff,8,8: landuse_industrial
891f5225583ffff,8,8: landuse_industrial
891f5225587ffff,3,3: landuse_industrial
891f522558bffff,7,7: highway_bus_stop
891f522558fffff,3,3: landuse_industrial
891f5225593ffff,8,8: landuse_industrial
891f5225597ffff,3,3: landuse_industrial
891f522559bffff,3,3: landuse_industrial
891f52255a3ffff,8,8: landuse_industrial
891f52255a7ffff,0,0: landuse_industrial
891f52255afffff,0,0: landuse_industrial
891f52255b3ffff,3,3: landuse_industrial
891f52255b7ffff,3,3: landuse_industrial
891f52255bbffff,3,3: landuse_industrial
891f52255cbffff,4,4: landuse_cemetery
891f52255d7ffff,8,8: landuse_industrial
891f5225603ffff,11,11: building_house
891f522560bffff,2,2: building_house
891f522560fffff,2,2: building_house
891f5225613ffff,2,2: building_house
891f522561bffff,2,2: building_house
891f5225627ffff,2,2: building_house
891f522562fffff,2,2: building_house
891f5225647ffff,2,2: building_house
891f522564bffff,11,11: building_house
891f522564fffff,2,2: building_house
891f5225657ffff,2,2: building_house
891f522565bffff,2,2: building_house
891f5225663ffff,11,11: building_house
891f522566bffff,2,2: building_house
891f5225673ffff,2,2: building_house
891f522567bffff,2,2: building_house
891f522569bffff,2,2: building_house
891f52256c3ffff,11,11: building_house
891f52256c7ffff,2,2: building_house
891f52256cbffff,2,2: building_house
891f52256cfffff,2,2: building_house
891f52256d3ffff,2,2: building_house
891f52256d7ffff,2,2: building_house
891f52256dbffff,2,2: building_house
891f522580bffff,11,11: building_house
891f5225827ffff,7,7: highway_bus_stop
891f522582bffff,11,11: building_house
891f522582fffff,0,0: landuse_industrial
891f5225843ffff,8,8: landuse_industrial
891f5225847ffff,0,0: landuse_industrial
891f522584fffff,8,8: landuse_industrial
891f5225853ffff,9,9: aeroway_aerodrome
891f522585bffff,9,9: aeroway_aerodrome
891f5225863ffff,11,11: building_house
891f5225867ffff,8,8: landuse_industrial
891f522586bffff,2,2: building_house
891f522587bffff,8,8: landuse_industrial
891f5225893ffff,8,8: landuse_industrial
891f522589bffff,8,8: landuse_industrial
891f52258c3ffff,8,8: landuse_industrial
891f52258c7ffff,10,10: building_apartments
891f52258cbffff,8,8: landuse_industrial
891f52258cfffff,0,0: landuse_industrial
891f52258d7ffff,8,8: landuse_industrial
891f5225903ffff,11,11: building_house
891f5225907ffff,0,0: landuse_industrial
891f522590bffff,2,2: building_house
891f522590fffff,2,2: building_house
891f5225913ffff,0,0: landuse_industrial
891f5225917ffff,2,2: building_house
891f5225923ffff,11,11: building_house
891f5225927ffff,2,2: building_house
891f522592bffff,0,0: landuse_industrial
891f522592fffff,0,0: landuse_industrial
891f5225933ffff,2,2: building_house
891f5225937ffff,2,2: building_house
891f522593bffff,8,8: landuse_industrial
891f5225947ffff,2,2: building_house
891f522594fffff,7,7: highway_bus_stop
891f522595bffff,7,7: highway_bus_stop
891f5225963ffff,10,10: building_apartments
891f5225967ffff,10,10: building_apartments
891f522596bffff,0,0: landuse_industrial
891f5225973ffff,10,10: building_apartments
891f5225977ffff,10,10: building_apartments
891f522597bffff,0,0: landuse_industrial
891f5225983ffff,8,8: landuse_industrial
891f5225987ffff,8,8: landuse_industrial
891f522598bffff,0,0: landuse_industrial
891f522598fffff,8,8: landuse_industrial
891f5225993ffff,9,9: aeroway_aerodrome
891f522599bffff,8,8: landuse_industrial
891f52259a3ffff,9,9: aeroway_aerodrome
891f52259afffff,0,0: landuse_industrial
891f52259b7ffff,3,3: landuse_industrial
891f52259bbffff,0,0: landuse_industrial
891f52259c3ffff,11,11: building_house
891f52259d3ffff,2,2: building_house
891f5225a23ffff,8,8: landuse_industrial
891f5225a37ffff,8,8: landuse_industrial
891f5225a73ffff,9,9: aeroway_aerodrome
891f5225a83ffff,8,8: landuse_industrial
891f5225a87ffff,8,8: landuse_industrial
891f5225a93ffff,0,0: landuse_industrial
891f5225a97ffff,2,2: building_house
891f5225aa7ffff,2,2: building_house
891f5225aafffff,0,0: landuse_industrial
891f5225ab3ffff,0,0: landuse_industrial
891f5225ab7ffff,3,3: landuse_industrial
891f5225acbffff,11,11: building_house
891f5225b03ffff,3,3: landuse_industrial
891f5225b07ffff,3,3: landuse_industrial
891f5225b13ffff,3,3: landuse_industrial
891f5225b23ffff,8,8: landuse_industrial
891f5225b27ffff,3,3: landuse_industrial
891f5225b33ffff,3,3: landuse_industrial
891f5225b37ffff,8,8: landuse_industrial
891f5225b3bffff,3,3: landuse_industrial
891f5225b43ffff,4,4: landuse_cemetery
891f5225b53ffff,11,11: building_house
891f5225b57ffff,2,2: building_house
891f5225b67ffff,8,8: landuse_industrial
891f5225b6bffff,8,8: landuse_industrial
891f5225b6fffff,0,0: landuse_industrial
891f5225b87ffff,8,8: landuse_industrial
891f5225b8bffff,0,0: landuse_industrial
891f5225b8fffff,8,8: landuse_industrial
891f5225b9bffff,0,0: landuse_industrial
891f5225bafffff,3,3: landuse_industrial
891f5225bb3ffff,8,8: landuse_industrial
891f5225bb7ffff,7,7: highway_bus_stop
891f5225bc3ffff,7,7: highway_bus_stop
891f5225bc7ffff,3,3: landuse_industrial
891f5225bcbffff,2,2: building_house
891f5225bd3ffff,0,0: landuse_industrial
891f5225bd7ffff,10,10: building_apartments
891f5225c03ffff,11,11: building_house
891f5225c07ffff,2,2: building_house
891f5225c0bffff,0,0: landuse_industrial
891f5225c0fffff,7,7: highway_bus_stop
891f5225c13ffff,2,2: building_house
891f5225c17ffff,0,0: landuse_industrial
891f5225c1bffff,2,2: building_house
891f5225c23ffff,11,11: building_house
891f5225c27ffff,8,8: landuse_industrial
891f5225c2bffff,8,8: landuse_industrial
891f5225c33ffff,2,2: building_house
891f5225c37ffff,8,8: landuse_industrial
891f5225c3bffff,0,0: landuse_industrial
891f5225c57ffff,8,8: landuse_industrial
891f5225c67ffff,3,3: landuse_industrial
891f5225c73ffff,2,2: building_house
891f5225c77ffff,8,8: landuse_industrial
891f5225c87ffff,2,2: building_house
891f5225c8bffff,2,2: building_house
891f5225c97ffff,2,2: building_house
891f5225c9bffff,2,2: building_house
891f5225ca3ffff,0,0: landuse_industrial
891f5225cabffff,0,0: landuse_industrial
891f5225cafffff,3,3: landuse_industrial
891f5225cb3ffff,0,0: landuse_industrial
891f5225cbbffff,0,0: landuse_industrial
891f5225cc3ffff,11,11: building_house
891f5225cc7ffff,2,2: building_house
891f5225ccbffff,2,2: building_house
891f5225cd3ffff,2,2: building_house
891f5225cd7ffff,2,2: building_house
891f5225cdbffff,2,2: building_house
891f5225d13ffff,11,11: building_house
891f5225d17ffff,8,8: landuse_industrial
891f5225d1bffff,2,2: building_house
891f5225d23ffff,9,9: aeroway_aerodrome
891f5225d27ffff,0,0: landuse_industrial
891f5225d2bffff,10,10: building_apartments
891f5225d2fffff,10,10: building_apartments
891f5225d37ffff,0,0: landuse_industrial
891f5225d3bffff,0,0: landuse_industrial
891f5225d43ffff,11,11: building_house
891f5225d47ffff,2,2: building_house
891f5225d57ffff,2,2: building_house
891f5225d63ffff,11,11: building_house
891f5225d67ffff,10,10: building_apartments
891f5225d77ffff,10,10: building_apartments
891f5225d83ffff,11,11: building_house
891f5225d87ffff,7,7: highway_bus_stop
891f5225d8bffff,2,2: building_house
891f5225d8fffff,2,2: building_house
891f5225d93ffff,2,2: building_house
891f5225d97ffff,2,2: building_house
891f5225d9bffff,2,2: building_house
891f5225da3ffff,7,7: highway_bus_stop
891f5225da7ffff,0,0: landuse_industrial
891f5225dabffff,8,8: landuse_industrial
891f5225dafffff,0,0: landuse_industrial
891f5225db3ffff,2,2: building_house
891f5225db7ffff,2,2: building_house
891f5225dbbffff,2,2: building_house
891f5225dc3ffff,0,0: landuse_industrial
891f5225dcbffff,7,7: highway_bus_stop
891f5225dcfffff,0,0: landuse_industrial
891f5225dd3ffff,2,2: building_house
891f5225dd7ffff,0,0: landuse_industrial
891f5225ddbffff,2,2: building_house
891f5225e03ffff,11,11: building_house
891f5225e0bffff,7,7: highway_bus_stop
891f5225e0fffff,7,7: highway_bus_stop
891f5225e1bffff,7,7: highway_bus_stop
891f5225e23ffff,11,11: building_house
891f5225e27ffff,8,8: landuse_industrial
891f5225e2fffff,8,8: landuse_industrial
891f5225e33ffff,2,2: building_house
891f5225e3bffff,7,7: highway_bus_stop
891f5225e43ffff,11,11: building_house
891f5225e4bffff,2,2: building_house
891f5225e5bffff,2,2: building_house
891f5225e67ffff,4,4: landuse_cemetery
891f5225e6bffff,6,6: building_office
891f5225e73ffff,4,4: landuse_cemetery
891f5225e77ffff,7,7: highway_bus_stop
891f5225e7bffff,11,11: building_house
891f5225e83ffff,11,11: building_house
891f5225e87ffff,8,8: landuse_industrial
891f5225e8bffff,2,2: building_house
891f5225e8fffff,2,2: building_house
891f5225e93ffff,2,2: building_house
891f5225e9bffff,2,2: building_house
891f5225eabffff,2,2: building_house
891f5225ec3ffff,4,4: landuse_cemetery
891f5225ec7ffff,2,2: building_house
891f5225ecfffff,2,2: building_house
891f5225ed3ffff,0,0: landuse_industrial
891f5225ed7ffff,2,2: building_house
891f5225edbffff,0,0: landuse_industrial
891f5226003ffff,9,9: aeroway_aerodrome
891f5226007ffff,5,5: shop_greengrocer
891f522600bffff,1,1: amenity_nightclub
891f522600fffff,10,10: building_apartments
891f5226013ffff,9,9: aeroway_aerodrome
891f5226017ffff,9,9: aeroway_aerodrome
891f522601bffff,9,9: aeroway_aerodrome
891f5226023ffff,10,10: building_apartments
891f5226027ffff,5,5: shop_greengrocer
891f522602bffff,10,10: building_apartments
891f522602fffff,10,10: building_apartments
891f5226033ffff,5,5: shop_greengrocer
891f5226037ffff,5,5: shop_greengrocer
891f522603bffff,10,10: building_apartments
891f5226043ffff,8,8: landuse_industrial
891f5226047ffff,5,5: shop_greengrocer
891f522604bffff,3,3: landuse_industrial
891f522604fffff,5,5: shop_greengrocer
891f5226053ffff,7,7: highway_bus_stop
891f5226057ffff,10,10: building_apartments
891f522605bffff,1,1: amenity_nightclub
891f5226063ffff,10,10: building_apartments
891f5226067ffff,10,10: building_apartments
891f522606bffff,5,5: shop_greengrocer
891f522606fffff,5,5: shop_greengrocer
891f5226073ffff,10,10: building_apartments
891f5226077ffff,10,10: building_apartments
891f522607bffff,5,5: shop_greengrocer
891f5226083ffff,10,10: building_apartments
891f5226087ffff,10,10: building_apartments
891f522608bffff,9,9: aeroway_aerodrome
891f522608fffff,10,10: building_apartments
891f5226093ffff,0,0: landuse_industrial
891f5226097ffff,3,3: landuse_industrial
891f522609bffff,9,9: aeroway_aerodrome
891f52260a3ffff,9,9: aeroway_aerodrome
891f52260a7ffff,5,5: shop_greengrocer
891f52260abffff,9,9: aeroway_aerodrome
891f52260afffff,9,9: aeroway_aerodrome
891f52260b3ffff,0,0: landuse_industrial
891f52260b7ffff,3,3: landuse_industrial
891f52260bbffff,10,10: building_apartments
891f52260c3ffff,9,9: aeroway_aerodrome
891f52260c7ffff,9,9: aeroway_aerodrome
891f52260cbffff,5,5: shop_greengrocer
891f52260cfffff,6,6: building_office
891f52260d3ffff,8,8: landuse_industrial
891f52260d7ffff,9,9: aeroway_aerodrome
891f52260dbffff,5,5: shop_greengrocer
891f5226103ffff,0,0: landuse_industrial
891f5226107ffff,10,10: building_apartments
891f522610bffff,5,5: shop_greengrocer
891f522610fffff,10,10: building_apartments
891f5226113ffff,3,3: landuse_industrial
891f5226117ffff,3,3: landuse_industrial
891f522611bffff,6,6: building_office
891f5226123ffff,9,9: aeroway_aerodrome
891f5226127ffff,6,6: building_office
891f522612bffff,9,9: aeroway_aerodrome
891f522612fffff,6,6: building_office
891f5226133ffff,9,9: aeroway_aerodrome
891f5226137ffff,5,5: shop_greengrocer
891f522613bffff,5,5: shop_greengrocer
891f5226143ffff,6,6: building_office
891f5226147ffff,6,6: building_office
891f522614bffff,6,6: building_office
891f522614fffff,6,6: building_office
891f5226153ffff,6,6: building_office
891f5226157ffff,6,6: building_office
891f522615bffff,6,6: building_office
891f5226163ffff,3,3: landuse_industrial
891f5226167ffff,5,5: shop_greengrocer
891f522616bffff,3,3: landuse_industrial
891f522616fffff,5,5: shop_greengrocer
891f5226173ffff,6,6: building_office
891f5226177ffff,5,5: shop_greengrocer
891f522617bffff,3,3: landuse_industrial
891f5226183ffff,6,6: building_office
891f5226187ffff,6,6: building_office
891f522618fffff,6,6: building_office
891f5226193ffff,6,6: building_office
891f5226197ffff,6,6: building_office
891f52261a3ffff,10,10: building_apartments
891f52261a7ffff,10,10: building_apartments
891f52261abffff,9,9: aeroway_aerodrome
891f52261afffff,10,10: building_apartments
891f52261b3ffff,1,1: amenity_nightclub
891f52261b7ffff,1,1: amenity_nightclub
891f52261bbffff,6,6: building_office
891f52261c3ffff,9,9: aeroway_aerodrome
891f52261c7ffff,5,5: shop_greengrocer
891f52261cbffff,6,6: building_office
891f52261cfffff,6,6: building_office
891f52261d3ffff,5,5: shop_greengrocer
891f52261d7ffff,6,6: building_office
891f52261dbffff,5,5: shop_greengrocer
891f5226203ffff,10,10: building_apartments
891f5226207ffff,5,5: shop_greengrocer
891f522620bffff,10,10: building_apartments
891f522620fffff,5,5: shop_greengrocer
891f5226213ffff,5,5: shop_greengrocer
891f5226217ffff,5,5: shop_greengrocer
891f522621bffff,7,7: highway_bus_stop
891f5226223ffff,6,6: building_office
891f5226227ffff,3,3: landuse_industrial
891f522622bffff,3,3: landuse_industrial
891f522622fffff,6,6: building_office
891f5226233ffff,5,5: shop_greengrocer
891f5226237ffff,5,5: shop_greengrocer
891f522623bffff,5,5: shop_greengrocer
891f5226243ffff,0,0: landuse_industrial
891f5226247ffff,0,0: landuse_industrial
891f522624bffff,3,3: landuse_industrial
891f522624fffff,3,3: landuse_industrial
891f5226253ffff,10,10: building_apartments
891f5226257ffff,0,0: landuse_industrial
891f522625bffff,8,8: landuse_industrial
891f5226263ffff,3,3: landuse_industrial
891f5226267ffff,3,3: landuse_industrial
891f522626bffff,0,0: landuse_industrial
891f5226273ffff,3,3: landuse_industrial
891f5226277ffff,3,3: landuse_industrial
891f522627bffff,3,3: landuse_industrial
891f5226283ffff,9,9: aeroway_aerodrome
891f5226287ffff,5,5: shop_greengrocer
891f522628bffff,9,9: aeroway_aerodrome
891f522628fffff,5,5: shop_greengrocer
891f5226293ffff,6,6: building_office
891f5226297ffff,5,5: shop_greengrocer
891f522629bffff,5,5: shop_greengrocer
891f52262a3ffff,9,9: aeroway_aerodrome
891f52262a7ffff,5,5: shop_greengrocer
891f52262abffff,5,5: shop_greengrocer
891f52262afffff,5,5: shop_greengrocer
891f52262b3ffff,5,5: shop_greengrocer
891f52262b7ffff,5,5: shop_greengrocer
891f52262bbffff,5,5: shop_greengrocer
891f52262c3ffff,6,6: building_office
891f52262c7ffff,10,10: building_apartments
891f52262cbffff,0,0: landuse_industrial
891f52262d3ffff,0,0: landuse_industrial
891f52262d7ffff,9,9: aeroway_aerodrome
891f52262dbffff,0,0: landuse_industrial
891f5226303ffff,6,6: building_office
891f5226307ffff,6,6: building_office
891f522630bffff,6,6: building_office
891f522630fffff,6,6: building_office
891f5226313ffff,6,6: building_office
891f5226323ffff,6,6: building_office
891f522632fffff,6,6: building_office
891f5226337ffff,6,6: building_office
891f522633bffff,3,3: landuse_industrial
891f5226343ffff,8,8: landuse_industrial
891f5226347ffff,3,3: landuse_industrial
891f522634bffff,3,3: landuse_industrial
891f522634fffff,8,8: landuse_industrial
891f5226353ffff,8,8: landuse_industrial
891f5226357ffff,8,8: landuse_industrial
891f522635bffff,3,3: landuse_industrial
891f5226363ffff,3,3: landuse_industrial
891f5226367ffff,6,6: building_office
891f522636bffff,3,3: landuse_industrial
891f522636fffff,6,6: building_office
891f5226373ffff,3,3: landuse_industrial
891f5226377ffff,3,3: landuse_industrial
891f522637bffff,3,3: landuse_industrial
891f5226383ffff,6,6: building_office
891f5226387ffff,6,6: building_office
891f522638bffff,6,6: building_office
891f522638fffff,6,6: building_office
891f5226393ffff,10,10: building_apartments
891f5226397ffff,6,6: building_office
891f522639bffff,6,6: building_office
891f52263a3ffff,5,5: shop_greengrocer
891f52263a7ffff,6,6: building_office
891f52263abffff,6,6: building_office
891f52263afffff,3,3: landuse_industrial
891f52263b3ffff,6,6: building_office
891f52263b7ffff,6,6: building_office
891f52263bbffff,6,6: building_office
891f52263c3ffff,9,9: aeroway_aerodrome
891f52263c7ffff,6,6: building_office
891f52263cbffff,5,5: shop_greengrocer
891f52263d3ffff,5,5: shop_greengrocer
891f52263dbffff,5,5: shop_greengrocer
891f5226403ffff,11,11: building_house
891f5226407ffff,10,10: building_apartments
891f522640bffff,9,9: aeroway_aerodrome
891f522640fffff,10,10: building_apartments
891f5226413ffff,5,5: shop_greengrocer
891f5226417ffff,9,9: aeroway_aerodrome
891f5226423ffff,11,11: building_house
891f5226427ffff,5,5: shop_greengrocer
891f522642bffff,10,10: building_apartments
891f522642fffff,6,6: building_office
891f5226433ffff,10,10: building_apartments
891f5226437ffff,10,10: building_apartments
891f522643bffff,5,5: shop_greengrocer
891f5226443ffff,8,8: landuse_industrial
891f5226447ffff,3,3: landuse_industrial
891f522644bffff,8,8: landuse_industrial
891f522644fffff,3,3: landuse_industrial
891f5226453ffff,3,3: landuse_industrial
891f5226457ffff,8,8: landuse_industrial
891f522645bffff,8,8: landuse_industrial
891f5226463ffff,3,3: landuse_industrial
891f5226467ffff,6,6: building_office
891f522646fffff,6,6: building_office
891f5226473ffff,5,5: shop_greengrocer
891f5226477ffff,5,5: shop_greengrocer
891f522647bffff,3,3: landuse_industrial
891f5226483ffff,5,5: shop_greengrocer
891f5226487ffff,5,5: shop_greengrocer
891f522648bffff,5,5: shop_greengrocer
891f522648fffff,5,5: shop_greengrocer
891f5226493ffff,5,5: shop_greengrocer
891f5226497ffff,5,5: shop_greengrocer
891f522649bffff,9,9: aeroway_aerodrome
891f52264a3ffff,9,9: aeroway_aerodrome
891f52264a7ffff,9,9: aeroway_aerodrome
891f52264abffff,9,9: aeroway_aerodrome
891f52264afffff,10,10: building_apartments
891f52264b3ffff,5,5: shop_greengrocer
891f52264b7ffff,5,5: shop_greengrocer
891f52264bbffff,5,5: shop_greengrocer
891f52264c7ffff,9,9: aeroway_aerodrome
891f52264cfffff,7,7: highway_bus_stop
891f52264d3ffff,3,3: landuse_industrial
891f52264d7ffff,3,3: landuse_industrial
891f5226503ffff,1,1: amenity_nightclub
891f5226507ffff,5,5: shop_greengrocer
891f522650bffff,6,6: building_office
891f522650fffff,6,6: building_office
891f5226513ffff,4,4: landuse_cemetery
891f5226517ffff,6,6: building_office
891f522651bffff,5,5: shop_greengrocer
891f5226523ffff,6,6: building_office
891f5226527ffff,3,3: landuse_industrial
891f522652bffff,6,6: building_office
891f522652fffff,3,3: landuse_industrial
891f5226533ffff,5,5: shop_greengrocer
891f5226537ffff,5,5: shop_greengrocer
891f522653bffff,5,5: shop_greengrocer
891f5226543ffff,3,3: landuse_industrial
891f5226547ffff,8,8: landuse_industrial
891f522654bffff,3,3: landuse_industrial
891f522654fffff,6,6: building_office
891f5226553ffff,5,5: shop_greengrocer
891f5226557ffff,6,6: building_office
891f522655bffff,3,3: landuse_industrial
891f5226563ffff,7,7: highway_bus_stop
891f522656bffff,8,8: landuse_industrial
891f522656fffff,3,3: landuse_industrial
891f5226573ffff,3,3: landuse_industrial
891f5226577ffff,6,6: building_office
891f522657bffff,3,3: landuse_industrial
891f5226583ffff,10,10: building_apartments
891f5226587ffff,5,5: shop_greengrocer
891f522658bffff,4,4: landuse_cemetery
891f5226593ffff,0,0: landuse_industrial
891f5226597ffff,10,10: building_apartments
891f522659bffff,6,6: building_office
891f52265a3ffff,4,4: landuse_cemetery
891f52265a7ffff,4,4: landuse_cemetery
891f52265abffff,6,6: building_office
891f52265afffff,5,5: shop_greengrocer
891f52265b3ffff,5,5: shop_greengrocer
891f52265b7ffff,6,6: building_office
891f52265bbffff,5,5: shop_greengrocer
891f52265c3ffff,5,5: shop_greengrocer
891f52265c7ffff,5,5: shop_greengrocer
891f52265cbffff,10,10: building_apartments
891f52265cfffff,5,5: shop_greengrocer
891f52265d3ffff,5,5: shop_greengrocer
891f52265d7ffff,5,5: shop_greengrocer
891f52265dbffff,5,5: shop_greengrocer
891f5226603ffff,8,8: landuse_industrial
891f5226607ffff,9,9: aeroway_aerodrome
891f522660bffff,8,8: landuse_industrial
891f522660fffff,7,7: highway_bus_stop
891f5226613ffff,3,3: landuse_industrial
891f522661bffff,0,0: landuse_industrial
891f5226623ffff,5,5: shop_greengrocer
891f5226627ffff,6,6: building_office
891f522662bffff,5,5: shop_greengrocer
891f522662fffff,5,5: shop_greengrocer
891f5226633ffff,5,5: shop_greengrocer
891f5226637ffff,6,6: building_office
891f522663bffff,5,5: shop_greengrocer
891f5226643ffff,11,11: building_house
891f5226647ffff,4,4: landuse_cemetery
891f522664bffff,2,2: building_house
891f522664fffff,10,10: building_apartments
891f5226653ffff,2,2: building_house
891f5226657ffff,2,2: building_house
891f522665bffff,10,10: building_apartments
891f5226663ffff,10,10: building_apartments
891f5226667ffff,10,10: building_apartments
891f522666bffff,5,5: shop_greengrocer
891f522666fffff,10,10: building_apartments
891f5226673ffff,5,5: shop_greengrocer
891f5226677ffff,5,5: shop_greengrocer
891f522667bffff,5,5: shop_greengrocer
891f5226683ffff,7,7: highway_bus_stop
891f5226687ffff,3,3: landuse_industrial
891f5226693ffff,0,0: landuse_industrial
891f5226697ffff,0,0: landuse_industrial
891f522669bffff,0,0: landuse_industrial
891f52266a3ffff,8,8: landuse_industrial
891f52266abffff,5,5: shop_greengrocer
891f52266afffff,5,5: shop_greengrocer
891f52266c3ffff,11,11: building_house
891f52266c7ffff,10,10: building_apartments
891f52266cbffff,3,3: landuse_industrial
891f52266cfffff,2,2: building_house
891f52266d3ffff,0,0: landuse_industrial
891f52266d7ffff,2,2: building_house
891f52266dbffff,2,2: building_house
891f5226803ffff,6,6: building_office
891f5226807ffff,6,6: building_office
891f522680bffff,6,6: building_office
891f522680fffff,6,6: building_office
891f5226813ffff,5,5: shop_greengrocer
891f5226817ffff,5,5: shop_greengrocer
891f522681bffff,5,5: shop_greengrocer
891f5226823ffff,6,6: building_office
891f5226827ffff,6,6: building_office
891f522682bffff,6,6: building_office
891f522682fffff,5,5: shop_greengrocer
891f5226833ffff,6,6: building_office
891f5226837ffff,6,6: building_office
891f522683bffff,6,6: building_office
891f5226843ffff,6,6: building_office
891f5226847ffff,6,6: building_office
891f522684bffff,6,6: building_office
891f522684fffff,6,6: building_office
891f5226857ffff,5,5: shop_greengrocer
891f522685bffff,6,6: building_office
891f5226863ffff,6,6: building_office
891f5226867ffff,1,1: amenity_nightclub
891f522686bffff,6,6: building_office
891f522686fffff,6,6: building_office
891f5226873ffff,6,6: building_office
891f5226877ffff,6,6: building_office
891f522687bffff,6,6: building_office
891f5226883ffff,0,0: landuse_industrial
891f5226887ffff,10,10: building_apartments
891f522688bffff,5,5: shop_greengrocer
891f522688fffff,10,10: building_apartments
891f5226893ffff,6,6: building_office
891f5226897ffff,10,10: building_apartments
891f522689bffff,10,10: building_apartments
891f52268a3ffff,5,5: shop_greengrocer
891f52268a7ffff,5,5: shop_greengrocer
891f52268abffff,5,5: shop_greengrocer
891f52268afffff,5,5: shop_greengrocer
891f52268b3ffff,5,5: shop_greengrocer
891f52268b7ffff,5,5: shop_greengrocer
891f52268bbffff,10,10: building_apartments
891f52268c3ffff,6,6: building_office
891f52268c7ffff,6,6: building_office
891f52268cbffff,6,6: building_office
891f52268cfffff,6,6: building_office
891f52268d3ffff,6,6: building_office
891f52268d7ffff,5,5: shop_greengrocer
891f52268dbffff,1,1: amenity_nightclub
891f5226903ffff,0,0: landuse_industrial
891f5226907ffff,6,6: building_office
891f522690bffff,10,10: building_apartments
891f522690fffff,0,0: landuse_industrial
891f5226913ffff,6,6: building_office
891f5226917ffff,6,6: building_office
891f522691bffff,10,10: building_apartments
891f5226923ffff,9,9: aeroway_aerodrome
891f5226927ffff,5,5: shop_greengrocer
891f522692bffff,5,5: shop_greengrocer
891f522692fffff,5,5: shop_greengrocer
891f5226933ffff,5,5: shop_greengrocer
891f5226937ffff,5,5: shop_greengrocer
891f522693bffff,5,5: shop_greengrocer
891f5226943ffff,5,5: shop_greengrocer
891f5226947ffff,5,5: shop_greengrocer
891f522694bffff,5,5: shop_greengrocer
891f522694fffff,5,5: shop_greengrocer
891f5226953ffff,5,5: shop_greengrocer
891f5226957ffff,5,5: shop_greengrocer
891f522695bffff,5,5: shop_greengrocer
891f5226963ffff,9,9: aeroway_aerodrome
891f5226967ffff,9,9: aeroway_aerodrome
891f522696bffff,10,10: building_apartments
891f522696fffff,9,9: aeroway_aerodrome
891f5226973ffff,10,10: building_apartments
891f5226977ffff,10,10: building_apartments
891f522697bffff,5,5: shop_greengrocer
891f5226983ffff,9,9: aeroway_aerodrome
891f522698bffff,5,5: shop_greengrocer
891f522698fffff,9,9: aeroway_aerodrome
891f5226993ffff,5,5: shop_greengrocer
891f5226997ffff,5,5: shop_greengrocer
891f522699bffff,5,5: shop_greengrocer
891f52269a3ffff,6,6: building_office
891f52269a7ffff,6,6: building_office
891f52269abffff,6,6: building_office
891f52269afffff,6,6: building_office
891f52269b3ffff,10,10: building_apartments
891f52269b7ffff,6,6: building_office
891f52269c3ffff,5,5: shop_greengrocer
891f52269c7ffff,5,5: shop_greengrocer
891f52269cbffff,5,5: shop_greengrocer
891f52269cfffff,5,5: shop_greengrocer
891f52269d3ffff,5,5: shop_greengrocer
891f52269d7ffff,5,5: shop_greengrocer
891f52269dbffff,5,5: shop_greengrocer
891f5226a03ffff,7,7: highway_bus_stop
891f5226a0bffff,7,7: highway_bus_stop
891f5226a0fffff,7,7: highway_bus_stop
891f5226a13ffff,6,6: building_office
891f5226a1bffff,1,1: amenity_nightclub
891f5226a23ffff,9,9: aeroway_aerodrome
891f5226a27ffff,9,9: aeroway_aerodrome
891f5226a2bffff,3,3: landuse_industrial
891f5226a2fffff,6,6: building_office
891f5226a33ffff,6,6: building_office
891f5226a37ffff,9,9: aeroway_aerodrome
891f5226a3bffff,3,3: landuse_industrial
891f5226a4bffff,8,8: landuse_industrial
891f5226a57ffff,1,1: amenity_nightclub
891f5226a6fffff,8,8: landuse_industrial
891f5226a73ffff,3,3: landuse_industrial
891f5226a77ffff,8,8: landuse_industrial
891f5226a83ffff,9,9: aeroway_aerodrome
891f5226a87ffff,6,6: building_office
891f5226a8fffff,6,6: building_office
891f5226a93ffff,1,1: amenity_nightclub
891f5226a97ffff,9,9: aeroway_aerodrome
891f5226aa3ffff,5,5: shop_greengrocer
891f5226aa7ffff,6,6: building_office
891f5226aabffff,3,3: landuse_industrial
891f5226aafffff,3,3: landuse_industrial
891f5226ab3ffff,6,6: building_office
891f5226ab7ffff,6,6: building_office
891f5226ac3ffff,1,1: amenity_nightclub
891f5226ac7ffff,1,1: amenity_nightclub
891f5226ad7ffff,1,1: amenity_nightclub
891f5226b03ffff,1,1: amenity_nightclub
891f5226b07ffff,5,5: shop_greengrocer
891f5226b0bffff,5,5: shop_greengrocer
891f5226b0fffff,5,5: shop_greengrocer
891f5226b13ffff,6,6: building_office
891f5226b17ffff,6,6: building_office
891f5226b1bffff,5,5: shop_greengrocer
891f5226b23ffff,5,5: shop_greengrocer
891f5226b27ffff,10,10: building_apartments
891f5226b2bffff,5,5: shop_greengrocer
891f5226b2fffff,5,5: shop_greengrocer
891f5226b33ffff,5,5: shop_greengrocer
891f5226b37ffff,5,5: shop_greengrocer
891f5226b3bffff,5,5: shop_greengrocer
891f5226b43ffff,9,9: aeroway_aerodrome
891f5226b47ffff,6,6: building_office
891f5226b4bffff,3,3: landuse_industrial
891f5226b4fffff,5,5: shop_greengrocer
891f5226b53ffff,9,9: aeroway_aerodrome
891f5226b57ffff,5,5: shop_greengrocer
891f5226b5bffff,6,6: building_office
891f5226b63ffff,9,9: aeroway_aerodrome
891f5226b67ffff,5,5: shop_greengrocer
891f5226b6fffff,5,5: shop_greengrocer
891f5226b73ffff,5,5: shop_greengrocer
891f5226b77ffff,9,9: aeroway_aerodrome
891f5226b83ffff,5,5: shop_greengrocer
891f5226b87ffff,5,5: shop_greengrocer
891f5226b8bffff,5,5: shop_greengrocer
891f5226b8fffff,5,5: shop_greengrocer
891f5226b93ffff,5,5: shop_greengrocer
891f5226b97ffff,5,5: shop_greengrocer
891f5226b9bffff,5,5: shop_greengrocer
891f5226ba3ffff,10,10: building_apartments
891f5226ba7ffff,6,6: building_office
891f5226babffff,5,5: shop_greengrocer
891f5226bafffff,5,5: shop_greengrocer
891f5226bb3ffff,0,0: landuse_industrial
891f5226bb7ffff,10,10: building_apartments
891f5226bbbffff,10,10: building_apartments
891f5226bc3ffff,9,9: aeroway_aerodrome
891f5226bc7ffff,5,5: shop_greengrocer
891f5226bcbffff,5,5: shop_greengrocer
891f5226bcfffff,5,5: shop_greengrocer
891f5226bd3ffff,5,5: shop_greengrocer
891f5226bd7ffff,5,5: shop_greengrocer
891f5226bdbffff,5,5: shop_greengrocer
891f5226c03ffff,5,5: shop_greengrocer
891f5226c07ffff,5,5: shop_greengrocer
891f5226c0bffff,5,5: shop_greengrocer
891f5226c0fffff,5,5: shop_greengrocer
891f5226c13ffff,5,5: shop_greengrocer
891f5226c17ffff,4,4: landuse_cemetery
891f5226c1bffff,5,5: shop_greengrocer
891f5226c23ffff,9,9: aeroway_aerodrome
891f5226c27ffff,5,5: shop_greengrocer
891f5226c2fffff,6,6: building_office
891f5226c37ffff,5,5: shop_greengrocer
891f5226c3bffff,4,4: landuse_cemetery
891f5226c43ffff,5,5: shop_greengrocer
891f5226c47ffff,5,5: shop_greengrocer
891f5226c4bffff,6,6: building_office
891f5226c4fffff,9,9: aeroway_aerodrome
891f5226c53ffff,5,5: shop_greengrocer
891f5226c57ffff,5,5: shop_greengrocer
891f5226c5bffff,6,6: building_office
891f5226c63ffff,9,9: aeroway_aerodrome
891f5226c67ffff,0,0: landuse_industrial
891f5226c6bffff,6,6: building_office
891f5226c6fffff,5,5: shop_greengrocer
891f5226c73ffff,5,5: shop_greengrocer
891f5226c77ffff,9,9: aeroway_aerodrome
891f5226c7bffff,5,5: shop_greengrocer
891f5226c83ffff,5,5: shop_greengrocer
891f5226c87ffff,5,5: shop_greengrocer
891f5226c8bffff,5,5: shop_greengrocer
891f5226c8fffff,5,5: shop_greengrocer
891f5226c93ffff,5,5: shop_greengrocer
891f5226c97ffff,5,5: shop_greengrocer
891f5226c9bffff,5,5: shop_greengrocer
891f5226ca3ffff,1,1: amenity_nightclub
891f5226cabffff,6,6: building_office
891f5226cafffff,1,1: amenity_nightclub
891f5226cb3ffff,1,1: amenity_nightclub
891f5226cb7ffff,1,1: amenity_nightclub
891f5226cbbffff,6,6: building_office
891f5226cc3ffff,9,9: aeroway_aerodrome
891f5226cc7ffff,5,5: shop_greengrocer
891f5226ccbffff,9,9: aeroway_aerodrome
891f5226ccfffff,5,5: shop_greengrocer
891f5226cd3ffff,9,9: aeroway_aerodrome
891f5226cd7ffff,5,5: shop_greengrocer
891f5226cdbffff,9,9: aeroway_aerodrome
891f5226d03ffff,5,5: shop_greengrocer
891f5226d07ffff,5,5: shop_greengrocer
891f5226d0bffff,5,5: shop_greengrocer
891f5226d0fffff,5,5: shop_greengrocer
891f5226d13ffff,5,5: shop_greengrocer
891f5226d17ffff,5,5: shop_greengrocer
891f5226d1bffff,5,5: shop_greengrocer
891f5226d23ffff,9,9: aeroway_aerodrome
891f5226d27ffff,5,5: shop_greengrocer
891f5226d2bffff,5,5: shop_greengrocer
891f5226d2fffff,5,5: shop_greengrocer
891f5226d33ffff,5,5: shop_greengrocer
891f5226d37ffff,5,5: shop_greengrocer
891f5226d3bffff,5,5: shop_greengrocer
891f5226d43ffff,9,9: aeroway_aerodrome
891f5226d47ffff,5,5: shop_greengrocer
891f5226d4bffff,5,5: shop_greengrocer
891f5226d4fffff,5,5: shop_greengrocer
891f5226d53ffff,5,5: shop_greengrocer
891f5226d57ffff,5,5: shop_greengrocer
891f5226d5bffff,5,5: shop_greengrocer
891f5226d63ffff,5,5: shop_greengrocer
891f5226d67ffff,5,5: shop_greengrocer
891f5226d6bffff,5,5: shop_greengrocer
891f5226d6fffff,5,5: shop_greengrocer
891f5226d73ffff,5,5: shop_greengrocer
891f5226d77ffff,5,5: shop_greengrocer
891f5226d7bffff,5,5: shop_greengrocer
891f5226d83ffff,6,6: building_office
891f5226d87ffff,1,1: amenity_nightclub
891f5226d8bffff,6,6: building_office
891f5226d8fffff,6,6: building_office
891f5226d97ffff,5,5: shop_greengrocer
891f5226d9bffff,6,6: building_office
891f5226da3ffff,10,10: building_apartments
891f5226da7ffff,5,5: shop_greengrocer
891f5226dabffff,5,5: shop_greengrocer
891f5226dafffff,1,1: amenity_nightclub
891f5226db3ffff,1,1: amenity_nightclub
891f5226db7ffff,6,6: building_office
891f5226dbbffff,1,1: amenity_nightclub
891f5226dc3ffff,5,5: shop_greengrocer
891f5226dc7ffff,5,5: shop_greengrocer
891f5226dcbffff,5,5: shop_greengrocer
891f5226dcfffff,5,5: shop_greengrocer
891f5226dd3ffff,5,5: shop_greengrocer
891f5226dd7ffff,5,5: shop_greengrocer
891f5226ddbffff,5,5: shop_greengrocer
891f5226e03ffff,6,6: building_office
891f5226e07ffff,6,6: building_office
891f5226e0bffff,6,6: building_office
891f5226e13ffff,1,1: amenity_nightclub
891f5226e17ffff,6,6: building_office
891f5226e1bffff,1,1: amenity_nightclub
891f5226e23ffff,5,5: shop_greengrocer
891f5226e27ffff,7,7: highway_bus_stop
891f5226e2bffff,5,5: shop_greengrocer
891f5226e2fffff,5,5: shop_greengrocer
891f5226e37ffff,9,9: aeroway_aerodrome
891f5226e43ffff,4,4: landuse_cemetery
891f5226e47ffff,6,6: building_office
891f5226e4bffff,6,6: building_office
891f5226e53ffff,6,6: building_office
891f5226e57ffff,6,6: building_office
891f5226e5bffff,6,6: building_office
891f5226e67ffff,6,6: building_office
891f5226e6fffff,6,6: building_office
891f5226e73ffff,6,6: building_office
891f5226e77ffff,6,6: building_office
891f5226e7bffff,6,6: building_office
891f5226e83ffff,9,9: aeroway_aerodrome
891f5226e87ffff,5,5: shop_greengrocer
891f5226e8bffff,6,6: building_office
891f5226e8fffff,6,6: building_office
891f5226e93ffff,5,5: shop_greengrocer
891f5226e97ffff,5,5: shop_greengrocer
891f5226e9bffff,6,6: building_office
891f5226ea3ffff,9,9: aeroway_aerodrome
891f5226ea7ffff,9,9: aeroway_aerodrome
891f5226eabffff,5,5: shop_greengrocer
891f5226eafffff,9,9: aeroway_aerodrome
891f5226eb3ffff,5,5: shop_greengrocer
891f5226eb7ffff,5,5: shop_greengrocer
891f5226ebbffff,5,5: shop_greengrocer
891f5226ec3ffff,6,6: building_office
891f5226ec7ffff,6,6: building_office
891f5226ecbffff,6,6: building_office
891f5226ecfffff,6,6: building_office
891f5226ed3ffff,6,6: building_office
891f5226ed7ffff,1,1: amenity_nightclub
891f5226edbffff,3,3: landuse_industrial
891f5227003ffff,11,11: building_house
891f5227007ffff,2,2: building_house
891f522700bffff,2,2: building_house
891f522700fffff,2,2: building_house
891f5227013ffff,0,0: landuse_industrial
891f5227017ffff,0,0: landuse_industrial
891f522701bffff,2,2: building_house
891f522702bffff,9,9: aeroway_aerodrome
891f5227033ffff,2,2: building_house
891f5227037ffff,10,10: building_apartments
891f522703bffff,10,10: building_apartments
891f5227047ffff,2,2: building_house
891f522704bffff,1,1: amenity_nightclub
891f5227053ffff,11,11: building_house
891f5227057ffff,4,4: landuse_cemetery
891f522705bffff,2,2: building_house
891f5227063ffff,11,11: building_house
891f5227067ffff,10,10: building_apartments
891f5227073ffff,2,2: building_house
891f5227077ffff,10,10: building_apartments
891f522707bffff,2,2: building_house
891f5227083ffff,7,7: highway_bus_stop
891f5227087ffff,10,10: building_apartments
891f522708bffff,0,0: landuse_industrial
891f522708fffff,10,10: building_apartments
891f5227093ffff,0,0: landuse_industrial
891f5227097ffff,3,3: landuse_industrial
891f522709bffff,6,6: building_office
891f52270a3ffff,11,11: building_house
891f52270a7ffff,2,2: building_house
891f52270abffff,3,3: landuse_industrial
891f52270afffff,10,10: building_apartments
891f52270b3ffff,5,5: shop_greengrocer
891f52270b7ffff,2,2: building_house
891f52270bbffff,10,10: building_apartments
891f52270c3ffff,11,11: building_house
891f52270c7ffff,0,0: landuse_industrial
891f52270cbffff,2,2: building_house
891f52270cfffff,0,0: landuse_industrial
891f52270d3ffff,0,0: landuse_industrial
891f52270d7ffff,0,0: landuse_industrial
891f52270dbffff,10,10: building_apartments
891f5227107ffff,11,11: building_house
891f5227123ffff,11,11: building_house
891f5227127ffff,6,6: building_office
891f522712bffff,7,7: highway_bus_stop
891f5227133ffff,2,2: building_house
891f5227137ffff,5,5: shop_greengrocer
891f522713bffff,7,7: highway_bus_stop
891f5227143ffff,3,3: landuse_industrial
891f522714bffff,6,6: building_office
891f522714fffff,3,3: landuse_industrial
891f5227153ffff,3,3: landuse_industrial
891f5227157ffff,6,6: building_office
891f5227163ffff,8,8: landuse_industrial
891f5227173ffff,7,7: highway_bus_stop
891f5227177ffff,3,3: landuse_industrial
891f5227183ffff,0,0: landuse_industrial
891f5227187ffff,3,3: landuse_industrial
891f522718bffff,3,3: landuse_industrial
891f5227193ffff,3,3: landuse_industrial
891f5227197ffff,0,0: landuse_industrial
891f522719bffff,3,3: landuse_industrial
891f52271a3ffff,0,0: landuse_industrial
891f52271a7ffff,0,0: landuse_industrial
891f52271abffff,2,2: building_house
891f52271afffff,0,0: landuse_industrial
891f52271b3ffff,3,3: landuse_industrial
891f52271b7ffff,3,3: landuse_industrial
891f52271bbffff,0,0: landuse_industrial
891f52271c3ffff,6,6: building_office
891f52271c7ffff,3,3: landuse_industrial
891f52271cbffff,6,6: building_office
891f52271cfffff,6,6: building_office
891f52271d3ffff,0,0: landuse_industrial
891f52271d7ffff,3,3: landuse_industrial
891f52271dbffff,9,9: aeroway_aerodrome
891f5227203ffff,10,10: building_apartments
891f5227207ffff,2,2: building_house
891f522720bffff,2,2: building_house
891f522720fffff,2,2: building_house
891f5227213ffff,10,10: building_apartments
891f5227217ffff,2,2: building_house
891f522721bffff,10,10: building_apartments
891f5227243ffff,11,11: building_house
891f5227247ffff,10,10: building_apartments
891f522724bffff,0,0: landuse_industrial
891f522724fffff,4,4: landuse_cemetery
891f5227253ffff,0,0: landuse_industrial
891f5227257ffff,10,10: building_apartments
891f522725bffff,0,0: landuse_industrial
891f5227263ffff,0,0: landuse_industrial
891f522726bffff,5,5: shop_greengrocer
891f5227273ffff,2,2: building_house
891f5227277ffff,0,0: landuse_industrial
891f522727bffff,4,4: landuse_cemetery
891f5227283ffff,5,5: shop_greengrocer
891f5227287ffff,10,10: building_apartments
891f522728bffff,10,10: building_apartments
891f522728fffff,10,10: building_apartments
891f5227293ffff,5,5: shop_greengrocer
891f5227297ffff,5,5: shop_greengrocer
891f522729bffff,10,10: building_apartments
891f52272a3ffff,11,11: building_house
891f52272b3ffff,2,2: building_house
891f52272b7ffff,2,2: building_house
891f52272bbffff,10,10: building_apartments
891f52272c3ffff,10,10: building_apartments
891f52272c7ffff,10,10: building_apartments
891f52272cbffff,0,0: landuse_industrial
891f52272cfffff,2,2: building_house
891f52272d3ffff,5,5: shop_greengrocer
891f52272d7ffff,10,10: building_apartments
891f52272dbffff,0,0: landuse_industrial
891f522730bffff,4,4: landuse_cemetery
891f522731bffff,7,7: highway_bus_stop
891f5227347ffff,6,6: building_office
891f5227367ffff,3,3: landuse_industrial
891f522736bffff,3,3: landuse_industrial
891f522736fffff,6,6: building_office
891f5227373ffff,3,3: landuse_industrial
891f522737bffff,3,3: landuse_industrial
891f5227387ffff,3,3: landuse_industrial
891f522738fffff,3,3: landuse_industrial
891f5227393ffff,5,5: shop_greengrocer
891f52273abffff,8,8: landuse_industrial
891f52273c3ffff,10,10: building_apartments
891f52273d7ffff,10,10: building_apartments
891f5227403ffff,11,11: building_house
891f5227407ffff,2,2: building_house
891f522740bffff,2,2: building_house
891f522740fffff,2,2: building_house
891f5227413ffff,2,2: building_house
891f5227417ffff,2,2: building_house
891f522741bffff,10,10: building_apartments
891f5227423ffff,7,7: highway_bus_stop
891f5227427ffff,5,5: shop_greengrocer
891f522742bffff,10,10: building_apartments
891f522742fffff,10,10: building_apartments
891f5227433ffff,2,2: building_house
891f5227437ffff,10,10: building_apartments
891f522743bffff,10,10: building_apartments
891f5227443ffff,11,11: building_house
891f5227447ffff,2,2: building_house
891f522744bffff,10,10: building_apartments
891f522744fffff,2,2: building_house
891f5227453ffff,2,2: building_house
891f5227457ffff,10,10: building_apartments
891f522745bffff,10,10: building_apartments
891f5227463ffff,10,10: building_apartments
891f5227467ffff,10,10: building_apartments
891f522746bffff,6,6: building_office
891f522746fffff,0,0: landuse_industrial
891f5227473ffff,10,10: building_apartments
891f5227477ffff,10,10: building_apartments
891f522747bffff,10,10: building_apartments
891f5227483ffff,11,11: building_house
891f5227487ffff,2,2: building_house
891f522748bffff,0,0: landuse_industrial
891f522748fffff,8,8: landuse_industrial
891f5227497ffff,0,0: landuse_industrial
891f522749bffff,0,0: landuse_industrial
891f52274a3ffff,10,10: building_apartments
891f52274a7ffff,10,10: building_apartments
891f52274abffff,2,2: building_house
891f52274afffff,9,9: aeroway_aerodrome
891f52274b7ffff,10,10: building_apartments
891f52274bbffff,2,2: building_house
891f52274c3ffff,11,11: building_house
891f52274c7ffff,2,2: building_house
891f52274cbffff,2,2: building_house
891f52274cfffff,2,2: building_house
891f52274d3ffff,2,2: building_house
891f52274d7ffff,0,0: landuse_industrial
891f52274dbffff,0,0: landuse_industrial
891f5227503ffff,6,6: building_office
891f5227507ffff,0,0: landuse_industrial
891f522750bffff,0,0: landuse_industrial
891f522750fffff,2,2: building_house
891f5227513ffff,0,0: landuse_industrial
891f5227517ffff,7,7: highway_bus_stop
891f522751bffff,0,0: landuse_industrial
891f5227523ffff,9,9: aeroway_aerodrome
891f5227527ffff,3,3: landuse_industrial
891f522752bffff,6,6: building_office
891f522752fffff,6,6: building_office
891f5227533ffff,8,8: landuse_industrial
891f5227537ffff,3,3: landuse_industrial
891f522753bffff,2,2: building_house
891f5227543ffff,5,5: shop_greengrocer
891f5227547ffff,5,5: shop_greengrocer
891f522754bffff,5,5: shop_greengrocer
891f522754fffff,5,5: shop_greengrocer
891f5227553ffff,5,5: shop_greengrocer
891f5227557ffff,6,6: building_office
891f522755bffff,5,5: shop_greengrocer
891f5227563ffff,11,11: building_house
891f5227567ffff,0,0: landuse_industrial
891f522756bffff,2,2: building_house
891f522756fffff,0,0: landuse_industrial
891f5227573ffff,10,10: building_apartments
891f5227577ffff,2,2: building_house
891f522757bffff,0,0: landuse_industrial
891f5227583ffff,7,7: highway_bus_stop
891f5227587ffff,9,9: aeroway_aerodrome
891f522758bffff,2,2: building_house
891f522758fffff,2,2: building_house
891f5227593ffff,0,0: landuse_industrial
891f522759bffff,7,7: highway_bus_stop
891f52275a3ffff,5,5: shop_greengrocer
891f52275a7ffff,5,5: shop_greengrocer
891f52275abffff,9,9: aeroway_aerodrome
891f52275afffff,5,5: shop_greengrocer
891f52275b3ffff,5,5: shop_greengrocer
891f52275b7ffff,5,5: shop_greengrocer
891f52275bbffff,5,5: shop_greengrocer
891f52275c3ffff,9,9: aeroway_aerodrome
891f52275c7ffff,2,2: building_house
891f52275cbffff,5,5: shop_greengrocer
891f52275cfffff,4,4: landuse_cemetery
891f52275d3ffff,10,10: building_apartments
891f52275d7ffff,2,2: building_house
891f52275dbffff,5,5: shop_greengrocer
891f5227603ffff,3,3: landuse_industrial
891f5227607ffff,10,10: building_apartments
891f522760bffff,6,6: building_office
891f522760fffff,10,10: building_apartments
891f5227613ffff,0,0: landuse_industrial
891f5227617ffff,10,10: building_apartments
891f522761bffff,0,0: landuse_industrial
891f5227623ffff,6,6: building_office
891f5227627ffff,2,2: building_house
891f522762bffff,5,5: shop_greengrocer
891f522762fffff,4,4: landuse_cemetery
891f5227633ffff,10,10: building_apartments
891f5227637ffff,10,10: building_apartments
891f522763bffff,5,5: shop_greengrocer
891f5227643ffff,0,0: landuse_industrial
891f5227647ffff,5,5: shop_greengrocer
891f522764bffff,6,6: building_office
891f522764fffff,5,5: shop_greengrocer
891f5227653ffff,0,0: landuse_industrial
891f5227657ffff,10,10: building_apartments
891f522765bffff,2,2: building_house
891f5227663ffff,5,5: shop_greengrocer
891f5227667ffff,5,5: shop_greengrocer
891f522766bffff,5,5: shop_greengrocer
891f522766fffff,5,5: shop_greengrocer
891f5227673ffff,10,10: building_apartments
891f5227677ffff,5,5: shop_greengrocer
891f522767bffff,10,10: building_apartments
891f5227683ffff,10,10: building_apartments
891f5227687ffff,10,10: building_apartments
891f522768bffff,0,0: landuse_industrial
891f522768fffff,10,10: building_apartments
891f5227693ffff,2,2: building_house
891f5227697ffff,2,2: building_house
891f522769bffff,2,2: building_house
891f52276a3ffff,10,10: building_apartments
891f52276a7ffff,6,6: building_office
891f52276abffff,10,10: building_apartments
891f52276afffff,10,10: building_apartments
891f52276b3ffff,2,2: building_house
891f52276b7ffff,10,10: building_apartments
891f52276bbffff,10,10: building_apartments
891f52276c3ffff,11,11: building_house
891f52276c7ffff,2,2: building_house
891f52276cbffff,2,2: building_house
891f52276cfffff,2,2: building_house
891f52276d3ffff,2,2: building_house
891f52276dbffff,2,2: building_house
891f522e003ffff,0,0: landuse_industrial
891f522e007ffff,0,0: landuse_industrial
891f522e00bffff,2,2: building_house
891f522e00fffff,0,0: landuse_industrial
891f522e013ffff,2,2: building_house
891f522e017ffff,2,2: building_house
891f522e01bffff,2,2: building_house
891f522e023ffff,6,6: building_office
891f522e027ffff,6,6: building_office
891f522e02bffff,3,3: landuse_industrial
891f522e02fffff,6,6: building_office
891f522e033ffff,2,2: building_house
891f522e037ffff,10,10: building_apartments
891f522e03bffff,0,0: landuse_industrial
891f522e043ffff,11,11: building_house
891f522e04bffff,2,2: building_house
891f522e04fffff,2,2: building_house
891f522e053ffff,2,2: building_house
891f522e057ffff,2,2: building_house
891f522e05bffff,2,2: building_house
891f522e067ffff,3,3: landuse_industrial
891f522e06fffff,0,0: landuse_industrial
891f522e073ffff,2,2: building_house
891f522e077ffff,0,0: landuse_industrial
891f522e083ffff,11,11: building_house
891f522e087ffff,2,2: building_house
891f522e08bffff,2,2: building_house
891f522e08fffff,0,0: landuse_industrial
891f522e093ffff,2,2: building_house
891f522e097ffff,2,2: building_house
891f522e09bffff,2,2: building_house
891f522e0a3ffff,11,11: building_house
891f522e0a7ffff,2,2: building_house
891f522e0abffff,2,2: building_house
891f522e0afffff,2,2: building_house
891f522e0b7ffff,2,2: building_house
891f522e0bbffff,2,2: building_house
891f522e0c3ffff,11,11: building_house
891f522e0c7ffff,2,2: building_house
891f522e0cbffff,2,2: building_house
891f522e0cfffff,2,2: building_house
891f522e0d3ffff,2,2: building_house
891f522e0d7ffff,2,2: building_house
891f522e0dbffff,2,2: building_house
891f522e103ffff,8,8: landuse_industrial
891f522e107ffff,11,11: building_house
891f522e10fffff,8,8: landuse_industrial
891f522e113ffff,0,0: landuse_industrial
891f522e117ffff,2,2: building_house
891f522e11bffff,8,8: landuse_industrial
891f522e123ffff,11,11: building_house
891f522e127ffff,2,2: building_house
891f522e12bffff,2,2: building_house
891f522e12fffff,2,2: building_house
891f522e133ffff,0,0: landuse_industrial
891f522e137ffff,2,2: building_house
891f522e13bffff,2,2: building_house
891f522e14bffff,11,11: building_house
891f522e14fffff,2,2: building_house
891f522e167ffff,2,2: building_house
891f522e173ffff,8,8: landuse_industrial
891f522e177ffff,2,2: building_house
891f522e183ffff,7,7: highway_bus_stop
891f522e187ffff,2,2: building_house
891f522e18bffff,2,2: building_house
891f522e18fffff,2,2: building_house
891f522e193ffff,7,7: highway_bus_stop
891f522e197ffff,7,7: highway_bus_stop
891f522e19bffff,4,4: landuse_cemetery
891f522e1a3ffff,11,11: building_house
891f522e1a7ffff,2,2: building_house
891f522e1abffff,0,0: landuse_industrial
891f522e1afffff,2,2: building_house
891f522e1b3ffff,0,0: landuse_industrial
891f522e1b7ffff,2,2: building_house
891f522e1bbffff,0,0: landuse_industrial
891f522e1c3ffff,11,11: building_house
891f522e1c7ffff,8,8: landuse_industrial
891f522e1cbffff,6,6: building_office
891f522e1d3ffff,2,2: building_house
891f522e1d7ffff,2,2: building_house
891f522e1dbffff,2,2: building_house
891f522e203ffff,11,11: building_house
891f522e207ffff,2,2: building_house
891f522e217ffff,0,0: landuse_industrial
891f522e243ffff,11,11: building_house
891f522e247ffff,2,2: building_house
891f522e253ffff,0,0: landuse_industrial
891f522e25bffff,2,2: building_house
891f522e283ffff,11,11: building_house
891f522e287ffff,2,2: building_house
891f522e28bffff,2,2: building_house
891f522e28fffff,7,7: highway_bus_stop
891f522e293ffff,2,2: building_house
891f522e297ffff,2,2: building_house
891f522e29bffff,2,2: building_house
891f522e2b3ffff,7,7: highway_bus_stop
891f522e2b7ffff,3,3: landuse_industrial
891f522e2c3ffff,11,11: building_house
891f522e2c7ffff,2,2: building_house
891f522e2cbffff,2,2: building_house
891f522e2cfffff,3,3: landuse_industrial
891f522e2d3ffff,2,2: building_house
891f522e2d7ffff,2,2: building_house
891f522e2dbffff,2,2: building_house
891f522e303ffff,11,11: building_house
891f522e307ffff,7,7: highway_bus_stop
891f522e30bffff,2,2: building_house
891f522e313ffff,2,2: building_house
891f522e317ffff,2,2: building_house
891f522e31bffff,2,2: building_house
891f522e323ffff,11,11: building_house
891f522e327ffff,2,2: building_house
891f522e333ffff,2,2: building_house
891f522e337ffff,2,2: building_house
891f522e33bffff,2,2: building_house
891f522e343ffff,11,11: building_house
891f522e347ffff,2,2: building_house
891f522e357ffff,2,2: building_house
891f522e373ffff,2,2: building_house
891f522e383ffff,11,11: building_house
891f522e387ffff,2,2: building_house
891f522e38bffff,2,2: building_house
891f522e38fffff,2,2: building_house
891f522e393ffff,0,0: landuse_industrial
891f522e397ffff,2,2: building_house
891f522e39bffff,2,2: building_house
891f522e3a3ffff,11,11: building_house
891f522e3a7ffff,2,2: building_house
891f522e3abffff,0,0: landuse_industrial
891f522e3afffff,2,2: building_house
891f522e3b3ffff,2,2: building_house
891f522e3b7ffff,2,2: building_house
891f522e3bbffff,0,0: landuse_industrial
891f522e3c3ffff,8,8: landuse_industrial
891f522e3c7ffff,2,2: building_house
891f522e3cbffff,8,8: landuse_industrial
891f522e3cfffff,2,2: building_house
891f522e3d3ffff,8,8: landuse_industrial
891f522e3d7ffff,2,2: building_house
891f522e427ffff,11,11: building_house
891f522e443ffff,11,11: building_house
891f522e44bffff,2,2: building_house
891f522e44fffff,2,2: building_house
891f522e453ffff,2,2: building_house
891f522e45bffff,2,2: building_house
891f522e463ffff,11,11: building_house
891f522e467ffff,2,2: building_house
891f522e46bffff,2,2: building_house
891f522e46fffff,2,2: building_house
891f522e477ffff,2,2: building_house
891f522e47bffff,2,2: building_house
891f522e4c3ffff,11,11: building_house
891f522e4cbffff,2,2: building_house
891f522e4d3ffff,2,2: building_house
891f522e4dbffff,2,2: building_house
891f522e503ffff,11,11: building_house
891f522e507ffff,2,2: building_house
891f522e50bffff,2,2: building_house
891f522e50fffff,2,2: building_house
891f522e513ffff,2,2: building_house
891f522e517ffff,2,2: building_house
891f522e51bffff,2,2: building_house
891f522e523ffff,4,4: landuse_cemetery
891f522e527ffff,0,0: landuse_industrial
891f522e52bffff,2,2: building_house
891f522e52fffff,2,2: building_house
891f522e533ffff,10,10: building_apartments
891f522e537ffff,2,2: building_house
891f522e53bffff,0,0: landuse_industrial
891f522e543ffff,11,11: building_house
891f522e547ffff,2,2: building_house
891f522e553ffff,2,2: building_house
891f522e557ffff,2,2: building_house
891f522e567ffff,7,7: highway_bus_stop
891f522e56bffff,2,2: building_house
891f522e56fffff,2,2: building_house
891f522e577ffff,2,2: building_house
891f522e57bffff,2,2: building_house
891f522e583ffff,11,11: building_house
891f522e587ffff,2,2: building_house
891f522e58bffff,2,2: building_house
891f522e58fffff,10,10: building_apartments
891f522e5a3ffff,3,3: landuse_industrial
891f522e5a7ffff,0,0: landuse_industrial
891f522e5abffff,2,2: building_house
891f522e5afffff,2,2: building_house
891f522e5b3ffff,2,2: building_house
891f522e5b7ffff,0,0: landuse_industrial
891f522e5bbffff,10,10: building_apartments
891f522e5c3ffff,11,11: building_house
891f522e5cbffff,2,2: building_house
891f522e5cfffff,2,2: building_house
891f522e5d7ffff,2,2: building_house
891f522e603ffff,11,11: building_house
891f522e607ffff,2,2: building_house
891f522e60bffff,2,2: building_house
891f522e60fffff,2,2: building_house
891f522e623ffff,11,11: building_house
891f522e627ffff,2,2: building_house
891f522e62bffff,2,2: building_house
891f522e62fffff,2,2: building_house
891f522e633ffff,2,2: building_house
891f522e637ffff,2,2: building_house
891f522e63bffff,2,2: building_house
891f522e64fffff,11,11: building_house
891f522e663ffff,11,11: building_house
891f522e66bffff,2,2: building_house
891f522e66fffff,2,2: building_house
891f522e677ffff,2,2: building_house
891f522e67bffff,2,2: building_house
891f522e683ffff,11,11: building_house
891f522e693ffff,2,2: building_house
891f522e6a3ffff,11,11: building_house
891f522e6a7ffff,2,2: building_house
891f522e6afffff,2,2: building_house
891f522e6b3ffff,2,2: building_house
891f522e6b7ffff,2,2: building_house
891f522e6d3ffff,2,2: building_house
891f522e6d7ffff,2,2: building_house
891f522e803ffff,8,8: landuse_industrial
891f522e807ffff,8,8: landuse_industrial
891f522e80fffff,3,3: landuse_industrial
891f522e813ffff,8,8: landuse_industrial
891f522e817ffff,8,8: landuse_industrial
891f522e82bffff,11,11: building_house
891f522e843ffff,3,3: landuse_industrial
891f522e847ffff,3,3: landuse_industrial
891f522e857ffff,8,8: landuse_industrial
891f522e85bffff,3,3: landuse_industrial
891f522e877ffff,8,8: landuse_industrial
891f522e887ffff,8,8: landuse_industrial
891f522e88fffff,8,8: landuse_industrial
891f522e893ffff,8,8: landuse_industrial
891f522e8a3ffff,8,8: landuse_industrial
891f522e8abffff,3,3: landuse_industrial
891f522e8b3ffff,3,3: landuse_industrial
891f522e8b7ffff,8,8: landuse_industrial
891f522e8bbffff,8,8: landuse_industrial
891f522e8c3ffff,11,11: building_house
891f522e8c7ffff,4,4: landuse_cemetery
891f522e8d3ffff,8,8: landuse_industrial
891f522e90bffff,8,8: landuse_industrial
891f522e927ffff,7,7: highway_bus_stop
891f522e943ffff,7,7: highway_bus_stop
891f522e973ffff,3,3: landuse_industrial
891f522e977ffff,6,6: building_office
891f522e97bffff,6,6: building_office
891f522e99bffff,8,8: landuse_industrial
891f522e9c3ffff,8,8: landuse_industrial
891f522e9c7ffff,9,9: aeroway_aerodrome
891f522e9cbffff,8,8: landuse_industrial
891f522e9cfffff,8,8: landuse_industrial
891f522e9d7ffff,8,8: landuse_industrial
891f522e9dbffff,5,5: shop_greengrocer
891f522ec07ffff,11,11: building_house
891f522ec0bffff,11,11: building_house
891f522ec0fffff,2,2: building_house
891f522ec13ffff,7,7: highway_bus_stop
891f522ec17ffff,4,4: landuse_cemetery
891f522ec1bffff,8,8: landuse_industrial
891f522ec23ffff,11,11: building_house
891f522ec27ffff,0,0: landuse_industrial
891f522ec2fffff,8,8: landuse_industrial
891f522ec37ffff,0,0: landuse_industrial
891f522ec43ffff,11,11: building_house
891f522ec47ffff,2,2: building_house
891f522ec4bffff,2,2: building_house
891f522ec4fffff,2,2: building_house
891f522ec57ffff,8,8: landuse_industrial
891f522ec5bffff,2,2: building_house
891f522ec63ffff,11,11: building_house
891f522ec67ffff,2,2: building_house
891f522ec6bffff,0,0: landuse_industrial
891f522ec73ffff,2,2: building_house
891f522ec77ffff,2,2: building_house
891f522ec7bffff,0,0: landuse_industrial
891f522ec8bffff,9,9: aeroway_aerodrome
891f522ec9bffff,7,7: highway_bus_stop
891f522eca3ffff,4,4: landuse_cemetery
891f522ecabffff,2,2: building_house
891f522ecafffff,2,2: building_house
891f522ecbbffff,2,2: building_house
891f522ecc3ffff,11,11: building_house
891f522ecc7ffff,9,9: aeroway_aerodrome
891f522eccfffff,0,0: landuse_industrial
891f522ecd3ffff,2,2: building_house
891f522ecd7ffff,9,9: aeroway_aerodrome
891f522ecdbffff,2,2: building_house
891f522ed0bffff,4,4: landuse_cemetery
891f522ed13ffff,8,8: landuse_industrial
891f522ed1bffff,8,8: landuse_industrial
891f522ed33ffff,4,4: landuse_cemetery
891f522ed3bffff,6,6: building_office
891f522ed43ffff,8,8: landuse_industrial
891f522ed47ffff,3,3: landuse_industrial
891f522ed4bffff,3,3: landuse_industrial
891f522ed4fffff,3,3: landuse_industrial
891f522ed57ffff,3,3: landuse_industrial
891f522ed5bffff,0,0: landuse_industrial
891f522ed63ffff,7,7: highway_bus_stop
891f522ed67ffff,0,0: landuse_industrial
891f522ed6fffff,0,0: landuse_industrial
891f522ed73ffff,8,8: landuse_industrial
891f522ed77ffff,7,7: highway_bus_stop
891f522ed87ffff,2,2: building_house
891f522ed8bffff,8,8: landuse_industrial
891f522ed93ffff,3,3: landuse_industrial
891f522ed9bffff,3,3: landuse_industrial
891f522eda7ffff,7,7: highway_bus_stop
891f522edb3ffff,2,2: building_house
891f522edc3ffff,11,11: building_house
891f522edc7ffff,8,8: landuse_industrial
891f522edcbffff,7,7: highway_bus_stop
891f522edcfffff,3,3: landuse_industrial
891f522edd7ffff,0,0: landuse_industrial
891f522eddbffff,8,8: landuse_industrial
891f522ee1bffff,11,11: building_house
891f522ee23ffff,7,7: highway_bus_stop
891f522ee27ffff,3,3: landuse_industrial
891f522ee2bffff,8,8: landuse_industrial
891f522ee2fffff,10,10: building_apartments
891f522ee3bffff,0,0: landuse_industrial
891f522ee57ffff,8,8: landuse_industrial
891f522ee87ffff,2,2: building_house
891f522ee8bffff,11,11: building_house
891f522ee8fffff,2,2: building_house
891f522ee93ffff,2,2: building_house
891f522ee9bffff,2,2: building_house
891f522eeafffff,7,7: highway_bus_stop
891f522eeb7ffff,7,7: highway_bus_stop
891f522eec7ffff,2,2: building_house
891f522eecbffff,2,2: building_house
891f522eecfffff,2,2: building_house
891f522eed3ffff,2,2: building_house
891f522eedbffff,2,2: building_house
891f522f097ffff,11,11: building_house
891f522f193ffff,4,4: landuse_cemetery
891f522f403ffff,11,11: building_house
891f522f407ffff,2,2: building_house
891f522f40fffff,2,2: building_house
891f522f417ffff,2,2: building_house
891f522f427ffff,11,11: building_house
891f522f42bffff,11,11: building_house
891f522f42fffff,2,2: building_house
891f522f433ffff,2,2: building_house
891f522f437ffff,2,2: building_house
891f522f43bffff,2,2: building_house
891f522f487ffff,10,10: building_apartments
891f522f48fffff,2,2: building_house
891f522f4a3ffff,10,10: building_apartments
891f522f4abffff,2,2: building_house
891f522f4afffff,0,0: landuse_industrial
891f522f4b3ffff,9,9: aeroway_aerodrome
891f522f4b7ffff,7,7: highway_bus_stop
891f522f4bbffff,10,10: building_apartments
891f522f503ffff,11,11: building_house
891f522f50bffff,2,2: building_house
891f522f51bffff,2,2: building_house
891f522f52fffff,7,7: highway_bus_stop
891f522f533ffff,11,11: building_house
891f522f537ffff,2,2: building_house
891f522f53bffff,2,2: building_house
891f522f543ffff,11,11: building_house
891f522f54bffff,2,2: building_house
891f522f553ffff,2,2: building_house
891f522f55bffff,2,2: building_house
891f522f583ffff,7,7: highway_bus_stop
891f522f587ffff,4,4: landuse_cemetery
891f522f58bffff,7,7: highway_bus_stop
891f522f5a3ffff,11,11: building_house
891f522f5a7ffff,2,2: building_house
891f522f5abffff,2,2: building_house
891f522f5afffff,2,2: building_house
891f522f5b7ffff,2,2: building_house
891f522f5c7ffff,2,2: building_house
891f522f5cbffff,2,2: building_house
891f522f5cfffff,2,2: building_house
891f522f5d3ffff,0,0: landuse_industrial
891f522f5d7ffff,2,2: building_house
891f522f5dbffff,2,2: building_house
891f5230923ffff,11,11: building_house
891f5230937ffff,0,0: landuse_industrial
891f52309a3ffff,8,8: landuse_industrial
891f52309a7ffff,8,8: landuse_industrial
891f52309afffff,8,8: landuse_industrial
891f5234003ffff,1,1: amenity_nightclub
891f523400bffff,7,7: highway_bus_stop
891f523400fffff,7,7: highway_bus_stop
891f5234013ffff,7,7: highway_bus_stop
891f5234017ffff,7,7: highway_bus_stop
891f523402bffff,11,11: building_house
891f5234033ffff,8,8: landuse_industrial
891f5234047ffff,7,7: highway_bus_stop
891f523404fffff,7,7: highway_bus_stop
891f5234063ffff,11,11: building_house
891f5234067ffff,2,2: building_house
891f523406bffff,2,2: building_house
891f523406fffff,2,2: building_house
891f5234073ffff,2,2: building_house
891f5234077ffff,2,2: building_house
891f523407bffff,2,2: building_house
891f5234083ffff,3,3: landuse_industrial
891f523408fffff,4,4: landuse_cemetery
891f5234097ffff,3,3: landuse_industrial
891f52340bbffff,4,4: landuse_cemetery
891f5234107ffff,7,7: highway_bus_stop
891f5234117ffff,7,7: highway_bus_stop
891f523411bffff,8,8: landuse_industrial
891f5234123ffff,11,11: building_house
891f5234127ffff,2,2: building_house
891f5234137ffff,7,7: highway_bus_stop
891f5234147ffff,8,8: landuse_industrial
891f523414bffff,11,11: building_house
891f523414fffff,6,6: building_office
891f523415bffff,2,2: building_house
891f5234167ffff,8,8: landuse_industrial
891f523416fffff,6,6: building_office
891f5234177ffff,4,4: landuse_cemetery
891f523418bffff,11,11: building_house
891f523419bffff,7,7: highway_bus_stop
891f52341a3ffff,11,11: building_house
891f52341a7ffff,7,7: highway_bus_stop
891f52341abffff,9,9: aeroway_aerodrome
891f52341bbffff,7,7: highway_bus_stop
891f52341d7ffff,6,6: building_office
891f523420bffff,8,8: landuse_industrial
891f523420fffff,6,6: building_office
891f5234213ffff,11,11: building_house
891f5234223ffff,7,7: highway_bus_stop
891f5234227ffff,8,8: landuse_industrial
891f523422bffff,7,7: highway_bus_stop
891f5234233ffff,8,8: landuse_industrial
891f523423bffff,6,6: building_office
891f5234253ffff,7,7: highway_bus_stop
891f5234257ffff,8,8: landuse_industrial
891f5234263ffff,8,8: landuse_industrial
891f523426fffff,3,3: landuse_industrial
891f5234277ffff,3,3: landuse_industrial
891f5234283ffff,11,11: building_house
891f5234287ffff,7,7: highway_bus_stop
891f523428bffff,2,2: building_house
891f523428fffff,7,7: highway_bus_stop
891f52342a3ffff,8,8: landuse_industrial
891f52342a7ffff,2,2: building_house
891f52342afffff,8,8: landuse_industrial
891f52342b3ffff,7,7: highway_bus_stop
891f52342b7ffff,2,2: building_house
891f52342c3ffff,7,7: highway_bus_stop
891f52342c7ffff,8,8: landuse_industrial
891f52342cbffff,2,2: building_house
891f52342cfffff,0,0: landuse_industrial
891f5234303ffff,11,11: building_house
891f5234307ffff,2,2: building_house
891f523430bffff,2,2: building_house
891f523430fffff,2,2: building_house
891f5234313ffff,2,2: building_house
891f5234317ffff,0,0: landuse_industrial
891f523431bffff,2,2: building_house
891f5234323ffff,6,6: building_office
891f5234327ffff,0,0: landuse_industrial
891f523432bffff,3,3: landuse_industrial
891f523432fffff,0,0: landuse_industrial
891f5234333ffff,0,0: landuse_industrial
891f5234337ffff,0,0: landuse_industrial
891f523433bffff,3,3: landuse_industrial
891f5234343ffff,6,6: building_office
891f5234347ffff,10,10: building_apartments
891f523434fffff,6,6: building_office
891f5234357ffff,0,0: landuse_industrial
891f523435bffff,6,6: building_office
891f5234363ffff,6,6: building_office
891f5234367ffff,3,3: landuse_industrial
891f523436bffff,6,6: building_office
891f523436fffff,0,0: landuse_industrial
891f5234373ffff,6,6: building_office
891f5234377ffff,3,3: landuse_industrial
891f5234383ffff,11,11: building_house
891f5234387ffff,8,8: landuse_industrial
891f523438bffff,2,2: building_house
891f5234393ffff,2,2: building_house
891f523439bffff,2,2: building_house
891f52343abffff,3,3: landuse_industrial
891f52343afffff,3,3: landuse_industrial
891f52343bbffff,3,3: landuse_industrial
891f52343c3ffff,11,11: building_house
891f52343d3ffff,2,2: building_house
891f52343d7ffff,2,2: building_house
891f5234413ffff,4,4: landuse_cemetery
891f5234427ffff,11,11: building_house
891f523442bffff,7,7: highway_bus_stop
891f5234433ffff,4,4: landuse_cemetery
891f5234483ffff,11,11: building_house
891f5234487ffff,2,2: building_house
891f523448bffff,2,2: building_house
891f523448fffff,2,2: building_house
891f5234493ffff,2,2: building_house
891f523449bffff,2,2: building_house
891f52344a7ffff,4,4: landuse_cemetery
891f52344afffff,7,7: highway_bus_stop
891f523450fffff,7,7: highway_bus_stop
891f5234513ffff,4,4: landuse_cemetery
891f523451bffff,7,7: highway_bus_stop
891f5234523ffff,4,4: landuse_cemetery
891f5234527ffff,7,7: highway_bus_stop
891f523453bffff,7,7: highway_bus_stop
891f523454fffff,11,11: building_house
891f5234557ffff,4,4: landuse_cemetery
891f523455bffff,6,6: building_office
891f5234567ffff,7,7: highway_bus_stop
891f523456fffff,2,2: building_house
891f5234587ffff,6,6: building_office
891f523458fffff,5,5: shop_greengrocer
891f52345a7ffff,4,4: landuse_cemetery
891f52345b7ffff,4,4: landuse_cemetery
891f52345c3ffff,11,11: building_house
891f52345c7ffff,4,4: landuse_cemetery
891f52345cfffff,7,7: highway_bus_stop
891f52345d3ffff,7,7: highway_bus_stop
891f52345dbffff,7,7: highway_bus_stop
891f52346c3ffff,4,4: landuse_cemetery
891f52346d3ffff,11,11: building_house
891f52346dbffff,2,2: building_house
891f5234803ffff,11,11: building_house
891f5234807ffff,9,9: aeroway_aerodrome
891f523480bffff,2,2: building_house
891f523480fffff,10,10: building_apartments
891f5234817ffff,9,9: aeroway_aerodrome
891f5234823ffff,7,7: highway_bus_stop
891f5234827ffff,10,10: building_apartments
891f523482fffff,6,6: building_office
891f5234833ffff,9,9: aeroway_aerodrome
891f523483bffff,5,5: shop_greengrocer
891f523484bffff,11,11: building_house
891f523484fffff,7,7: highway_bus_stop
891f523485bffff,2,2: building_house
891f5234863ffff,9,9: aeroway_aerodrome
891f5234867ffff,6,6: building_office
891f523486fffff,9,9: aeroway_aerodrome
891f5234873ffff,2,2: building_house
891f5234877ffff,1,1: amenity_nightclub
891f523487bffff,6,6: building_office
891f523488bffff,4,4: landuse_cemetery
891f523488fffff,5,5: shop_greengrocer
891f523489bffff,9,9: aeroway_aerodrome
891f52348a3ffff,4,4: landuse_cemetery
891f52348abffff,5,5: shop_greengrocer
891f52348bbffff,5,5: shop_greengrocer
891f52348d7ffff,9,9: aeroway_aerodrome
891f52348dbffff,3,3: landuse_industrial
891f5234903ffff,9,9: aeroway_aerodrome
891f5234907ffff,5,5: shop_greengrocer
891f523490bffff,5,5: shop_greengrocer
891f523490fffff,5,5: shop_greengrocer
891f5234913ffff,5,5: shop_greengrocer
891f5234917ffff,5,5: shop_greengrocer
891f523491bffff,5,5: shop_greengrocer
891f5234923ffff,6,6: building_office
891f523492bffff,6,6: building_office
891f523492fffff,6,6: building_office
891f5234937ffff,6,6: building_office
891f523493bffff,5,5: shop_greengrocer
891f5234943ffff,5,5: shop_greengrocer
891f5234947ffff,5,5: shop_greengrocer
891f523494bffff,5,5: shop_greengrocer
891f523494fffff,5,5: shop_greengrocer
891f5234953ffff,5,5: shop_greengrocer
891f5234957ffff,5,5: shop_greengrocer
891f523495bffff,10,10: building_apartments
891f5234963ffff,6,6: building_office
891f523496bffff,11,11: building_house
891f523496fffff,6,6: building_office
891f5234973ffff,5,5: shop_greengrocer
891f5234977ffff,5,5: shop_greengrocer
891f523497bffff,5,5: shop_greengrocer
891f5234983ffff,6,6: building_office
891f5234987ffff,1,1: amenity_nightclub
891f523498bffff,5,5: shop_greengrocer
891f523498fffff,6,6: building_office
891f5234997ffff,6,6: building_office
891f523499bffff,9,9: aeroway_aerodrome
891f52349a3ffff,7,7: highway_bus_stop
891f52349abffff,5,5: shop_greengrocer
891f52349afffff,5,5: shop_greengrocer
891f52349b3ffff,6,6: building_office
891f52349b7ffff,9,9: aeroway_aerodrome
891f52349bbffff,5,5: shop_greengrocer
891f52349c3ffff,11,11: building_house
891f52349c7ffff,5,5: shop_greengrocer
891f52349cbffff,10,10: building_apartments
891f52349cfffff,5,5: shop_greengrocer
891f52349d3ffff,9,9: aeroway_aerodrome
891f52349d7ffff,9,9: aeroway_aerodrome
891f52349dbffff,6,6: building_office
891f5234a03ffff,6,6: building_office
891f5234a07ffff,6,6: building_office
891f5234a13ffff,3,3: landuse_industrial
891f5234a17ffff,6,6: building_office
891f5234a23ffff,3,3: landuse_industrial
891f5234a27ffff,6,6: building_office
891f5234a2fffff,5,5: shop_greengrocer
891f5234a33ffff,6,6: building_office
891f5234a37ffff,3,3: landuse_industrial
891f5234a3bffff,3,3: landuse_industrial
891f5234a67ffff,3,3: landuse_industrial
891f5234a6bffff,3,3: landuse_industrial
891f5234a77ffff,3,3: landuse_industrial
891f5234a83ffff,7,7: highway_bus_stop
891f5234a87ffff,2,2: building_house
891f5234a8bffff,6,6: building_office
891f5234a8fffff,0,0: landuse_industrial
891f5234a93ffff,11,11: building_house
891f5234a97ffff,10,10: building_apartments
891f5234aa3ffff,6,6: building_office
891f5234aa7ffff,6,6: building_office
891f5234aabffff,6,6: building_office
891f5234aafffff,3,3: landuse_industrial
891f5234ab3ffff,0,0: landuse_industrial
891f5234ab7ffff,0,0: landuse_industrial
891f5234abbffff,2,2: building_house
891f5234ac3ffff,6,6: building_office
891f5234ac7ffff,6,6: building_office
891f5234ad7ffff,0,0: landuse_industrial
891f5234b03ffff,9,9: aeroway_aerodrome
891f5234b07ffff,5,5: shop_greengrocer
891f5234b0bffff,9,9: aeroway_aerodrome
891f5234b0fffff,5,5: shop_greengrocer
891f5234b13ffff,5,5: shop_greengrocer
891f5234b17ffff,5,5: shop_greengrocer
891f5234b1bffff,5,5: shop_greengrocer
891f5234b23ffff,9,9: aeroway_aerodrome
891f5234b27ffff,6,6: building_office
891f5234b2bffff,10,10: building_apartments
891f5234b2fffff,5,5: shop_greengrocer
891f5234b33ffff,5,5: shop_greengrocer
891f5234b37ffff,5,5: shop_greengrocer
891f5234b3bffff,5,5: shop_greengrocer
891f5234b43ffff,9,9: aeroway_aerodrome
891f5234b47ffff,9,9: aeroway_aerodrome
891f5234b4bffff,5,5: shop_greengrocer
891f5234b4fffff,5,5: shop_greengrocer
891f5234b53ffff,5,5: shop_greengrocer
891f5234b57ffff,5,5: shop_greengrocer
891f5234b5bffff,5,5: shop_greengrocer
891f5234b63ffff,9,9: aeroway_aerodrome
891f5234b67ffff,10,10: building_apartments
891f5234b6bffff,5,5: shop_greengrocer
891f5234b6fffff,5,5: shop_greengrocer
891f5234b73ffff,5,5: shop_greengrocer
891f5234b77ffff,5,5: shop_greengrocer
891f5234b7bffff,5,5: shop_greengrocer
891f5234b83ffff,11,11: building_house
891f5234b87ffff,6,6: building_office
891f5234b8bffff,9,9: aeroway_aerodrome
891f5234b8fffff,5,5: shop_greengrocer
891f5234b93ffff,3,3: landuse_industrial
891f5234b97ffff,10,10: building_apartments
891f5234b9bffff,6,6: building_office
891f5234ba3ffff,5,5: shop_greengrocer
891f5234ba7ffff,5,5: shop_greengrocer
891f5234babffff,5,5: shop_greengrocer
891f5234bafffff,5,5: shop_greengrocer
891f5234bb3ffff,5,5: shop_greengrocer
891f5234bb7ffff,5,5: shop_greengrocer
891f5234bbbffff,5,5: shop_greengrocer
891f5234bc3ffff,9,9: aeroway_aerodrome
891f5234bc7ffff,5,5: shop_greengrocer
891f5234bcbffff,9,9: aeroway_aerodrome
891f5234bcfffff,5,5: shop_greengrocer
891f5234bd3ffff,9,9: aeroway_aerodrome
891f5234bd7ffff,10,10: building_apartments
891f5234bdbffff,3,3: landuse_industrial
891f5234c03ffff,3,3: landuse_industrial
891f5234c17ffff,3,3: landuse_industrial
891f5234c1bffff,3,3: landuse_industrial
891f5234c53ffff,8,8: landuse_industrial
891f5234c63ffff,7,7: highway_bus_stop
891f5234c83ffff,3,3: landuse_industrial
891f5234c87ffff,3,3: landuse_industrial
891f5234c8bffff,3,3: landuse_industrial
891f5234c8fffff,3,3: landuse_industrial
891f5234c93ffff,3,3: landuse_industrial
891f5234c97ffff,3,3: landuse_industrial
891f5234c9bffff,6,6: building_office
891f5234cb7ffff,11,11: building_house
891f5234cbbffff,3,3: landuse_industrial
891f5234cc3ffff,1,1: amenity_nightclub
891f5234cc7ffff,3,3: landuse_industrial
891f5234ccbffff,6,6: building_office
891f5234ccfffff,7,7: highway_bus_stop
891f5234cd7ffff,3,3: landuse_industrial
891f5234d03ffff,11,11: building_house
891f5234d07ffff,5,5: shop_greengrocer
891f5234d0bffff,6,6: building_office
891f5234d0fffff,6,6: building_office
891f5234d13ffff,6,6: building_office
891f5234d17ffff,6,6: building_office
891f5234d1bffff,6,6: building_office
891f5234d23ffff,9,9: aeroway_aerodrome
891f5234d27ffff,9,9: aeroway_aerodrome
891f5234d2fffff,9,9: aeroway_aerodrome
891f5234d33ffff,5,5: shop_greengrocer
891f5234d37ffff,5,5: shop_greengrocer
891f5234d3bffff,5,5: shop_greengrocer
891f5234d4bffff,6,6: building_office
891f5234d6bffff,9,9: aeroway_aerodrome
891f5234d6fffff,9,9: aeroway_aerodrome
891f5234d83ffff,4,4: landuse_cemetery
891f5234d87ffff,6,6: building_office
891f5234d8bffff,2,2: building_house
891f5234d93ffff,0,0: landuse_industrial
891f5234d97ffff,6,6: building_office
891f5234d9bffff,0,0: landuse_industrial
891f5234da3ffff,9,9: aeroway_aerodrome
891f5234da7ffff,5,5: shop_greengrocer
891f5234dabffff,5,5: shop_greengrocer
891f5234dafffff,5,5: shop_greengrocer
891f5234db3ffff,6,6: building_office
891f5234db7ffff,5,5: shop_greengrocer
891f5234dbbffff,5,5: shop_greengrocer
891f5234dd7ffff,2,2: building_house
891f5234e1bffff,7,7: highway_bus_stop
891f5234e2bffff,2,2: building_house
891f5234e2fffff,2,2: building_house
891f5234e43ffff,11,11: building_house
891f5234e4bffff,4,4: landuse_cemetery
891f5234e4fffff,6,6: building_office
891f5234e53ffff,0,0: landuse_industrial
891f5234e57ffff,2,2: building_house
891f5234e5bffff,2,2: building_house
891f5234e63ffff,9,9: aeroway_aerodrome
891f5234e67ffff,2,2: building_house
891f5234e6bffff,10,10: building_apartments
891f5234e73ffff,9,9: aeroway_aerodrome
891f5234e77ffff,10,10: building_apartments
891f5234e7bffff,6,6: building_office
891f5234e87ffff,7,7: highway_bus_stop
891f5234e8fffff,10,10: building_apartments
891f5234e9bffff,8,8: landuse_industrial
891f5234ec3ffff,8,8: landuse_industrial
891f5234ec7ffff,11,11: building_house
891f5234ecbffff,2,2: building_house
891f5234ecfffff,0,0: landuse_industrial
891f5234ed3ffff,0,0: landuse_industrial
891f5234ed7ffff,0,0: landuse_industrial
891f5234edbffff,0,0: landuse_industrial
891f5235007ffff,7,7: highway_bus_stop
891f5235043ffff,11,11: building_house
891f5235047ffff,2,2: building_house
891f523504bffff,2,2: building_house
891f523504fffff,0,0: landuse_industrial
891f523505bffff,2,2: building_house
891f5235063ffff,11,11: building_house
891f523506fffff,2,2: building_house
891f523507bffff,2,2: building_house
891f5235093ffff,3,3: landuse_industrial
891f5235097ffff,3,3: landuse_industrial
891f52350abffff,7,7: highway_bus_stop
891f52350b3ffff,3,3: landuse_industrial
891f52350b7ffff,0,0: landuse_industrial
891f5235103ffff,11,11: building_house
891f5235123ffff,4,4: landuse_cemetery
891f523512bffff,2,2: building_house
891f523512fffff,2,2: building_house
891f523513bffff,4,4: landuse_cemetery
891f523514fffff,11,11: building_house
891f5235167ffff,2,2: building_house
891f523516bffff,9,9: aeroway_aerodrome
891f523516fffff,7,7: highway_bus_stop
891f5235173ffff,8,8: landuse_industrial
891f5235177ffff,2,2: building_house
891f523517bffff,4,4: landuse_cemetery
891f52351cfffff,11,11: building_house
891f523522bffff,11,11: building_house
891f5235237ffff,8,8: landuse_industrial
891f5235263ffff,7,7: highway_bus_stop
891f5235267ffff,2,2: building_house
891f523526bffff,8,8: landuse_industrial
891f523526fffff,7,7: highway_bus_stop
891f523528fffff,11,11: building_house
891f5235297ffff,2,2: building_house
891f52352a7ffff,11,11: building_house
891f52352afffff,8,8: landuse_industrial
891f523534fffff,7,7: highway_bus_stop
891f5235363ffff,11,11: building_house
891f523536bffff,3,3: landuse_industrial
891f523536fffff,0,0: landuse_industrial
891f523537bffff,8,8: landuse_industrial
891f5235383ffff,7,7: highway_bus_stop
891f5235387ffff,11,11: building_house
891f523539bffff,2,2: building_house
891f52353b3ffff,7,7: highway_bus_stop
891f52353b7ffff,2,2: building_house
891f52353cbffff,0,0: landuse_industrial
891f52353cfffff,7,7: highway_bus_stop
891f5235403ffff,11,11: building_house
891f523540bffff,8,8: landuse_industrial
891f523540fffff,2,2: building_house
891f5235413ffff,0,0: landuse_industrial
891f5235417ffff,8,8: landuse_industrial
891f523541bffff,3,3: landuse_industrial
891f5235427ffff,11,11: building_house
891f523542bffff,0,0: landuse_industrial
891f523542fffff,8,8: landuse_industrial
891f523543bffff,2,2: building_house
891f5235463ffff,11,11: building_house
891f5235467ffff,0,0: landuse_industrial
891f523546bffff,2,2: building_house
891f523546fffff,7,7: highway_bus_stop
891f523548bffff,0,0: landuse_industrial
891f523548fffff,2,2: building_house
891f523549bffff,2,2: building_house
891f52354a7ffff,11,11: building_house
891f52354c3ffff,7,7: highway_bus_stop
891f52354c7ffff,0,0: landuse_industrial
891f52354cbffff,3,3: landuse_industrial
891f52354cfffff,7,7: highway_bus_stop
891f52354dbffff,0,0: landuse_industrial
891f5235503ffff,11,11: building_house
891f5235507ffff,2,2: building_house
891f523550fffff,7,7: highway_bus_stop
891f5235517ffff,7,7: highway_bus_stop
891f5235523ffff,8,8: landuse_industrial
891f5235527ffff,8,8: landuse_industrial
891f5235533ffff,7,7: highway_bus_stop
891f5235537ffff,3,3: landuse_industrial
891f523553bffff,0,0: landuse_industrial
891f5235543ffff,4,4: landuse_cemetery
891f523554bffff,8,8: landuse_industrial
891f523554fffff,3,3: landuse_industrial
891f5235553ffff,2,2: building_house
891f523555bffff,8,8: landuse_industrial
891f5235577ffff,0,0: landuse_industrial
891f52355afffff,0,0: landuse_industrial
891f52355c3ffff,7,7: highway_bus_stop
891f52355dbffff,2,2: building_house
891f5235603ffff,8,8: landuse_industrial
891f5235613ffff,7,7: highway_bus_stop
891f523561bffff,7,7: highway_bus_stop
891f5235663ffff,7,7: highway_bus_stop
891f523566bffff,4,4: landuse_cemetery
891f523567bffff,7,7: highway_bus_stop
891f5235683ffff,11,11: building_house
891f5235687ffff,2,2: building_house
891f523568fffff,2,2: building_house
891f52356a3ffff,11,11: building_house
891f52356b3ffff,2,2: building_house
891f52356b7ffff,7,7: highway_bus_stop
891f52356bbffff,7,7: highway_bus_stop
891f5235803ffff,11,11: building_house
891f5235807ffff,2,2: building_house
891f523580bffff,2,2: building_house
891f5235813ffff,2,2: building_house
891f5235817ffff,2,2: building_house
891f523581bffff,2,2: building_house
891f5235827ffff,6,6: building_office
891f5235833ffff,2,2: building_house
891f5235837ffff,8,8: landuse_industrial
891f5235843ffff,11,11: building_house
891f523584bffff,2,2: building_house
891f523584fffff,2,2: building_house
891f5235853ffff,10,10: building_apartments
891f5235857ffff,0,0: landuse_industrial
891f523585bffff,2,2: building_house
891f523586bffff,0,0: landuse_industrial
891f523586fffff,0,0: landuse_industrial
891f5235883ffff,9,9: aeroway_aerodrome
891f5235887ffff,9,9: aeroway_aerodrome
891f5235893ffff,10,10: building_apartments
891f5235897ffff,10,10: building_apartments
891f52358a3ffff,11,11: building_house
891f52358a7ffff,2,2: building_house
891f52358afffff,0,0: landuse_industrial
891f52358b3ffff,9,9: aeroway_aerodrome
891f52358b7ffff,3,3: landuse_industrial
891f52358c3ffff,11,11: building_house
891f52358c7ffff,0,0: landuse_industrial
891f52358cbffff,2,2: building_house
891f52358dbffff,2,2: building_house
891f5235903ffff,11,11: building_house
891f5235907ffff,10,10: building_apartments
891f523590bffff,0,0: landuse_industrial
891f523590fffff,0,0: landuse_industrial
891f5235913ffff,2,2: building_house
891f5235917ffff,2,2: building_house
891f523592bffff,3,3: landuse_industrial
891f523592fffff,8,8: landuse_industrial
891f5235933ffff,0,0: landuse_industrial
891f5235937ffff,0,0: landuse_industrial
891f523593bffff,0,0: landuse_industrial
891f5235943ffff,11,11: building_house
891f5235947ffff,3,3: landuse_industrial
891f523594bffff,3,3: landuse_industrial
891f523594fffff,3,3: landuse_industrial
891f523595bffff,6,6: building_office
891f5235963ffff,0,0: landuse_industrial
891f5235967ffff,3,3: landuse_industrial
891f523596bffff,0,0: landuse_industrial
891f523596fffff,0,0: landuse_industrial
891f5235973ffff,0,0: landuse_industrial
891f5235977ffff,3,3: landuse_industrial
891f523597bffff,3,3: landuse_industrial
891f523598bffff,2,2: building_house
891f52359a3ffff,11,11: building_house
891f52359a7ffff,0,0: landuse_industrial
891f52359abffff,0,0: landuse_industrial
891f52359afffff,0,0: landuse_industrial
891f52359b3ffff,2,2: building_house
891f52359bbffff,0,0: landuse_industrial
891f52359c7ffff,0,0: landuse_industrial
891f52359d3ffff,2,2: building_house
891f52359d7ffff,0,0: landuse_industrial
891f5235a03ffff,3,3: landuse_industrial
891f5235a07ffff,0,0: landuse_industrial
891f5235a0bffff,0,0: landuse_industrial
891f5235a13ffff,6,6: building_office
891f5235a17ffff,3,3: landuse_industrial
891f5235a1bffff,0,0: landuse_industrial
891f5235a33ffff,0,0: landuse_industrial
891f5235a37ffff,2,2: building_house
891f5235a3bffff,0,0: landuse_industrial
891f5235a43ffff,11,11: building_house
891f5235a47ffff,10,10: building_apartments
891f5235a4bffff,2,2: building_house
891f5235a4fffff,2,2: building_house
891f5235a53ffff,2,2: building_house
891f5235a57ffff,2,2: building_house
891f5235a5bffff,2,2: building_house
891f5235a63ffff,3,3: landuse_industrial
891f5235a6bffff,2,2: building_house
891f5235a73ffff,0,0: landuse_industrial
891f5235a77ffff,0,0: landuse_industrial
891f5235a7bffff,0,0: landuse_industrial
891f5235a83ffff,10,10: building_apartments
891f5235a87ffff,10,10: building_apartments
891f5235a8bffff,10,10: building_apartments
891f5235a8fffff,9,9: aeroway_aerodrome
891f5235a93ffff,10,10: building_apartments
891f5235a97ffff,2,2: building_house
891f5235a9bffff,0,0: landuse_industrial
891f5235aa3ffff,11,11: building_house
891f5235aa7ffff,2,2: building_house
891f5235aabffff,0,0: landuse_industrial
891f5235aafffff,3,3: landuse_industrial
891f5235ab3ffff,2,2: building_house
891f5235ab7ffff,2,2: building_house
891f5235abbffff,0,0: landuse_industrial
891f5235ac3ffff,11,11: building_house
891f5235ac7ffff,0,0: landuse_industrial
891f5235acbffff,2,2: building_house
891f5235acfffff,2,2: building_house
891f5235ad3ffff,0,0: landuse_industrial
891f5235ad7ffff,0,0: landuse_industrial
891f5235adbffff,2,2: building_house
891f5235b03ffff,0,0: landuse_industrial
891f5235b07ffff,3,3: landuse_industrial
891f5235b0bffff,0,0: landuse_industrial
891f5235b0fffff,0,0: landuse_industrial
891f5235b13ffff,3,3: landuse_industrial
891f5235b17ffff,0,0: landuse_industrial
891f5235b1bffff,0,0: landuse_industrial
891f5235b23ffff,11,11: building_house
891f5235b27ffff,10,10: building_apartments
891f5235b2bffff,0,0: landuse_industrial
891f5235b2fffff,2,2: building_house
891f5235b37ffff,0,0: landuse_industrial
891f5235b43ffff,0,0: landuse_industrial
891f5235b47ffff,0,0: landuse_industrial
891f5235b4bffff,2,2: building_house
891f5235b57ffff,8,8: landuse_industrial
891f5235b63ffff,11,11: building_house
891f5235b67ffff,8,8: landuse_industrial
891f5235b6bffff,10,10: building_apartments
891f5235b6fffff,0,0: landuse_industrial
891f5235b73ffff,0,0: landuse_industrial
891f5235b77ffff,0,0: landuse_industrial
891f5235b83ffff,0,0: landuse_industrial
891f5235b87ffff,0,0: landuse_industrial
891f5235b8bffff,0,0: landuse_industrial
891f5235b8fffff,0,0: landuse_industrial
891f5235b93ffff,0,0: landuse_industrial
891f5235b97ffff,6,6: building_office
891f5235b9bffff,0,0: landuse_industrial
891f5235ba3ffff,0,0: landuse_industrial
891f5235ba7ffff,0,0: landuse_industrial
891f5235babffff,0,0: landuse_industrial
891f5235bafffff,0,0: landuse_industrial
891f5235bb3ffff,0,0: landuse_industrial
891f5235bb7ffff,2,2: building_house
891f5235bbbffff,0,0: landuse_industrial
891f5235bc3ffff,6,6: building_office
891f5235bd3ffff,10,10: building_apartments
891f5235bd7ffff,0,0: landuse_industrial
891f5235bdbffff,3,3: landuse_industrial
891f5235c2bffff,2,2: building_house
891f5235c37ffff,8,8: landuse_industrial
891f5235c4bffff,11,11: building_house
891f5235c63ffff,11,11: building_house
891f5235c67ffff,2,2: building_house
891f5235c6bffff,7,7: highway_bus_stop
891f5235c6fffff,2,2: building_house
891f5235c8bffff,11,11: building_house
891f5235ca7ffff,7,7: highway_bus_stop
891f5235cd7ffff,0,0: landuse_industrial
891f5235d0fffff,11,11: building_house
891f5235d2bffff,8,8: landuse_industrial
891f5235d3bffff,8,8: landuse_industrial
891f5235d43ffff,11,11: building_house
891f5235d4bffff,2,2: building_house
891f5235d53ffff,2,2: building_house
891f5235d57ffff,2,2: building_house
891f5235d5bffff,2,2: building_house
891f5235d6bffff,8,8: landuse_industrial
891f5235d6fffff,2,2: building_house
891f5235d73ffff,0,0: landuse_industrial
891f5235d7bffff,3,3: landuse_industrial
891f5235d83ffff,6,6: building_office
891f5235d87ffff,8,8: landuse_industrial
891f5235d8bffff,3,3: landuse_industrial
891f5235d93ffff,3,3: landuse_industrial
891f5235d97ffff,0,0: landuse_industrial
891f5235d9bffff,0,0: landuse_industrial
891f5235da3ffff,3,3: landuse_industrial
891f5235da7ffff,6,6: building_office
891f5235dabffff,6,6: building_office
891f5235dafffff,6,6: building_office
891f5235db3ffff,1,1: amenity_nightclub
891f5235db7ffff,6,6: building_office
891f5235dc7ffff,0,0: landuse_industrial
891f5235dcfffff,2,2: building_house
891f5235dd7ffff,8,8: landuse_industrial
891f5235e03ffff,11,11: building_house
891f5235e07ffff,2,2: building_house
891f5235e0bffff,2,2: building_house
891f5235e0fffff,2,2: building_house
891f5235e1bffff,2,2: building_house
891f5235e23ffff,11,11: building_house
891f5235e27ffff,10,10: building_apartments
891f5235e2bffff,10,10: building_apartments
891f5235e2fffff,10,10: building_apartments
891f5235e37ffff,2,2: building_house
891f5235e43ffff,11,11: building_house
891f5235e47ffff,2,2: building_house
891f5235e4bffff,0,0: landuse_industrial
891f5235e4fffff,4,4: landuse_cemetery
891f5235e57ffff,2,2: building_house
891f5235e63ffff,10,10: building_apartments
891f5235e67ffff,10,10: building_apartments
891f5235e6bffff,2,2: building_house
891f5235e6fffff,0,0: landuse_industrial
891f5235e73ffff,2,2: building_house
891f5235e77ffff,10,10: building_apartments
891f5235e7bffff,2,2: building_house
891f5235e83ffff,7,7: highway_bus_stop
891f5235e87ffff,0,0: landuse_industrial
891f5235e8bffff,2,2: building_house
891f5235e8fffff,0,0: landuse_industrial
891f5235e93ffff,2,2: building_house
891f5235e97ffff,2,2: building_house
891f5235e9bffff,2,2: building_house
891f5235ea3ffff,11,11: building_house
891f5235eafffff,2,2: building_house
891f5235eb3ffff,2,2: building_house
891f5235eb7ffff,2,2: building_house
891f5235ebbffff,2,2: building_house
891f5235ec3ffff,7,7: highway_bus_stop
891f5235ed7ffff,2,2: building_house
891f523620bffff,7,7: highway_bus_stop
891f523620fffff,2,2: building_house
891f523621bffff,2,2: building_house
891f523622bffff,2,2: building_house
891f5236257ffff,2,2: building_house
891f5236263ffff,11,11: building_house
891f5236267ffff,2,2: building_house
891f5236273ffff,2,2: building_house
891f5236277ffff,2,2: building_house
891f5236363ffff,7,7: highway_bus_stop
891f523636fffff,7,7: highway_bus_stop
891f5236377ffff,7,7: highway_bus_stop
891f523639bffff,8,8: landuse_industrial
891f52363abffff,4,4: landuse_cemetery
891f523642bffff,4,4: landuse_cemetery
891f52365b7ffff,7,7: highway_bus_stop
891f523668bffff,7,7: highway_bus_stop
891f5236807ffff,8,8: landuse_industrial
891f5236817ffff,8,8: landuse_industrial
891f523682bffff,7,7: highway_bus_stop
891f5236867ffff,8,8: landuse_industrial
891f523686fffff,3,3: landuse_industrial
891f523687bffff,4,4: landuse_cemetery
891f52368abffff,8,8: landuse_industrial
891f52368b3ffff,6,6: building_office
891f52368bbffff,7,7: highway_bus_stop
891f5236903ffff,9,9: aeroway_aerodrome
891f5236907ffff,9,9: aeroway_aerodrome
891f523690bffff,10,10: building_apartments
891f5236917ffff,10,10: building_apartments
891f523691bffff,10,10: building_apartments
891f5236923ffff,10,10: building_apartments
891f5236927ffff,3,3: landuse_industrial
891f523692fffff,9,9: aeroway_aerodrome
891f5236933ffff,6,6: building_office
891f5236937ffff,7,7: highway_bus_stop
891f523693bffff,3,3: landuse_industrial
891f5236947ffff,7,7: highway_bus_stop
891f52369a3ffff,7,7: highway_bus_stop
891f52369abffff,4,4: landuse_cemetery
891f5236a0bffff,6,6: building_office
891f5236a0fffff,6,6: building_office
891f5236a1bffff,6,6: building_office
891f5236a23ffff,3,3: landuse_industrial
891f5236a27ffff,1,1: amenity_nightclub
891f5236a2bffff,3,3: landuse_industrial
891f5236a2fffff,6,6: building_office
891f5236a37ffff,0,0: landuse_industrial
891f5236a3bffff,6,6: building_office
891f5236a67ffff,0,0: landuse_industrial
891f5236a73ffff,6,6: building_office
891f5236a77ffff,3,3: landuse_industrial
891f5236ac3ffff,6,6: building_office
891f5236acbffff,1,1: amenity_nightclub
891f5236acfffff,6,6: building_office
891f5236ad3ffff,11,11: building_house
891f5236b03ffff,8,8: landuse_industrial
891f5236b07ffff,3,3: landuse_industrial
891f5236b0fffff,3,3: landuse_industrial
891f5236b13ffff,3,3: landuse_industrial
891f5236b17ffff,8,8: landuse_industrial
891f5236b23ffff,6,6: building_office
891f5236b2bffff,6,6: building_office
891f5236b2fffff,3,3: landuse_industrial
891f5236b33ffff,3,3: landuse_industrial
891f5236b37ffff,3,3: landuse_industrial
891f5236b3bffff,6,6: building_office
891f5236b43ffff,8,8: landuse_industrial
891f5236b47ffff,8,8: landuse_industrial
891f5236b4bffff,3,3: landuse_industrial
891f5236b4fffff,0,0: landuse_industrial
891f5236b53ffff,9,9: aeroway_aerodrome
891f5236b5bffff,0,0: landuse_industrial
891f5236b63ffff,11,11: building_house
891f5236b67ffff,0,0: landuse_industrial
891f5236b6bffff,2,2: building_house
891f5236b6fffff,0,0: landuse_industrial
891f5236b7bffff,2,2: building_house
891f5236b87ffff,4,4: landuse_cemetery
891f5236b8bffff,3,3: landuse_industrial
891f5236b8fffff,3,3: landuse_industrial
891f5236ba3ffff,3,3: landuse_industrial
891f5236babffff,3,3: landuse_industrial
891f5236bafffff,3,3: landuse_industrial
891f5236bb3ffff,6,6: building_office
891f5236bbbffff,6,6: building_office
891f5236bc3ffff,7,7: highway_bus_stop
891f5236bc7ffff,0,0: landuse_industrial
891f5236bcbffff,3,3: landuse_industrial
891f5236bcfffff,9,9: aeroway_aerodrome
891f5236bd3ffff,6,6: building_office
891f5236bd7ffff,3,3: landuse_industrial
891f5236bdbffff,7,7: highway_bus_stop
891f5236c07ffff,8,8: landuse_industrial
891f5236c0fffff,0,0: landuse_industrial
891f5236c33ffff,0,0: landuse_industrial
891f5236c37ffff,2,2: building_house
891f5236ca3ffff,6,6: building_office
891f5236ca7ffff,10,10: building_apartments
891f5236cafffff,6,6: building_office
891f5236cb7ffff,2,2: building_house
891f5236cbbffff,0,0: landuse_industrial
891f5236d03ffff,11,11: building_house
891f5236d07ffff,7,7: highway_bus_stop
891f5236d0bffff,2,2: building_house
891f5236d0fffff,10,10: building_apartments
891f5236d13ffff,0,0: landuse_industrial
891f5236d17ffff,0,0: landuse_industrial
891f5236d1bffff,2,2: building_house
891f5236d23ffff,6,6: building_office
891f5236d27ffff,6,6: building_office
891f5236d2fffff,0,0: landuse_industrial
891f5236d33ffff,0,0: landuse_industrial
891f5236d37ffff,6,6: building_office
891f5236d3bffff,1,1: amenity_nightclub
891f5236d43ffff,6,6: building_office
891f5236d47ffff,6,6: building_office
891f5236d4bffff,6,6: building_office
891f5236d4fffff,6,6: building_office
891f5236d53ffff,6,6: building_office
891f5236d57ffff,2,2: building_house
891f5236d5bffff,6,6: building_office
891f5236d73ffff,0,0: landuse_industrial
891f5236d77ffff,7,7: highway_bus_stop
891f5236d7bffff,3,3: landuse_industrial
891f5236d83ffff,11,11: building_house
891f5236d87ffff,10,10: building_apartments
891f5236d8bffff,0,0: landuse_industrial
891f5236d8fffff,6,6: building_office
891f5236d93ffff,0,0: landuse_industrial
891f5236d97ffff,10,10: building_apartments
891f5236d9bffff,2,2: building_house
891f5236da3ffff,3,3: landuse_industrial
891f5236dabffff,6,6: building_office
891f5236dafffff,3,3: landuse_industrial
891f5236db3ffff,0,0: landuse_industrial
891f5236db7ffff,8,8: landuse_industrial
891f5236dbbffff,0,0: landuse_industrial
891f5236dc3ffff,11,11: building_house
891f5236dc7ffff,0,0: landuse_industrial
891f5236dcbffff,2,2: building_house
891f5236dcfffff,2,2: building_house
891f5236dd3ffff,10,10: building_apartments
891f5236dd7ffff,6,6: building_office
891f5236e6fffff,2,2: building_house
891f523702bffff,11,11: building_house
891f5237067ffff,2,2: building_house
891f5237207ffff,11,11: building_house
891f523721bffff,4,4: landuse_cemetery
891f5237223ffff,11,11: building_house
891f5237227ffff,2,2: building_house
891f523722fffff,2,2: building_house
891f5237233ffff,2,2: building_house
891f5237263ffff,11,11: building_house
891f5237267ffff,2,2: building_house
891f523726bffff,8,8: landuse_industrial
891f523726fffff,2,2: building_house
891f5237277ffff,3,3: landuse_industrial
891f523727bffff,0,0: landuse_industrial
891f52372abffff,2,2: building_house
891f5237333ffff,7,7: highway_bus_stop
891f523733bffff,7,7: highway_bus_stop
891f523734bffff,11,11: building_house
891f523736fffff,8,8: landuse_industrial
891f5237383ffff,11,11: building_house
891f5237387ffff,2,2: building_house
891f5237393ffff,2,2: building_house
891f5237397ffff,2,2: building_house
891f523739bffff,2,2: building_house
891f52373a3ffff,11,11: building_house
891f52373a7ffff,2,2: building_house
891f52373b3ffff,2,2: building_house
891f52373b7ffff,2,2: building_house
891f52373cbffff,2,2: building_house
891f52373d3ffff,11,11: building_house
891f52373dbffff,2,2: building_house
891f52ac14bffff,11,11: building_house
891f52ac163ffff,6,6: building_office
891f52ac16fffff,6,6: building_office
891f52ac303ffff,11,11: building_house
891f52ac327ffff,11,11: building_house
891f52ac32fffff,7,7: highway_bus_stop
891f52ac343ffff,7,7: highway_bus_stop
891f52ac347ffff,11,11: building_house
891f52ac357ffff,2,2: building_house
891f52ac363ffff,11,11: building_house
891f52ac367ffff,7,7: highway_bus_stop
891f52ac36fffff,2,2: building_house
891f52ac373ffff,7,7: highway_bus_stop
891f52ac377ffff,2,2: building_house
891f52ac37bffff,2,2: building_house
891f52ac387ffff,2,2: building_house
891f52ac38fffff,2,2: building_house
891f52ac3b3ffff,2,2: building_house
891f52ac803ffff,8,8: landuse_industrial
891f52ac80bffff,8,8: landuse_industrial
891f52ac817ffff,0,0: landuse_industrial
891f52ac81bffff,7,7: highway_bus_stop
891f52ac823ffff,11,11: building_house
891f52ac827ffff,4,4: landuse_cemetery
891f52ac82bffff,7,7: highway_bus_stop
891f52ac833ffff,7,7: highway_bus_stop
891f52ac837ffff,7,7: highway_bus_stop
891f52ac857ffff,8,8: landuse_industrial
891f52ac88bffff,11,11: building_house
891f52ac88fffff,10,10: building_apartments
891f52ac89bffff,7,7: highway_bus_stop
891f52ac8abffff,7,7: highway_bus_stop
891f52ac8afffff,2,2: building_house
891f52ac8c3ffff,8,8: landuse_industrial
891f52ac8cfffff,8,8: landuse_industrial
891f52ac8dbffff,7,7: highway_bus_stop
891f52ac90bffff,11,11: building_house
891f52ac90fffff,2,2: building_house
891f52ac93bffff,2,2: building_house
891f52ac94bffff,8,8: landuse_industrial
891f52ac957ffff,9,9: aeroway_aerodrome
891f52ac963ffff,11,11: building_house
891f52ac967ffff,10,10: building_apartments
891f52ac96fffff,2,2: building_house
891f52ac973ffff,7,7: highway_bus_stop
891f52ac977ffff,7,7: highway_bus_stop
891f52ac9dbffff,7,7: highway_bus_stop
891f52aca93ffff,11,11: building_house
891f52aca97ffff,2,2: building_house
891f52aca9bffff,2,2: building_house
891f52acad3ffff,4,4: landuse_cemetery
891f52acb37ffff,6,6: building_office
891f52acb87ffff,8,8: landuse_industrial
891f52acb8bffff,11,11: building_house
891f52acb93ffff,7,7: highway_bus_stop
891f52acb97ffff,3,3: landuse_industrial
891f52acb9bffff,2,2: building_house
891f52acba3ffff,8,8: landuse_industrial
891f52acbb3ffff,7,7: highway_bus_stop
891f52acbc3ffff,11,11: building_house
891f52acbc7ffff,2,2: building_house
891f52acbd3ffff,2,2: building_house
891f52acbd7ffff,2,2: building_house
891f52acc4bffff,4,4: landuse_cemetery
891f52acc63ffff,7,7: highway_bus_stop
891f52acc7bffff,2,2: building_house
891f52ace07ffff,11,11: building_house
891f52ace0fffff,2,2: building_house
891f52ace23ffff,11,11: building_house
891f52ace2bffff,2,2: building_house
891f52ace2fffff,2,2: building_house
891f52ace33ffff,2,2: building_house
891f52ace3bffff,2,2: building_house
891f52ace43ffff,11,11: building_house
891f52ace47ffff,0,0: landuse_industrial
891f52ace4bffff,7,7: highway_bus_stop
891f52ace4fffff,2,2: building_house
891f52ace63ffff,11,11: building_house
891f52ace67ffff,2,2: building_house
891f52ace6bffff,2,2: building_house
891f52ace73ffff,7,7: highway_bus_stop
891f52ace77ffff,2,2: building_house
891f52ace87ffff,3,3: landuse_industrial
891f52ace97ffff,3,3: landuse_industrial
891f52ace9bffff,3,3: landuse_industrial
891f52acea3ffff,6,6: building_office
891f52acea7ffff,7,7: highway_bus_stop
891f52aceafffff,8,8: landuse_industrial
891f52aceb3ffff,6,6: building_office
891f52acebbffff,3,3: landuse_industrial
891f52acec3ffff,8,8: landuse_industrial
891f52acecbffff,2,2: building_house
891f52aced3ffff,3,3: landuse_industrial
891f52acedbffff,0,0: landuse_industrial
891f52adcafffff,11,11: building_house
891f52add17ffff,11,11: building_house
891f52add83ffff,11,11: building_house
891f52add8bffff,2,2: building_house
891f52add97ffff,7,7: highway_bus_stop
891f52adda3ffff,11,11: building_house
891f52addabffff,2,2: building_house
891f52addc3ffff,11,11: building_house
891f52addd7ffff,2,2: building_house
891f5342077ffff,4,4: landuse_cemetery
891f5342083ffff,4,4: landuse_cemetery
891f534208bffff,4,4: landuse_cemetery
891f5342093ffff,4,4: landuse_cemetery
891f53420c7ffff,4,4: landuse_cemetery
891f5342203ffff,4,4: landuse_cemetery
891f5342207ffff,11,11: building_house
891f534220bffff,11,11: building_house
891f534220fffff,2,2: building_house
891f5342213ffff,11,11: building_house
891f534221bffff,2,2: building_house
891f5342223ffff,11,11: building_house
891f5342227ffff,2,2: building_house
891f534222fffff,2,2: building_house
891f5342237ffff,2,2: building_house
891f5342243ffff,11,11: building_house
891f5342257ffff,2,2: building_house
891f5342283ffff,11,11: building_house
891f534228bffff,0,0: landuse_industrial
891f5342293ffff,2,2: building_house
891f534229bffff,2,2: building_house
891f53422d7ffff,2,2: building_house
891f5342403ffff,9,9: aeroway_aerodrome
891f5342407ffff,5,5: shop_greengrocer
891f534240bffff,10,10: building_apartments
891f534240fffff,5,5: shop_greengrocer
891f5342413ffff,10,10: building_apartments
891f5342417ffff,5,5: shop_greengrocer
891f534241bffff,5,5: shop_greengrocer
891f5342423ffff,11,11: building_house
891f5342427ffff,2,2: building_house
891f534242bffff,0,0: landuse_industrial
891f534242fffff,2,2: building_house
891f5342433ffff,9,9: aeroway_aerodrome
891f5342437ffff,10,10: building_apartments
891f534243bffff,5,5: shop_greengrocer
891f5342443ffff,4,4: landuse_cemetery
891f534244bffff,5,5: shop_greengrocer
891f534244fffff,5,5: shop_greengrocer
891f5342453ffff,9,9: aeroway_aerodrome
891f5342457ffff,10,10: building_apartments
891f534245bffff,5,5: shop_greengrocer
891f5342467ffff,0,0: landuse_industrial
891f534246fffff,4,4: landuse_cemetery
891f5342473ffff,0,0: landuse_industrial
891f5342477ffff,5,5: shop_greengrocer
891f5342483ffff,1,1: amenity_nightclub
891f5342487ffff,5,5: shop_greengrocer
891f534248bffff,10,10: building_apartments
891f534248fffff,5,5: shop_greengrocer
891f5342493ffff,10,10: building_apartments
891f5342497ffff,10,10: building_apartments
891f534249bffff,10,10: building_apartments
891f53424a3ffff,10,10: building_apartments
891f53424a7ffff,9,9: aeroway_aerodrome
891f53424abffff,9,9: aeroway_aerodrome
891f53424afffff,9,9: aeroway_aerodrome
891f53424b3ffff,10,10: building_apartments
891f53424b7ffff,10,10: building_apartments
891f53424bbffff,10,10: building_apartments
891f53424c3ffff,11,11: building_house
891f53424c7ffff,10,10: building_apartments
891f53424cbffff,10,10: building_apartments
891f53424cfffff,10,10: building_apartments
891f53424d3ffff,2,2: building_house
891f53424d7ffff,2,2: building_house
891f53424dbffff,2,2: building_house
891f5342503ffff,11,11: building_house
891f534250bffff,2,2: building_house
891f534250fffff,2,2: building_house
891f5342513ffff,10,10: building_apartments
891f5342517ffff,2,2: building_house
891f534251bffff,2,2: building_house
891f534252bffff,11,11: building_house
891f5342543ffff,11,11: building_house
891f5342547ffff,2,2: building_house
891f5342553ffff,2,2: building_house
891f5342557ffff,2,2: building_house
891f5342567ffff,2,2: building_house
891f5342577ffff,2,2: building_house
891f5342583ffff,11,11: building_house
891f5342587ffff,10,10: building_apartments
891f534258bffff,10,10: building_apartments
891f534258fffff,10,10: building_apartments
891f5342593ffff,10,10: building_apartments
891f5342597ffff,7,7: highway_bus_stop
891f534259bffff,2,2: building_house
891f53425abffff,2,2: building_house
891f53425b3ffff,10,10: building_apartments
891f53425bbffff,10,10: building_apartments
891f53425c7ffff,10,10: building_apartments
891f53425cbffff,10,10: building_apartments
891f53425d7ffff,10,10: building_apartments
891f53425dbffff,10,10: building_apartments
891f5342607ffff,11,11: building_house
891f534260bffff,11,11: building_house
891f534260fffff,2,2: building_house
891f5342613ffff,8,8: landuse_industrial
891f534261bffff,2,2: building_house
891f5342623ffff,11,11: building_house
891f5342627ffff,8,8: landuse_industrial
891f534262bffff,2,2: building_house
891f534262fffff,2,2: building_house
891f5342633ffff,7,7: highway_bus_stop
891f534263bffff,2,2: building_house
891f5342657ffff,2,2: building_house
891f5342663ffff,11,11: building_house
891f5342667ffff,2,2: building_house
891f534266bffff,4,4: landuse_cemetery
891f534266fffff,2,2: building_house
891f5342673ffff,2,2: building_house
891f5342677ffff,2,2: building_house
891f5342683ffff,0,0: landuse_industrial
891f5342687ffff,10,10: building_apartments
891f534268bffff,7,7: highway_bus_stop
891f534268fffff,2,2: building_house
891f5342693ffff,8,8: landuse_industrial
891f534269bffff,8,8: landuse_industrial
891f53426a3ffff,5,5: shop_greengrocer
891f53426a7ffff,5,5: shop_greengrocer
891f53426abffff,2,2: building_house
891f53426b3ffff,5,5: shop_greengrocer
891f53426bbffff,5,5: shop_greengrocer
891f53426c3ffff,11,11: building_house
891f53426c7ffff,2,2: building_house
891f53426cfffff,2,2: building_house
891f5342cc3ffff,4,4: landuse_cemetery
891f5343403ffff,11,11: building_house
891f534340bffff,2,2: building_house
891f534341bffff,2,2: building_house
891f5343443ffff,11,11: building_house
891f5343453ffff,0,0: landuse_industrial
891f5343457ffff,2,2: building_house
891f534345bffff,2,2: building_house
891f534348bffff,8,8: landuse_industrial
891f534348fffff,0,0: landuse_industrial
891f5343493ffff,6,6: building_office
891f53434c7ffff,2,2: building_house
891f53434cfffff,2,2: building_house
891f53434d7ffff,2,2: building_house
891f534350bffff,11,11: building_house
891f5343547ffff,2,2: building_house
891f53435a7ffff,4,4: landuse_cemetery
891f5350003ffff,11,11: building_house
891f5350007ffff,2,2: building_house
891f535000fffff,0,0: landuse_industrial
891f5350017ffff,2,2: building_house
891f5350023ffff,7,7: highway_bus_stop
891f535002bffff,8,8: landuse_industrial
891f535002fffff,4,4: landuse_cemetery
891f5350033ffff,0,0: landuse_industrial
891f5350037ffff,0,0: landuse_industrial
891f5350067ffff,0,0: landuse_industrial
891f5350073ffff,4,4: landuse_cemetery
891f5350077ffff,2,2: building_house
891f5350083ffff,3,3: landuse_industrial
891f5350087ffff,8,8: landuse_industrial
891f535008fffff,0,0: landuse_industrial
891f5350097ffff,0,0: landuse_industrial
891f535009bffff,5,5: shop_greengrocer
891f53500a3ffff,7,7: highway_bus_stop
891f53500a7ffff,7,7: highway_bus_stop
891f53500abffff,2,2: building_house
891f53500afffff,0,0: landuse_industrial
891f53500b7ffff,2,2: building_house
891f53500bbffff,7,7: highway_bus_stop
891f53500d3ffff,10,10: building_apartments
891f53500d7ffff,0,0: landuse_industrial
891f5350103ffff,9,9: aeroway_aerodrome
891f5350107ffff,9,9: aeroway_aerodrome
891f535010fffff,9,9: aeroway_aerodrome
891f5350113ffff,9,9: aeroway_aerodrome
891f5350117ffff,6,6: building_office
891f535011bffff,9,9: aeroway_aerodrome
891f5350123ffff,7,7: highway_bus_stop
891f5350127ffff,4,4: landuse_cemetery
891f535012bffff,7,7: highway_bus_stop
891f535012fffff,4,4: landuse_cemetery
891f5350133ffff,5,5: shop_greengrocer
891f5350137ffff,5,5: shop_greengrocer
891f535013bffff,10,10: building_apartments
891f5350143ffff,11,11: building_house
891f535014bffff,2,2: building_house
891f535014fffff,0,0: landuse_industrial
891f5350153ffff,0,0: landuse_industrial
891f5350157ffff,2,2: building_house
891f535015bffff,4,4: landuse_cemetery
891f5350163ffff,4,4: landuse_cemetery
891f5350167ffff,4,4: landuse_cemetery
891f5350177ffff,5,5: shop_greengrocer
891f535017bffff,2,2: building_house
891f5350183ffff,5,5: shop_greengrocer
891f5350187ffff,0,0: landuse_industrial
891f535018bffff,5,5: shop_greengrocer
891f535018fffff,5,5: shop_greengrocer
891f5350193ffff,5,5: shop_greengrocer
891f5350197ffff,10,10: building_apartments
891f535019bffff,5,5: shop_greengrocer
891f53501a3ffff,6,6: building_office
891f53501abffff,3,3: landuse_industrial
891f53501b3ffff,0,0: landuse_industrial
891f53501b7ffff,2,2: building_house
891f53501bbffff,3,3: landuse_industrial
891f53501c7ffff,10,10: building_apartments
891f53501cfffff,2,2: building_house
891f53501d3ffff,9,9: aeroway_aerodrome
891f53501d7ffff,5,5: shop_greengrocer
891f53501dbffff,0,0: landuse_industrial
891f535021bffff,4,4: landuse_cemetery
891f535022bffff,7,7: highway_bus_stop
891f5350243ffff,7,7: highway_bus_stop
891f535024fffff,7,7: highway_bus_stop
891f5350257ffff,7,7: highway_bus_stop
891f535026bffff,7,7: highway_bus_stop
891f535028fffff,8,8: landuse_industrial
891f535029bffff,7,7: highway_bus_stop
891f53502c3ffff,11,11: building_house
891f53502d7ffff,8,8: landuse_industrial
891f53502dbffff,0,0: landuse_industrial
891f535030fffff,7,7: highway_bus_stop
891f5350313ffff,8,8: landuse_industrial
891f5350317ffff,8,8: landuse_industrial
891f5350327ffff,11,11: building_house
891f535032bffff,11,11: building_house
891f5350337ffff,2,2: building_house
891f535033bffff,2,2: building_house
891f5350363ffff,7,7: highway_bus_stop
891f5350367ffff,8,8: landuse_industrial
891f535036fffff,0,0: landuse_industrial
891f5350377ffff,7,7: highway_bus_stop
891f5350383ffff,3,3: landuse_industrial
891f5350387ffff,3,3: landuse_industrial
891f535038bffff,3,3: landuse_industrial
891f535038fffff,8,8: landuse_industrial
891f5350393ffff,6,6: building_office
891f5350397ffff,0,0: landuse_industrial
891f535039bffff,0,0: landuse_industrial
891f53503bbffff,8,8: landuse_industrial
891f5350403ffff,0,0: landuse_industrial
891f5350407ffff,0,0: landuse_industrial
891f535040bffff,3,3: landuse_industrial
891f535040fffff,3,3: landuse_industrial
891f5350413ffff,3,3: landuse_industrial
891f5350417ffff,0,0: landuse_industrial
891f535041bffff,8,8: landuse_industrial
891f5350423ffff,11,11: building_house
891f535042bffff,2,2: building_house
891f535042fffff,8,8: landuse_industrial
891f5350433ffff,0,0: landuse_industrial
891f5350437ffff,2,2: building_house
891f5350463ffff,0,0: landuse_industrial
891f5350467ffff,10,10: building_apartments
891f535046bffff,2,2: building_house
891f535046fffff,10,10: building_apartments
891f5350473ffff,0,0: landuse_industrial
891f5350483ffff,6,6: building_office
891f535048bffff,0,0: landuse_industrial
891f535048fffff,0,0: landuse_industrial
891f5350497ffff,6,6: building_office
891f53504a7ffff,0,0: landuse_industrial
891f53504abffff,3,3: landuse_industrial
891f53504afffff,0,0: landuse_industrial
891f53504b7ffff,8,8: landuse_industrial
891f53504c7ffff,9,9: aeroway_aerodrome
891f53504d3ffff,8,8: landuse_industrial
891f53504d7ffff,0,0: landuse_industrial
891f53504dbffff,4,4: landuse_cemetery
891f5350503ffff,11,11: building_house
891f5350507ffff,4,4: landuse_cemetery
891f5350513ffff,10,10: building_apartments
891f535051bffff,2,2: building_house
891f5350523ffff,7,7: highway_bus_stop
891f5350527ffff,11,11: building_house
891f535052bffff,10,10: building_apartments
891f535052fffff,3,3: landuse_industrial
891f5350533ffff,8,8: landuse_industrial
891f5350537ffff,4,4: landuse_cemetery
891f535053bffff,0,0: landuse_industrial
891f5350547ffff,7,7: highway_bus_stop
891f535054bffff,0,0: landuse_industrial
891f5350563ffff,3,3: landuse_industrial
891f5350567ffff,10,10: building_apartments
891f535056bffff,8,8: landuse_industrial
891f535056fffff,6,6: building_office
891f5350577ffff,8,8: landuse_industrial
891f535057bffff,7,7: highway_bus_stop
891f5350583ffff,11,11: building_house
891f5350587ffff,2,2: building_house
891f535058bffff,8,8: landuse_industrial
891f535058fffff,6,6: building_office
891f5350593ffff,6,6: building_office
891f5350597ffff,7,7: highway_bus_stop
891f535059bffff,2,2: building_house
891f53505a3ffff,11,11: building_house
891f53505abffff,10,10: building_apartments
891f53505afffff,1,1: amenity_nightclub
891f53505b3ffff,2,2: building_house
891f53505bbffff,2,2: building_house
891f53505c3ffff,7,7: highway_bus_stop
891f53505c7ffff,7,7: highway_bus_stop
891f53505cfffff,7,7: highway_bus_stop
891f53505d7ffff,9,9: aeroway_aerodrome
891f53505dbffff,8,8: landuse_industrial
891f5350603ffff,3,3: landuse_industrial
891f5350613ffff,3,3: landuse_industrial
891f535061bffff,8,8: landuse_industrial
891f5350647ffff,7,7: highway_bus_stop
891f535064fffff,8,8: landuse_industrial
891f5350657ffff,8,8: landuse_industrial
891f5350663ffff,7,7: highway_bus_stop
891f535066fffff,7,7: highway_bus_stop
891f535067bffff,7,7: highway_bus_stop
891f5350683ffff,8,8: landuse_industrial
891f535068bffff,8,8: landuse_industrial
891f535069bffff,8,8: landuse_industrial
891f53506c3ffff,8,8: landuse_industrial
891f53506c7ffff,8,8: landuse_industrial
891f53506cfffff,8,8: landuse_industrial
891f53506d3ffff,7,7: highway_bus_stop
891f53506d7ffff,8,8: landuse_industrial
891f5350807ffff,11,11: building_house
891f535080bffff,11,11: building_house
891f5350817ffff,1,1: amenity_nightclub
891f5350823ffff,11,11: building_house
891f535082bffff,2,2: building_house
891f535082fffff,2,2: building_house
891f5350833ffff,2,2: building_house
891f5350837ffff,2,2: building_house
891f535083bffff,2,2: building_house
891f5350847ffff,6,6: building_office
891f5350853ffff,6,6: building_office
891f535086bffff,6,6: building_office
891f535086fffff,3,3: landuse_industrial
891f5350873ffff,2,2: building_house
891f5350877ffff,2,2: building_house
891f535087bffff,5,5: shop_greengrocer
891f535088bffff,11,11: building_house
891f5350897ffff,9,9: aeroway_aerodrome
891f53508a7ffff,11,11: building_house
891f53508c3ffff,7,7: highway_bus_stop
891f53508cbffff,0,0: landuse_industrial
891f53508d3ffff,10,10: building_apartments
891f53508d7ffff,2,2: building_house
891f535090fffff,11,11: building_house
891f5350923ffff,11,11: building_house
891f5350927ffff,2,2: building_house
891f535092bffff,2,2: building_house
891f535092fffff,2,2: building_house
891f5350937ffff,2,2: building_house
891f535093bffff,2,2: building_house
891f5350943ffff,11,11: building_house
891f5350947ffff,2,2: building_house
891f535094bffff,2,2: building_house
891f535095bffff,2,2: building_house
891f5350963ffff,11,11: building_house
891f5350967ffff,2,2: building_house
891f535096bffff,2,2: building_house
891f5350973ffff,2,2: building_house
891f5350977ffff,2,2: building_house
891f535097bffff,2,2: building_house
891f5350983ffff,11,11: building_house
891f535098fffff,2,2: building_house
891f5350993ffff,2,2: building_house
891f5350997ffff,2,2: building_house
891f535099bffff,2,2: building_house
891f53509b3ffff,11,11: building_house
891f53509c3ffff,11,11: building_house
891f53509d3ffff,2,2: building_house
891f53509d7ffff,2,2: building_house
891f53509dbffff,2,2: building_house
891f5350a03ffff,11,11: building_house
891f5350a07ffff,2,2: building_house
891f5350a0bffff,2,2: building_house
891f5350a0fffff,2,2: building_house
891f5350a13ffff,10,10: building_apartments
891f5350a17ffff,2,2: building_house
891f5350a23ffff,11,11: building_house
891f5350a27ffff,10,10: building_apartments
891f5350a2bffff,10,10: building_apartments
891f5350a2fffff,5,5: shop_greengrocer
891f5350a33ffff,2,2: building_house
891f5350a3bffff,10,10: building_apartments
891f5350a43ffff,10,10: building_apartments
891f5350a47ffff,2,2: building_house
891f5350a4bffff,10,10: building_apartments
891f5350a4fffff,2,2: building_house
891f5350a53ffff,2,2: building_house
891f5350a5bffff,10,10: building_apartments
891f5350a63ffff,10,10: building_apartments
891f5350a67ffff,10,10: building_apartments
891f5350a6bffff,2,2: building_house
891f5350a6fffff,10,10: building_apartments
891f5350a73ffff,2,2: building_house
891f5350a77ffff,10,10: building_apartments
891f5350a7bffff,2,2: building_house
891f5350a83ffff,7,7: highway_bus_stop
891f5350a87ffff,9,9: aeroway_aerodrome
891f5350a8bffff,9,9: aeroway_aerodrome
891f5350a8fffff,9,9: aeroway_aerodrome
891f5350a9bffff,4,4: landuse_cemetery
891f5350aa3ffff,9,9: aeroway_aerodrome
891f5350aa7ffff,11,11: building_house
891f5350aabffff,10,10: building_apartments
891f5350aafffff,10,10: building_apartments
891f5350ab3ffff,4,4: landuse_cemetery
891f5350ab7ffff,7,7: highway_bus_stop
891f5350abbffff,0,0: landuse_industrial
891f5350ac7ffff,5,5: shop_greengrocer
891f5350acfffff,2,2: building_house
891f5350ad3ffff,4,4: landuse_cemetery
891f5350b03ffff,11,11: building_house
891f5350b07ffff,10,10: building_apartments
891f5350b0bffff,2,2: building_house
891f5350b0fffff,2,2: building_house
891f5350b13ffff,6,6: building_office
891f5350b17ffff,2,2: building_house
891f5350b1bffff,0,0: landuse_industrial
891f5350b2bffff,2,2: building_house
891f5350b2fffff,10,10: building_apartments
891f5350b43ffff,10,10: building_apartments
891f5350b47ffff,10,10: building_apartments
891f5350b4bffff,10,10: building_apartments
891f5350b4fffff,10,10: building_apartments
891f5350b53ffff,10,10: building_apartments
891f5350b57ffff,2,2: building_house
891f5350b5bffff,5,5: shop_greengrocer
891f5350b63ffff,10,10: building_apartments
891f5350b67ffff,10,10: building_apartments
891f5350b6bffff,10,10: building_apartments
891f5350b6fffff,10,10: building_apartments
891f5350b73ffff,10,10: building_apartments
891f5350b77ffff,2,2: building_house
891f5350b7bffff,10,10: building_apartments
891f5350b8bffff,6,6: building_office
891f5350b8fffff,7,7: highway_bus_stop
891f5350ba7ffff,2,2: building_house
891f5350bb3ffff,2,2: building_house
891f5350bb7ffff,2,2: building_house
891f5350bbbffff,7,7: highway_bus_stop
891f5350bc7ffff,7,7: highway_bus_stop
891f5350bcbffff,2,2: building_house
891f5350bcfffff,2,2: building_house
891f5350bdbffff,2,2: building_house
891f5350c1bffff,11,11: building_house
891f5350c47ffff,8,8: landuse_industrial
891f5350c4bffff,6,6: building_office
891f5350c4fffff,0,0: landuse_industrial
891f5350c53ffff,4,4: landuse_cemetery
891f5350c97ffff,11,11: building_house
891f5350ccfffff,8,8: landuse_industrial
891f5350cd3ffff,10,10: building_apartments
891f5350cd7ffff,9,9: aeroway_aerodrome
891f5350cdbffff,2,2: building_house
891f5350d07ffff,9,9: aeroway_aerodrome
891f5350d0fffff,9,9: aeroway_aerodrome
891f5350d17ffff,9,9: aeroway_aerodrome
891f5350d2fffff,2,2: building_house
891f5350d43ffff,7,7: highway_bus_stop
891f5350d47ffff,7,7: highway_bus_stop
891f5350d6bffff,2,2: building_house
891f5350d6fffff,2,2: building_house
891f5350d77ffff,9,9: aeroway_aerodrome
891f5350dc7ffff,4,4: landuse_cemetery
891f5350e03ffff,9,9: aeroway_aerodrome
891f5350e07ffff,5,5: shop_greengrocer
891f5350e0bffff,10,10: building_apartments
891f5350e0fffff,9,9: aeroway_aerodrome
891f5350e13ffff,9,9: aeroway_aerodrome
891f5350e17ffff,9,9: aeroway_aerodrome
891f5350e1bffff,9,9: aeroway_aerodrome
891f5350e23ffff,5,5: shop_greengrocer
891f5350e27ffff,10,10: building_apartments
891f5350e2bffff,3,3: landuse_industrial
891f5350e2fffff,3,3: landuse_industrial
891f5350e33ffff,10,10: building_apartments
891f5350e37ffff,5,5: shop_greengrocer
891f5350e3bffff,9,9: aeroway_aerodrome
891f5350e43ffff,11,11: building_house
891f5350e47ffff,9,9: aeroway_aerodrome
891f5350e5bffff,2,2: building_house
891f5350e63ffff,4,4: landuse_cemetery
891f5350e67ffff,8,8: landuse_industrial
891f5350e6fffff,9,9: aeroway_aerodrome
891f5350e73ffff,5,5: shop_greengrocer
891f5350e77ffff,8,8: landuse_industrial
891f5350e7bffff,3,3: landuse_industrial
891f5350e83ffff,11,11: building_house
891f5350e87ffff,3,3: landuse_industrial
891f5350e8bffff,6,6: building_office
891f5350e8fffff,9,9: aeroway_aerodrome
891f5350e97ffff,9,9: aeroway_aerodrome
891f5350e9bffff,9,9: aeroway_aerodrome
891f5350ea3ffff,4,4: landuse_cemetery
891f5350ea7ffff,8,8: landuse_industrial
891f5350eabffff,5,5: shop_greengrocer
891f5350eafffff,4,4: landuse_cemetery
891f5350eb3ffff,0,0: landuse_industrial
891f5350ebbffff,7,7: highway_bus_stop
891f5350ec3ffff,8,8: landuse_industrial
891f5350ec7ffff,9,9: aeroway_aerodrome
891f5350ecbffff,2,2: building_house
891f5350ecfffff,9,9: aeroway_aerodrome
891f5351003ffff,7,7: highway_bus_stop
891f5351007ffff,8,8: landuse_industrial
891f535100bffff,9,9: aeroway_aerodrome
891f535100fffff,8,8: landuse_industrial
891f5351013ffff,11,11: building_house
891f5351017ffff,8,8: landuse_industrial
891f5351027ffff,11,11: building_house
891f535102bffff,11,11: building_house
891f535102fffff,2,2: building_house
891f5351043ffff,4,4: landuse_cemetery
891f5351047ffff,9,9: aeroway_aerodrome
891f5351053ffff,4,4: landuse_cemetery
891f5351057ffff,5,5: shop_greengrocer
891f5351067ffff,3,3: landuse_industrial
891f535106bffff,6,6: building_office
891f535106fffff,6,6: building_office
891f5351077ffff,8,8: landuse_industrial
891f5351083ffff,0,0: landuse_industrial
891f535108bffff,7,7: highway_bus_stop
891f535108fffff,10,10: building_apartments
891f5351093ffff,0,0: landuse_industrial
891f5351097ffff,0,0: landuse_industrial
891f535109bffff,0,0: landuse_industrial
891f53510c7ffff,7,7: highway_bus_stop
891f53510cfffff,4,4: landuse_cemetery
891f535114fffff,4,4: landuse_cemetery
891f5351163ffff,7,7: highway_bus_stop
891f535117bffff,7,7: highway_bus_stop
891f5351187ffff,7,7: highway_bus_stop
891f5351197ffff,7,7: highway_bus_stop
891f53511a3ffff,6,6: building_office
891f53511b3ffff,7,7: highway_bus_stop
891f53511d3ffff,4,4: landuse_cemetery
891f5351247ffff,8,8: landuse_industrial
891f535124bffff,11,11: building_house
891f535124fffff,7,7: highway_bus_stop
891f5351253ffff,11,11: building_house
891f535125bffff,2,2: building_house
891f535126fffff,11,11: building_house
891f53512a3ffff,6,6: building_office
891f53512a7ffff,6,6: building_office
891f53512cbffff,0,0: landuse_industrial
891f5351303ffff,9,9: aeroway_aerodrome
891f5351307ffff,9,9: aeroway_aerodrome
891f535130bffff,1,1: amenity_nightclub
891f535130fffff,6,6: building_office
891f5351313ffff,6,6: building_office
891f5351317ffff,10,10: building_apartments
891f535131bffff,6,6: building_office
891f5351323ffff,9,9: aeroway_aerodrome
891f5351327ffff,5,5: shop_greengrocer
891f535132bffff,9,9: aeroway_aerodrome
891f535132fffff,9,9: aeroway_aerodrome
891f5351333ffff,9,9: aeroway_aerodrome
891f5351347ffff,1,1: amenity_nightclub
891f5351357ffff,6,6: building_office
891f5351363ffff,4,4: landuse_cemetery
891f535136bffff,1,1: amenity_nightclub
891f535136fffff,9,9: aeroway_aerodrome
891f5351373ffff,5,5: shop_greengrocer
891f5351377ffff,5,5: shop_greengrocer
891f535137bffff,1,1: amenity_nightclub
891f5351383ffff,11,11: building_house
891f535138bffff,8,8: landuse_industrial
891f5351393ffff,2,2: building_house
891f535139bffff,3,3: landuse_industrial
891f53513a3ffff,3,3: landuse_industrial
891f53513abffff,3,3: landuse_industrial
891f53513afffff,3,3: landuse_industrial
891f53513b3ffff,7,7: highway_bus_stop
891f53513b7ffff,2,2: building_house
891f53513c3ffff,11,11: building_house
891f53513c7ffff,7,7: highway_bus_stop
891f53513d3ffff,6,6: building_office
891f53513d7ffff,6,6: building_office
891f535140fffff,7,7: highway_bus_stop
891f5351423ffff,6,6: building_office
891f5351427ffff,6,6: building_office
891f535142bffff,10,10: building_apartments
891f535142fffff,6,6: building_office
891f5351437ffff,6,6: building_office
891f5351443ffff,9,9: aeroway_aerodrome
891f5351447ffff,9,9: aeroway_aerodrome
891f535144bffff,9,9: aeroway_aerodrome
891f535144fffff,9,9: aeroway_aerodrome
891f5351453ffff,5,5: shop_greengrocer
891f5351457ffff,7,7: highway_bus_stop
891f535145bffff,9,9: aeroway_aerodrome
891f5351467ffff,10,10: building_apartments
891f5351473ffff,5,5: shop_greengrocer
891f5351477ffff,7,7: highway_bus_stop
891f535147bffff,8,8: landuse_industrial
891f535149bffff,4,4: landuse_cemetery
891f53514c3ffff,10,10: building_apartments
891f53514cbffff,5,5: shop_greengrocer
891f53514cfffff,5,5: shop_greengrocer
891f53514d3ffff,10,10: building_apartments
891f53514dbffff,9,9: aeroway_aerodrome
891f535150bffff,11,11: building_house
891f535150fffff,8,8: landuse_industrial
891f5351523ffff,7,7: highway_bus_stop
891f535152fffff,4,4: landuse_cemetery
891f535153bffff,8,8: landuse_industrial
891f5351547ffff,7,7: highway_bus_stop
891f535155bffff,0,0: landuse_industrial
891f53515a7ffff,8,8: landuse_industrial
891f53515b7ffff,8,8: landuse_industrial
891f53515bbffff,4,4: landuse_cemetery
891f53515cfffff,8,8: landuse_industrial
891f53515d7ffff,8,8: landuse_industrial
891f53515dbffff,3,3: landuse_industrial
891f5351627ffff,4,4: landuse_cemetery
891f5351683ffff,7,7: highway_bus_stop
891f5351693ffff,5,5: shop_greengrocer
891f5351697ffff,5,5: shop_greengrocer
891f535183bffff,11,11: building_house
891f5351843ffff,11,11: building_house
891f5351847ffff,2,2: building_house
891f535184bffff,0,0: landuse_industrial
891f535184fffff,2,2: building_house
891f5351853ffff,2,2: building_house
891f535185bffff,2,2: building_house
891f535186bffff,11,11: building_house
891f535187bffff,2,2: building_house
891f535189bffff,7,7: highway_bus_stop
891f53518d3ffff,7,7: highway_bus_stop
891f5351907ffff,8,8: landuse_industrial
891f5351917ffff,8,8: landuse_industrial
891f5351927ffff,5,5: shop_greengrocer
891f535192bffff,8,8: landuse_industrial
891f535192fffff,7,7: highway_bus_stop
891f5351933ffff,8,8: landuse_industrial
891f5351937ffff,0,0: landuse_industrial
891f535193bffff,8,8: landuse_industrial
891f5351977ffff,8,8: landuse_industrial
891f5351987ffff,9,9: aeroway_aerodrome
891f5351993ffff,7,7: highway_bus_stop
891f5351997ffff,9,9: aeroway_aerodrome
891f535199bffff,7,7: highway_bus_stop
891f53519a3ffff,11,11: building_house
891f53519a7ffff,2,2: building_house
891f53519abffff,2,2: building_house
891f53519afffff,2,2: building_house
891f53519b3ffff,10,10: building_apartments
891f53519b7ffff,2,2: building_house
891f53519bbffff,2,2: building_house
891f53519c7ffff,11,11: building_house
891f53519d7ffff,2,2: building_house
891f5351a2fffff,6,6: building_office
891f5351a83ffff,11,11: building_house
891f5351a87ffff,0,0: landuse_industrial
891f5351a97ffff,2,2: building_house
891f5351a9bffff,2,2: building_house
891f5351aa7ffff,2,2: building_house
891f5351ab7ffff,2,2: building_house
891f5351b0bffff,0,0: landuse_industrial
891f5351b1bffff,2,2: building_house
891f5351b43ffff,11,11: building_house
891f5351b47ffff,2,2: building_house
891f5351b4fffff,2,2: building_house
891f5351b53ffff,2,2: building_house
891f5351b57ffff,2,2: building_house
891f5351b8bffff,11,11: building_house
891f5351b93ffff,11,11: building_house
891f5351b9bffff,2,2: building_house
891f5351bc3ffff,11,11: building_house
891f5351bcbffff,8,8: landuse_industrial
891f5351bcfffff,2,2: building_house
891f5351bd3ffff,2,2: building_house
891f5351c13ffff,7,7: highway_bus_stop
891f5351c4bffff,11,11: building_house
891f5351c4fffff,2,2: building_house
891f5351c6fffff,7,7: highway_bus_stop
891f5351cc7ffff,7,7: highway_bus_stop
891f5351d03ffff,6,6: building_office
891f5351d07ffff,6,6: building_office
891f5351d0fffff,6,6: building_office
891f5351d13ffff,6,6: building_office
891f5351d17ffff,6,6: building_office
891f5351d23ffff,8,8: landuse_industrial
891f5351d33ffff,6,6: building_office
891f5351d37ffff,4,4: landuse_cemetery
891f5351d6fffff,2,2: building_house
891f5351d83ffff,4,4: landuse_cemetery
891f5351d87ffff,7,7: highway_bus_stop
891f5351d8bffff,2,2: building_house
891f5351d8fffff,9,9: aeroway_aerodrome
891f5351d97ffff,10,10: building_apartments
891f5351d9bffff,7,7: highway_bus_stop
891f5351db3ffff,2,2: building_house
891f5351db7ffff,0,0: landuse_industrial
891f5351dd7ffff,7,7: highway_bus_stop
891f5351e07ffff,11,11: building_house
891f5351e0bffff,11,11: building_house
891f5351e23ffff,11,11: building_house
891f5351e2bffff,2,2: building_house
891f5351e2fffff,2,2: building_house
891f5351e33ffff,2,2: building_house
891f5351e3bffff,0,0: landuse_industrial
891f5351e47ffff,2,2: building_house
891f5351e63ffff,11,11: building_house
891f5351e67ffff,2,2: building_house
891f5351e6fffff,2,2: building_house
891f5351e73ffff,2,2: building_house
891f5351e77ffff,2,2: building_house
891f5351e7bffff,2,2: building_house
891f5351e97ffff,2,2: building_house
891f5351ea3ffff,11,11: building_house
891f5351ea7ffff,2,2: building_house
891f5351eabffff,2,2: building_house
891f5351eafffff,2,2: building_house
891f5351eb3ffff,2,2: building_house
891f5351ebbffff,2,2: building_house
891f5351ec3ffff,6,6: building_office
891f5351ec7ffff,3,3: landuse_industrial
891f5351ecfffff,3,3: landuse_industrial
891f5351edbffff,3,3: landuse_industrial
891f5352003ffff,6,6: building_office
891f5352007ffff,10,10: building_apartments
891f535200bffff,6,6: building_office
891f535200fffff,10,10: building_apartments
891f5352017ffff,6,6: building_office
891f535201bffff,0,0: landuse_industrial
891f5352023ffff,11,11: building_house
891f5352027ffff,0,0: landuse_industrial
891f535202bffff,2,2: building_house
891f535202fffff,7,7: highway_bus_stop
891f5352033ffff,10,10: building_apartments
891f5352037ffff,10,10: building_apartments
891f535203bffff,6,6: building_office
891f5352043ffff,7,7: highway_bus_stop
891f5352047ffff,2,2: building_house
891f535204bffff,11,11: building_house
891f535204fffff,2,2: building_house
891f5352053ffff,11,11: building_house
891f5352057ffff,0,0: landuse_industrial
891f535205bffff,0,0: landuse_industrial
891f5352067ffff,2,2: building_house
891f535206bffff,11,11: building_house
891f535206fffff,7,7: highway_bus_stop
891f5352077ffff,3,3: landuse_industrial
891f5352083ffff,6,6: building_office
891f5352087ffff,5,5: shop_greengrocer
891f535208bffff,10,10: building_apartments
891f535208fffff,6,6: building_office
891f5352093ffff,6,6: building_office
891f5352097ffff,6,6: building_office
891f535209bffff,10,10: building_apartments
891f53520a3ffff,8,8: landuse_industrial
891f53520a7ffff,10,10: building_apartments
891f53520abffff,5,5: shop_greengrocer
891f53520afffff,5,5: shop_greengrocer
891f53520b3ffff,6,6: building_office
891f53520b7ffff,9,9: aeroway_aerodrome
891f53520bbffff,6,6: building_office
891f53520c3ffff,0,0: landuse_industrial
891f53520c7ffff,10,10: building_apartments
891f53520cbffff,0,0: landuse_industrial
891f53520cfffff,2,2: building_house
891f53520d3ffff,0,0: landuse_industrial
891f53520d7ffff,2,2: building_house
891f5352113ffff,4,4: landuse_cemetery
891f535211bffff,4,4: landuse_cemetery
891f5352153ffff,4,4: landuse_cemetery
891f535216fffff,6,6: building_office
891f5352183ffff,9,9: aeroway_aerodrome
891f535218bffff,9,9: aeroway_aerodrome
891f535218fffff,5,5: shop_greengrocer
891f5352193ffff,5,5: shop_greengrocer
891f535219bffff,9,9: aeroway_aerodrome
891f53521a3ffff,7,7: highway_bus_stop
891f53521b7ffff,7,7: highway_bus_stop
891f53521bbffff,7,7: highway_bus_stop
891f53521c3ffff,9,9: aeroway_aerodrome
891f53521c7ffff,9,9: aeroway_aerodrome
891f53521cbffff,5,5: shop_greengrocer
891f53521cfffff,9,9: aeroway_aerodrome
891f53521d3ffff,9,9: aeroway_aerodrome
891f53521d7ffff,10,10: building_apartments
891f53521dbffff,5,5: shop_greengrocer
891f5352203ffff,1,1: amenity_nightclub
891f5352207ffff,7,7: highway_bus_stop
891f535220bffff,7,7: highway_bus_stop
891f535220fffff,4,4: landuse_cemetery
891f5352213ffff,7,7: highway_bus_stop
891f5352217ffff,2,2: building_house
891f5352223ffff,7,7: highway_bus_stop
891f5352227ffff,7,7: highway_bus_stop
891f535222bffff,11,11: building_house
891f535222fffff,2,2: building_house
891f5352233ffff,7,7: highway_bus_stop
891f5352247ffff,2,2: building_house
891f5352257ffff,9,9: aeroway_aerodrome
891f5352263ffff,9,9: aeroway_aerodrome
891f5352267ffff,6,6: building_office
891f535226bffff,3,3: landuse_industrial
891f535226fffff,10,10: building_apartments
891f5352273ffff,9,9: aeroway_aerodrome
891f5352277ffff,3,3: landuse_industrial
891f535227bffff,6,6: building_office
891f5352283ffff,6,6: building_office
891f5352287ffff,6,6: building_office
891f535228bffff,8,8: landuse_industrial
891f535228fffff,8,8: landuse_industrial
891f5352293ffff,6,6: building_office
891f5352297ffff,0,0: landuse_industrial
891f535229bffff,3,3: landuse_industrial
891f53522a3ffff,7,7: highway_bus_stop
891f53522abffff,6,6: building_office
891f53522afffff,8,8: landuse_industrial
891f53522b3ffff,2,2: building_house
891f53522bbffff,8,8: landuse_industrial
891f53522c3ffff,3,3: landuse_industrial
891f53522cbffff,3,3: landuse_industrial
891f53522cfffff,3,3: landuse_industrial
891f53522d3ffff,0,0: landuse_industrial
891f5352303ffff,9,9: aeroway_aerodrome
891f5352307ffff,1,1: amenity_nightclub
891f535230bffff,9,9: aeroway_aerodrome
891f535230fffff,9,9: aeroway_aerodrome
891f5352313ffff,11,11: building_house
891f5352317ffff,9,9: aeroway_aerodrome
891f535231bffff,9,9: aeroway_aerodrome
891f5352323ffff,5,5: shop_greengrocer
891f5352327ffff,0,0: landuse_industrial
891f535232bffff,6,6: building_office
891f535232fffff,6,6: building_office
891f5352333ffff,6,6: building_office
891f5352337ffff,6,6: building_office
891f535233bffff,1,1: amenity_nightclub
891f5352347ffff,10,10: building_apartments
891f535234fffff,8,8: landuse_industrial
891f5352357ffff,7,7: highway_bus_stop
891f5352363ffff,11,11: building_house
891f5352367ffff,10,10: building_apartments
891f535236bffff,0,0: landuse_industrial
891f535236fffff,10,10: building_apartments
891f5352373ffff,10,10: building_apartments
891f5352377ffff,9,9: aeroway_aerodrome
891f535237bffff,0,0: landuse_industrial
891f5352387ffff,6,6: building_office
891f535238bffff,9,9: aeroway_aerodrome
891f5352397ffff,3,3: landuse_industrial
891f535239bffff,2,2: building_house
891f53523a3ffff,9,9: aeroway_aerodrome
891f53523abffff,6,6: building_office
891f53523bbffff,6,6: building_office
891f53523c7ffff,6,6: building_office
891f5352403ffff,9,9: aeroway_aerodrome
891f5352407ffff,9,9: aeroway_aerodrome
891f535240bffff,10,10: building_apartments
891f535240fffff,10,10: building_apartments
891f5352413ffff,6,6: building_office
891f5352417ffff,9,9: aeroway_aerodrome
891f535241bffff,10,10: building_apartments
891f5352423ffff,9,9: aeroway_aerodrome
891f5352427ffff,10,10: building_apartments
891f535242bffff,10,10: building_apartments
891f535242fffff,5,5: shop_greengrocer
891f5352433ffff,9,9: aeroway_aerodrome
891f5352437ffff,10,10: building_apartments
891f535243bffff,6,6: building_office
891f5352443ffff,7,7: highway_bus_stop
891f5352447ffff,10,10: building_apartments
891f535244bffff,2,2: building_house
891f535244fffff,0,0: landuse_industrial
891f5352457ffff,0,0: landuse_industrial
891f5352463ffff,10,10: building_apartments
891f5352467ffff,6,6: building_office
891f535246fffff,10,10: building_apartments
891f5352473ffff,9,9: aeroway_aerodrome
891f5352477ffff,10,10: building_apartments
891f535247bffff,6,6: building_office
891f5352483ffff,1,1: amenity_nightclub
891f5352487ffff,6,6: building_office
891f535248bffff,6,6: building_office
891f535248fffff,6,6: building_office
891f5352493ffff,6,6: building_office
891f5352497ffff,3,3: landuse_industrial
891f535249bffff,3,3: landuse_industrial
891f53524a3ffff,9,9: aeroway_aerodrome
891f53524a7ffff,6,6: building_office
891f53524abffff,6,6: building_office
891f53524afffff,6,6: building_office
891f53524b3ffff,9,9: aeroway_aerodrome
891f53524b7ffff,6,6: building_office
891f53524bbffff,5,5: shop_greengrocer
891f535250bffff,7,7: highway_bus_stop
891f5352513ffff,7,7: highway_bus_stop
891f535251bffff,6,6: building_office
891f535252bffff,5,5: shop_greengrocer
891f5352543ffff,9,9: aeroway_aerodrome
891f5352547ffff,9,9: aeroway_aerodrome
891f535254bffff,5,5: shop_greengrocer
891f535254fffff,9,9: aeroway_aerodrome
891f5352553ffff,9,9: aeroway_aerodrome
891f5352557ffff,6,6: building_office
891f535255bffff,5,5: shop_greengrocer
891f5352567ffff,10,10: building_apartments
891f535256bffff,10,10: building_apartments
891f535257bffff,9,9: aeroway_aerodrome
891f53525cbffff,9,9: aeroway_aerodrome
891f53525cfffff,9,9: aeroway_aerodrome
891f53525d3ffff,6,6: building_office
891f53525dbffff,1,1: amenity_nightclub
891f5352603ffff,11,11: building_house
891f5352607ffff,2,2: building_house
891f535260bffff,2,2: building_house
891f535260fffff,2,2: building_house
891f535261bffff,2,2: building_house
891f5352623ffff,7,7: highway_bus_stop
891f5352627ffff,10,10: building_apartments
891f535262bffff,10,10: building_apartments
891f535262fffff,2,2: building_house
891f5352633ffff,2,2: building_house
891f5352637ffff,2,2: building_house
891f535263bffff,0,0: landuse_industrial
891f5352647ffff,2,2: building_house
891f5352657ffff,2,2: building_house
891f5352663ffff,10,10: building_apartments
891f5352667ffff,0,0: landuse_industrial
891f535266bffff,10,10: building_apartments
891f535266fffff,2,2: building_house
891f5352673ffff,0,0: landuse_industrial
891f5352677ffff,2,2: building_house
891f535267bffff,10,10: building_apartments
891f5352683ffff,0,0: landuse_industrial
891f5352687ffff,2,2: building_house
891f535268bffff,2,2: building_house
891f5352693ffff,8,8: landuse_industrial
891f5352697ffff,8,8: landuse_industrial
891f535269bffff,0,0: landuse_industrial
891f53526a3ffff,11,11: building_house
891f53526a7ffff,10,10: building_apartments
891f53526abffff,2,2: building_house
891f53526afffff,10,10: building_apartments
891f53526b3ffff,2,2: building_house
891f53526b7ffff,2,2: building_house
891f53526c3ffff,11,11: building_house
891f53526c7ffff,10,10: building_apartments
891f53526cfffff,7,7: highway_bus_stop
891f53526d3ffff,9,9: aeroway_aerodrome
891f53526d7ffff,2,2: building_house
891f535284bffff,3,3: landuse_industrial
891f535286bffff,8,8: landuse_industrial
891f53528cfffff,6,6: building_office
891f5352903ffff,7,7: highway_bus_stop
891f5352913ffff,7,7: highway_bus_stop
891f5352917ffff,11,11: building_house
891f535291bffff,7,7: highway_bus_stop
891f5352927ffff,7,7: highway_bus_stop
891f535292fffff,8,8: landuse_industrial
891f535293bffff,8,8: landuse_industrial
891f5352963ffff,8,8: landuse_industrial
891f535296fffff,8,8: landuse_industrial
891f5352973ffff,8,8: landuse_industrial
891f5352977ffff,8,8: landuse_industrial
891f5352983ffff,11,11: building_house
891f535298bffff,8,8: landuse_industrial
891f5352993ffff,8,8: landuse_industrial
891f535299bffff,3,3: landuse_industrial
891f53529a7ffff,6,6: building_office
891f53529afffff,6,6: building_office
891f53529b3ffff,11,11: building_house
891f53529b7ffff,2,2: building_house
891f53529bbffff,2,2: building_house
891f5352a07ffff,8,8: landuse_industrial
891f5352a13ffff,6,6: building_office
891f5352a17ffff,4,4: landuse_cemetery
891f5352a1bffff,7,7: highway_bus_stop
891f5352a33ffff,7,7: highway_bus_stop
891f5352a43ffff,11,11: building_house
891f5352a47ffff,2,2: building_house
891f5352a4bffff,2,2: building_house
891f5352a4fffff,2,2: building_house
891f5352a5bffff,2,2: building_house
891f5352a6bffff,2,2: building_house
891f5352a6fffff,10,10: building_apartments
891f5352a7bffff,2,2: building_house
891f5352a83ffff,3,3: landuse_industrial
891f5352a87ffff,3,3: landuse_industrial
891f5352a8bffff,6,6: building_office
891f5352a8fffff,3,3: landuse_industrial
891f5352a93ffff,3,3: landuse_industrial
891f5352a97ffff,3,3: landuse_industrial
891f5352acbffff,4,4: landuse_cemetery
891f5352b1bffff,4,4: landuse_cemetery
891f5352c2bffff,4,4: landuse_cemetery
891f5352c2fffff,7,7: highway_bus_stop
891f5352c93ffff,11,11: building_house
891f5352c9bffff,1,1: amenity_nightclub
891f5352d03ffff,7,7: highway_bus_stop
891f5352d0bffff,8,8: landuse_industrial
891f5352d0fffff,8,8: landuse_industrial
891f5352d13ffff,0,0: landuse_industrial
891f5352d17ffff,2,2: building_house
891f5352d1bffff,3,3: landuse_industrial
891f5352d2bffff,7,7: highway_bus_stop
891f5352d33ffff,8,8: landuse_industrial
891f5352d37ffff,8,8: landuse_industrial
891f5352d5bffff,4,4: landuse_cemetery
891f5352d67ffff,8,8: landuse_industrial
891f5352d6fffff,0,0: landuse_industrial
891f5352d73ffff,3,3: landuse_industrial
891f5352d8bffff,3,3: landuse_industrial
891f5352d93ffff,8,8: landuse_industrial
891f5352d9bffff,8,8: landuse_industrial
891f5352da7ffff,7,7: highway_bus_stop
891f5352dabffff,8,8: landuse_industrial
891f5352dafffff,8,8: landuse_industrial
891f5352dc7ffff,3,3: landuse_industrial
891f5352dcfffff,3,3: landuse_industrial
891f5352dd7ffff,8,8: landuse_industrial
891f5352e07ffff,7,7: highway_bus_stop
891f5352e0bffff,4,4: landuse_cemetery
891f5352e1bffff,9,9: aeroway_aerodrome
891f5352e2fffff,7,7: highway_bus_stop
891f5352e33ffff,7,7: highway_bus_stop
891f5352e3bffff,7,7: highway_bus_stop
891f5352e43ffff,7,7: highway_bus_stop
891f5352e47ffff,7,7: highway_bus_stop
891f5352e53ffff,2,2: building_house
891f5352e73ffff,7,7: highway_bus_stop
891f5352e77ffff,7,7: highway_bus_stop
891f5352ecbffff,4,4: landuse_cemetery
891f5352ecfffff,4,4: landuse_cemetery
891f5353003ffff,10,10: building_apartments
891f535300bffff,1,1: amenity_nightclub
891f535300fffff,9,9: aeroway_aerodrome
891f5353013ffff,10,10: building_apartments
891f5353017ffff,10,10: building_apartments
891f535301bffff,6,6: building_office
891f5353027ffff,9,9: aeroway_aerodrome
891f5353043ffff,5,5: shop_greengrocer
891f5353047ffff,5,5: shop_greengrocer
891f535304bffff,5,5: shop_greengrocer
891f535304fffff,5,5: shop_greengrocer
891f5353053ffff,5,5: shop_greengrocer
891f5353057ffff,10,10: building_apartments
891f535305bffff,5,5: shop_greengrocer
891f5353063ffff,9,9: aeroway_aerodrome
891f535306bffff,6,6: building_office
891f535306fffff,9,9: aeroway_aerodrome
891f5353073ffff,1,1: amenity_nightclub
891f5353077ffff,1,1: amenity_nightclub
891f535307bffff,5,5: shop_greengrocer
891f535308bffff,10,10: building_apartments
891f535308fffff,10,10: building_apartments
891f5353097ffff,3,3: landuse_industrial
891f535309bffff,10,10: building_apartments
891f53530c3ffff,10,10: building_apartments
891f53530c7ffff,6,6: building_office
891f53530cbffff,5,5: shop_greengrocer
891f53530cfffff,10,10: building_apartments
891f53530d3ffff,10,10: building_apartments
891f53530d7ffff,6,6: building_office
891f53530dbffff,10,10: building_apartments
891f5353103ffff,1,1: amenity_nightclub
891f5353113ffff,9,9: aeroway_aerodrome
891f535311bffff,10,10: building_apartments
891f5353143ffff,9,9: aeroway_aerodrome
891f535314bffff,7,7: highway_bus_stop
891f535314fffff,6,6: building_office
891f5353153ffff,10,10: building_apartments
891f5353157ffff,10,10: building_apartments
891f535315bffff,5,5: shop_greengrocer
891f5353163ffff,4,4: landuse_cemetery
891f5353167ffff,4,4: landuse_cemetery
891f535316fffff,8,8: landuse_industrial
891f5353177ffff,4,4: landuse_cemetery
891f535317bffff,6,6: building_office
891f535318bffff,10,10: building_apartments
891f535319bffff,10,10: building_apartments
891f53531c3ffff,9,9: aeroway_aerodrome
891f53531c7ffff,10,10: building_apartments
891f53531cbffff,10,10: building_apartments
891f53531cfffff,10,10: building_apartments
891f53531d3ffff,9,9: aeroway_aerodrome
891f53531d7ffff,10,10: building_apartments
891f53531dbffff,9,9: aeroway_aerodrome
891f5353207ffff,9,9: aeroway_aerodrome
891f535320bffff,6,6: building_office
891f5353213ffff,9,9: aeroway_aerodrome
891f5353217ffff,9,9: aeroway_aerodrome
891f535321bffff,10,10: building_apartments
891f5353233ffff,5,5: shop_greengrocer
891f5353237ffff,9,9: aeroway_aerodrome
891f5353243ffff,6,6: building_office
891f5353247ffff,10,10: building_apartments
891f535324bffff,5,5: shop_greengrocer
891f535324fffff,10,10: building_apartments
891f5353253ffff,5,5: shop_greengrocer
891f5353257ffff,10,10: building_apartments
891f535325bffff,5,5: shop_greengrocer
891f5353263ffff,4,4: landuse_cemetery
891f535326bffff,10,10: building_apartments
891f535327bffff,10,10: building_apartments
891f5353283ffff,9,9: aeroway_aerodrome
891f5353287ffff,5,5: shop_greengrocer
891f535328bffff,5,5: shop_greengrocer
891f535328fffff,5,5: shop_greengrocer
891f5353293ffff,5,5: shop_greengrocer
891f5353297ffff,5,5: shop_greengrocer
891f53532a3ffff,5,5: shop_greengrocer
891f53532a7ffff,5,5: shop_greengrocer
891f53532abffff,5,5: shop_greengrocer
891f53532afffff,5,5: shop_greengrocer
891f53532b3ffff,5,5: shop_greengrocer
891f53532b7ffff,5,5: shop_greengrocer
891f53532bbffff,5,5: shop_greengrocer
891f53532c3ffff,9,9: aeroway_aerodrome
891f53532c7ffff,2,2: building_house
891f53532cbffff,5,5: shop_greengrocer
891f53532cfffff,10,10: building_apartments
891f53532d3ffff,5,5: shop_greengrocer
891f53532d7ffff,10,10: building_apartments
891f53532dbffff,9,9: aeroway_aerodrome
891f5353317ffff,9,9: aeroway_aerodrome
891f535332fffff,11,11: building_house
891f535333bffff,6,6: building_office
891f5353343ffff,4,4: landuse_cemetery
891f5353347ffff,8,8: landuse_industrial
891f535334bffff,11,11: building_house
891f535334fffff,4,4: landuse_cemetery
891f5353353ffff,4,4: landuse_cemetery
891f5353357ffff,8,8: landuse_industrial
891f535335bffff,2,2: building_house
891f5353373ffff,8,8: landuse_industrial
891f5353383ffff,7,7: highway_bus_stop
891f5353387ffff,3,3: landuse_industrial
891f5353397ffff,6,6: building_office
891f535339bffff,5,5: shop_greengrocer
891f53533abffff,9,9: aeroway_aerodrome
891f53533b7ffff,6,6: building_office
891f53533bbffff,8,8: landuse_industrial
891f53533c3ffff,8,8: landuse_industrial
891f53533cbffff,8,8: landuse_industrial
891f53533cfffff,7,7: highway_bus_stop
891f53533d3ffff,6,6: building_office
891f53533d7ffff,9,9: aeroway_aerodrome
891f53533dbffff,9,9: aeroway_aerodrome
891f5353403ffff,10,10: building_apartments
891f535340bffff,10,10: building_apartments
891f535340fffff,10,10: building_apartments
891f5353413ffff,2,2: building_house
891f5353417ffff,2,2: building_house
891f535341bffff,1,1: amenity_nightclub
891f5353423ffff,3,3: landuse_industrial
891f5353427ffff,3,3: landuse_industrial
891f535342bffff,6,6: building_office
891f535342fffff,3,3: landuse_industrial
891f5353433ffff,3,3: landuse_industrial
891f5353437ffff,3,3: landuse_industrial
891f535343bffff,5,5: shop_greengrocer
891f5353443ffff,10,10: building_apartments
891f5353447ffff,10,10: building_apartments
891f535344bffff,10,10: building_apartments
891f535344fffff,2,2: building_house
891f5353453ffff,5,5: shop_greengrocer
891f5353457ffff,10,10: building_apartments
891f535345bffff,5,5: shop_greengrocer
891f5353463ffff,0,0: landuse_industrial
891f535346bffff,0,0: landuse_industrial
891f535346fffff,6,6: building_office
891f5353473ffff,10,10: building_apartments
891f5353477ffff,10,10: building_apartments
891f535347bffff,2,2: building_house
891f5353483ffff,5,5: shop_greengrocer
891f535348bffff,10,10: building_apartments
891f535348fffff,10,10: building_apartments
891f535349bffff,5,5: shop_greengrocer
891f53534a7ffff,6,6: building_office
891f53534abffff,6,6: building_office
891f53534afffff,3,3: landuse_industrial
891f53534c3ffff,4,4: landuse_cemetery
891f53534c7ffff,10,10: building_apartments
891f53534cbffff,5,5: shop_greengrocer
891f53534cfffff,5,5: shop_greengrocer
891f53534d3ffff,5,5: shop_greengrocer
891f53534d7ffff,9,9: aeroway_aerodrome
891f53534dbffff,5,5: shop_greengrocer
891f535350bffff,8,8: landuse_industrial
891f5353513ffff,8,8: landuse_industrial
891f535351bffff,3,3: landuse_industrial
891f5353547ffff,6,6: building_office
891f535354fffff,10,10: building_apartments
891f5353553ffff,3,3: landuse_industrial
891f5353557ffff,3,3: landuse_industrial
891f535355bffff,3,3: landuse_industrial
891f5353563ffff,11,11: building_house
891f5353567ffff,6,6: building_office
891f535356bffff,10,10: building_apartments
891f5353573ffff,6,6: building_office
891f535357bffff,7,7: highway_bus_stop
891f535358bffff,8,8: landuse_industrial
891f535358fffff,8,8: landuse_industrial
891f535359bffff,8,8: landuse_industrial
891f53535a7ffff,6,6: building_office
891f53535c7ffff,8,8: landuse_industrial
891f53535cbffff,3,3: landuse_industrial
891f53535cfffff,3,3: landuse_industrial
891f53535d3ffff,6,6: building_office
891f53535d7ffff,8,8: landuse_industrial
891f5353603ffff,9,9: aeroway_aerodrome
891f5353607ffff,9,9: aeroway_aerodrome
891f535360fffff,9,9: aeroway_aerodrome
891f5353613ffff,10,10: building_apartments
891f5353617ffff,10,10: building_apartments
891f535361bffff,10,10: building_apartments
891f5353623ffff,9,9: aeroway_aerodrome
891f5353627ffff,5,5: shop_greengrocer
891f535362bffff,10,10: building_apartments
891f535362fffff,5,5: shop_greengrocer
891f5353633ffff,10,10: building_apartments
891f5353637ffff,5,5: shop_greengrocer
891f535363bffff,0,0: landuse_industrial
891f5353643ffff,10,10: building_apartments
891f5353647ffff,1,1: amenity_nightclub
891f535364bffff,10,10: building_apartments
891f535364fffff,5,5: shop_greengrocer
891f5353653ffff,9,9: aeroway_aerodrome
891f5353657ffff,10,10: building_apartments
891f535365bffff,10,10: building_apartments
891f535366bffff,7,7: highway_bus_stop
891f535366fffff,10,10: building_apartments
891f5353673ffff,9,9: aeroway_aerodrome
891f535367bffff,1,1: amenity_nightclub
891f5353683ffff,5,5: shop_greengrocer
891f5353687ffff,5,5: shop_greengrocer
891f535368bffff,10,10: building_apartments
891f535368fffff,5,5: shop_greengrocer
891f5353693ffff,5,5: shop_greengrocer
891f5353697ffff,5,5: shop_greengrocer
891f535369bffff,5,5: shop_greengrocer
891f53536a3ffff,5,5: shop_greengrocer
891f53536a7ffff,10,10: building_apartments
891f53536abffff,10,10: building_apartments
891f53536afffff,5,5: shop_greengrocer
891f53536b3ffff,10,10: building_apartments
891f53536b7ffff,10,10: building_apartments
891f53536bbffff,10,10: building_apartments
891f53536c3ffff,5,5: shop_greengrocer
891f53536c7ffff,5,5: shop_greengrocer
891f53536cbffff,5,5: shop_greengrocer
891f53536cfffff,9,9: aeroway_aerodrome
891f53536d3ffff,10,10: building_apartments
891f53536d7ffff,10,10: building_apartments
891f53536dbffff,5,5: shop_greengrocer
891f5355053ffff,11,11: building_house
891f535505bffff,0,0: landuse_industrial
891f5355203ffff,11,11: building_house
891f5355207ffff,2,2: building_house
891f535520bffff,2,2: building_house
891f535520fffff,2,2: building_house
891f5355217ffff,2,2: building_house
891f5355403ffff,11,11: building_house
891f5355407ffff,7,7: highway_bus_stop
891f535540fffff,0,0: landuse_industrial
891f5355413ffff,2,2: building_house
891f5355417ffff,2,2: building_house
891f535541bffff,2,2: building_house
891f5355443ffff,11,11: building_house
891f5355447ffff,2,2: building_house
891f535544bffff,2,2: building_house
891f5355453ffff,0,0: landuse_industrial
891f5355457ffff,2,2: building_house
891f535545bffff,2,2: building_house
891f5355463ffff,8,8: landuse_industrial
891f535546bffff,6,6: building_office
891f5355473ffff,2,2: building_house
891f5355477ffff,0,0: landuse_industrial
891f5355487ffff,11,11: building_house
891f535548bffff,2,2: building_house
891f535548fffff,2,2: building_house
891f5355493ffff,11,11: building_house
891f53554c3ffff,11,11: building_house
891f53554c7ffff,2,2: building_house
891f53554cbffff,2,2: building_house
891f53554cfffff,2,2: building_house
891f53554d7ffff,2,2: building_house
891f53554dbffff,0,0: landuse_industrial
891f5355603ffff,11,11: building_house
891f535560bffff,2,2: building_house
891f535560fffff,2,2: building_house
891f535561bffff,2,2: building_house
891f5355623ffff,11,11: building_house
891f5355627ffff,2,2: building_house
891f535562bffff,2,2: building_house
891f535562fffff,2,2: building_house
891f5355633ffff,2,2: building_house
891f535563bffff,2,2: building_house
891f5355643ffff,11,11: building_house
891f5355647ffff,2,2: building_house
891f535564bffff,2,2: building_house
891f535564fffff,2,2: building_house
891f5355657ffff,2,2: building_house
891f5355663ffff,11,11: building_house
891f5355673ffff,2,2: building_house
891f5355677ffff,2,2: building_house
891f535567bffff,2,2: building_house
891f5355693ffff,2,2: building_house
891f53556d3ffff,4,4: landuse_cemetery
891f535700bffff,11,11: building_house
891f5357013ffff,11,11: building_house
891f535701bffff,2,2: building_house
891f5357043ffff,11,11: building_house
891f5357047ffff,2,2: building_house
891f535704bffff,2,2: building_house
891f5357053ffff,2,2: building_house
891f5357057ffff,2,2: building_house
891f535705bffff,2,2: building_house
891f5357063ffff,11,11: building_house
891f535706bffff,2,2: building_house
891f5357073ffff,2,2: building_house
891f535707bffff,2,2: building_house
891f5357083ffff,11,11: building_house
891f5357087ffff,2,2: building_house
891f535708bffff,2,2: building_house
891f535708fffff,2,2: building_house
891f5357097ffff,2,2: building_house
891f535709bffff,2,2: building_house
891f53570c3ffff,11,11: building_house
891f53570c7ffff,2,2: building_house
891f53570cfffff,2,2: building_house
891f53570d3ffff,2,2: building_house
891f53570d7ffff,2,2: building_house
891f53570dbffff,2,2: building_house
891f5357207ffff,11,11: building_house
891f5357213ffff,7,7: highway_bus_stop
891f5357217ffff,2,2: building_house
891f535721bffff,9,9: aeroway_aerodrome
891f535722bffff,2,2: building_house
891f5357233ffff,2,2: building_house
891f5357237ffff,2,2: building_house
891f5357243ffff,11,11: building_house
891f535724bffff,2,2: building_house
891f535724fffff,2,2: building_house
891f5357253ffff,6,6: building_office
891f535725bffff,2,2: building_house
891f5357267ffff,2,2: building_house
891f5357283ffff,11,11: building_house
891f5357287ffff,2,2: building_house
891f535728bffff,2,2: building_house
891f535728fffff,2,2: building_house
891f5357293ffff,2,2: building_house
891f5357297ffff,2,2: building_house
891f535729bffff,2,2: building_house
891f53572a3ffff,11,11: building_house
891f53572a7ffff,2,2: building_house
891f53572abffff,2,2: building_house
891f53572afffff,2,2: building_house
891f53572bbffff,2,2: building_house
891f53572c7ffff,10,10: building_apartments
891f53572d7ffff,0,0: landuse_industrial
891f53573cbffff,2,2: building_house
891f53573d3ffff,2,2: building_house
891f53573dbffff,2,2: building_house
891f5357403ffff,8,8: landuse_industrial
891f5357407ffff,0,0: landuse_industrial
891f535740bffff,0,0: landuse_industrial
891f535740fffff,2,2: building_house
891f5357413ffff,4,4: landuse_cemetery
891f5357417ffff,3,3: landuse_industrial
891f535741bffff,8,8: landuse_industrial
891f5357447ffff,2,2: building_house
891f5357453ffff,11,11: building_house
891f535745bffff,0,0: landuse_industrial
891f5357463ffff,11,11: building_house
891f5357467ffff,2,2: building_house
891f535746bffff,2,2: building_house
891f535746fffff,2,2: building_house
891f5357473ffff,2,2: building_house
891f5357477ffff,2,2: building_house
891f535747bffff,2,2: building_house
891f53574a3ffff,11,11: building_house
891f53574afffff,0,0: landuse_industrial
891f53574b3ffff,8,8: landuse_industrial
891f53574bbffff,8,8: landuse_industrial
891f53574cfffff,8,8: landuse_industrial
891f53575dbffff,0,0: landuse_industrial
891f5357603ffff,11,11: building_house
891f5357607ffff,2,2: building_house
891f535760bffff,2,2: building_house
891f535760fffff,0,0: landuse_industrial
891f5357613ffff,2,2: building_house
891f5357617ffff,2,2: building_house
891f535761bffff,2,2: building_house
891f5357623ffff,11,11: building_house
891f5357627ffff,2,2: building_house
891f535762bffff,2,2: building_house
891f535762fffff,2,2: building_house
891f5357633ffff,2,2: building_house
891f5357637ffff,0,0: landuse_industrial
891f535763bffff,2,2: building_house
891f5357643ffff,8,8: landuse_industrial
891f5357647ffff,8,8: landuse_industrial
891f5357657ffff,0,0: landuse_industrial
891f5357663ffff,3,3: landuse_industrial
891f5357667ffff,0,0: landuse_industrial
891f535766fffff,0,0: landuse_industrial
891f5357673ffff,0,0: landuse_industrial
891f5357677ffff,0,0: landuse_industrial
891f535768fffff,2,2: building_house
891f5357693ffff,8,8: landuse_industrial
891f5357697ffff,3,3: landuse_industrial
891f535769bffff,3,3: landuse_industrial
891f53576a3ffff,11,11: building_house
891f53576a7ffff,2,2: building_house
891f53576abffff,2,2: building_house
891f53576afffff,0,0: landuse_industrial
891f53576b7ffff,2,2: building_house
891f53576c3ffff,4,4: landuse_cemetery
891f53576c7ffff,2,2: building_house
891f53576cfffff,2,2: building_house
891f53576d7ffff,8,8: landuse_industrial
891f535a003ffff,6,6: building_office
891f535a007ffff,3,3: landuse_industrial
891f535a00bffff,3,3: landuse_industrial
891f535a00fffff,3,3: landuse_industrial
891f535a013ffff,6,6: building_office
891f535a01bffff,6,6: building_office
891f535a023ffff,0,0: landuse_industrial
891f535a027ffff,2,2: building_house
891f535a02bffff,0,0: landuse_industrial
891f535a02fffff,0,0: landuse_industrial
891f535a033ffff,3,3: landuse_industrial
891f535a037ffff,10,10: building_apartments
891f535a03bffff,3,3: landuse_industrial
891f535a043ffff,9,9: aeroway_aerodrome
891f535a047ffff,5,5: shop_greengrocer
891f535a04bffff,9,9: aeroway_aerodrome
891f535a04fffff,5,5: shop_greengrocer
891f535a053ffff,9,9: aeroway_aerodrome
891f535a057ffff,9,9: aeroway_aerodrome
891f535a05bffff,9,9: aeroway_aerodrome
891f535a063ffff,4,4: landuse_cemetery
891f535a067ffff,0,0: landuse_industrial
891f535a06bffff,10,10: building_apartments
891f535a06fffff,2,2: building_house
891f535a073ffff,10,10: building_apartments
891f535a077ffff,0,0: landuse_industrial
891f535a07bffff,5,5: shop_greengrocer
891f535a083ffff,11,11: building_house
891f535a087ffff,6,6: building_office
891f535a08fffff,3,3: landuse_industrial
891f535a093ffff,2,2: building_house
891f535a097ffff,2,2: building_house
891f535a09bffff,10,10: building_apartments
891f535a0a3ffff,8,8: landuse_industrial
891f535a0a7ffff,3,3: landuse_industrial
891f535a0afffff,3,3: landuse_industrial
891f535a0b3ffff,8,8: landuse_industrial
891f535a0b7ffff,3,3: landuse_industrial
891f535a0c7ffff,6,6: building_office
891f535a0cbffff,0,0: landuse_industrial
891f535a0cfffff,3,3: landuse_industrial
891f535a0d3ffff,0,0: landuse_industrial
891f535a0d7ffff,6,6: building_office
891f535a0dbffff,0,0: landuse_industrial
891f535a103ffff,8,8: landuse_industrial
891f535a107ffff,4,4: landuse_cemetery
891f535a10fffff,10,10: building_apartments
891f535a113ffff,8,8: landuse_industrial
891f535a117ffff,8,8: landuse_industrial
891f535a123ffff,10,10: building_apartments
891f535a12bffff,7,7: highway_bus_stop
891f535a137ffff,5,5: shop_greengrocer
891f535a147ffff,11,11: building_house
891f535a15bffff,10,10: building_apartments
891f535a163ffff,1,1: amenity_nightclub
891f535a16bffff,11,11: building_house
891f535a173ffff,4,4: landuse_cemetery
891f535a177ffff,7,7: highway_bus_stop
891f535a17bffff,8,8: landuse_industrial
891f535a18bffff,0,0: landuse_industrial
891f535a193ffff,11,11: building_house
891f535a197ffff,2,2: building_house
891f535a19bffff,7,7: highway_bus_stop
891f535a1a3ffff,9,9: aeroway_aerodrome
891f535a1abffff,3,3: landuse_industrial
891f535a1afffff,6,6: building_office
891f535a1b3ffff,7,7: highway_bus_stop
891f535a1b7ffff,7,7: highway_bus_stop
891f535a1bbffff,0,0: landuse_industrial
891f535a1c3ffff,8,8: landuse_industrial
891f535a1c7ffff,0,0: landuse_industrial
891f535a1cbffff,0,0: landuse_industrial
891f535a1cfffff,3,3: landuse_industrial
891f535a1d3ffff,3,3: landuse_industrial
891f535a1d7ffff,10,10: building_apartments
891f535a1dbffff,0,0: landuse_industrial
891f535a203ffff,11,11: building_house
891f535a207ffff,2,2: building_house
891f535a20bffff,2,2: building_house
891f535a20fffff,2,2: building_house
891f535a213ffff,2,2: building_house
891f535a217ffff,2,2: building_house
891f535a21bffff,2,2: building_house
891f535a223ffff,10,10: building_apartments
891f535a227ffff,10,10: building_apartments
891f535a22bffff,2,2: building_house
891f535a22fffff,10,10: building_apartments
891f535a233ffff,10,10: building_apartments
891f535a237ffff,2,2: building_house
891f535a23bffff,2,2: building_house
891f535a243ffff,11,11: building_house
891f535a247ffff,2,2: building_house
891f535a253ffff,2,2: building_house
891f535a257ffff,2,2: building_house
891f535a25bffff,2,2: building_house
891f535a273ffff,2,2: building_house
891f535a277ffff,2,2: building_house
891f535a283ffff,8,8: landuse_industrial
891f535a287ffff,6,6: building_office
891f535a28bffff,0,0: landuse_industrial
891f535a28fffff,0,0: landuse_industrial
891f535a293ffff,8,8: landuse_industrial
891f535a297ffff,6,6: building_office
891f535a29bffff,0,0: landuse_industrial
891f535a2a3ffff,10,10: building_apartments
891f535a2a7ffff,10,10: building_apartments
891f535a2abffff,10,10: building_apartments
891f535a2afffff,10,10: building_apartments
891f535a2b3ffff,5,5: shop_greengrocer
891f535a2b7ffff,10,10: building_apartments
891f535a2bbffff,0,0: landuse_industrial
891f535a2c3ffff,11,11: building_house
891f535a2c7ffff,2,2: building_house
891f535a2cbffff,2,2: building_house
891f535a2cfffff,2,2: building_house
891f535a2d3ffff,2,2: building_house
891f535a2d7ffff,2,2: building_house
891f535a2dbffff,2,2: building_house
891f535a303ffff,11,11: building_house
891f535a307ffff,7,7: highway_bus_stop
891f535a30bffff,8,8: landuse_industrial
891f535a30fffff,6,6: building_office
891f535a31bffff,8,8: landuse_industrial
891f535a323ffff,3,3: landuse_industrial
891f535a343ffff,11,11: building_house
891f535a347ffff,8,8: landuse_industrial
891f535a353ffff,10,10: building_apartments
891f535a357ffff,0,0: landuse_industrial
891f535a35bffff,10,10: building_apartments
891f535a373ffff,8,8: landuse_industrial
891f535a383ffff,3,3: landuse_industrial
891f535a387ffff,8,8: landuse_industrial
891f535a38bffff,3,3: landuse_industrial
891f535a393ffff,0,0: landuse_industrial
891f535a39bffff,3,3: landuse_industrial
891f535a3a3ffff,11,11: building_house
891f535a3b3ffff,10,10: building_apartments
891f535a3bbffff,0,0: landuse_industrial
891f535a3c3ffff,10,10: building_apartments
891f535a3c7ffff,3,3: landuse_industrial
891f535a3cbffff,10,10: building_apartments
891f535a3cfffff,0,0: landuse_industrial
891f535a3d3ffff,10,10: building_apartments
891f535a3d7ffff,3,3: landuse_industrial
891f535a3dbffff,10,10: building_apartments
891f535a40bffff,9,9: aeroway_aerodrome
891f535a40fffff,5,5: shop_greengrocer
891f535a41bffff,10,10: building_apartments
891f535a423ffff,11,11: building_house
891f535a427ffff,2,2: building_house
891f535a42bffff,2,2: building_house
891f535a42fffff,10,10: building_apartments
891f535a433ffff,10,10: building_apartments
891f535a437ffff,0,0: landuse_industrial
891f535a43bffff,5,5: shop_greengrocer
891f535a443ffff,6,6: building_office
891f535a447ffff,10,10: building_apartments
891f535a44bffff,10,10: building_apartments
891f535a44fffff,10,10: building_apartments
891f535a453ffff,10,10: building_apartments
891f535a457ffff,10,10: building_apartments
891f535a45bffff,0,0: landuse_industrial
891f535a463ffff,9,9: aeroway_aerodrome
891f535a467ffff,10,10: building_apartments
891f535a46bffff,0,0: landuse_industrial
891f535a46fffff,6,6: building_office
891f535a473ffff,5,5: shop_greengrocer
891f535a477ffff,6,6: building_office
891f535a47bffff,2,2: building_house
891f535a483ffff,8,8: landuse_industrial
891f535a487ffff,8,8: landuse_industrial
891f535a493ffff,3,3: landuse_industrial
891f535a497ffff,3,3: landuse_industrial
891f535a49bffff,3,3: landuse_industrial
891f535a4a3ffff,11,11: building_house
891f535a4a7ffff,2,2: building_house
891f535a4abffff,4,4: landuse_cemetery
891f535a4afffff,2,2: building_house
891f535a4b3ffff,6,6: building_office
891f535a4b7ffff,0,0: landuse_industrial
891f535a4bbffff,6,6: building_office
891f535a4c3ffff,5,5: shop_greengrocer
891f535a4c7ffff,4,4: landuse_cemetery
891f535a4cbffff,2,2: building_house
891f535a4cfffff,0,0: landuse_industrial
891f535a503ffff,11,11: building_house
891f535a507ffff,10,10: building_apartments
891f535a50bffff,9,9: aeroway_aerodrome
891f535a50fffff,10,10: building_apartments
891f535a513ffff,10,10: building_apartments
891f535a517ffff,10,10: building_apartments
891f535a51bffff,9,9: aeroway_aerodrome
891f535a523ffff,11,11: building_house
891f535a527ffff,2,2: building_house
891f535a52bffff,2,2: building_house
891f535a52fffff,2,2: building_house
891f535a533ffff,10,10: building_apartments
891f535a537ffff,2,2: building_house
891f535a53bffff,10,10: building_apartments
891f535a543ffff,11,11: building_house
891f535a547ffff,10,10: building_apartments
891f535a54bffff,10,10: building_apartments
891f535a54fffff,10,10: building_apartments
891f535a553ffff,10,10: building_apartments
891f535a557ffff,10,10: building_apartments
891f535a55bffff,10,10: building_apartments
891f535a563ffff,9,9: aeroway_aerodrome
891f535a567ffff,10,10: building_apartments
891f535a56bffff,3,3: landuse_industrial
891f535a56fffff,8,8: landuse_industrial
891f535a573ffff,10,10: building_apartments
891f535a577ffff,10,10: building_apartments
891f535a57bffff,10,10: building_apartments
891f535a583ffff,9,9: aeroway_aerodrome
891f535a587ffff,11,11: building_house
891f535a58bffff,2,2: building_house
891f535a58fffff,2,2: building_house
891f535a593ffff,2,2: building_house
891f535a59bffff,10,10: building_apartments
891f535a5a3ffff,4,4: landuse_cemetery
891f535a5a7ffff,6,6: building_office
891f535a5abffff,10,10: building_apartments
891f535a5afffff,2,2: building_house
891f535a5bbffff,2,2: building_house
891f535a5c3ffff,10,10: building_apartments
891f535a5c7ffff,10,10: building_apartments
891f535a5cbffff,10,10: building_apartments
891f535a5cfffff,10,10: building_apartments
891f535a5d3ffff,2,2: building_house
891f535a5d7ffff,10,10: building_apartments
891f535a5dbffff,10,10: building_apartments
891f535a603ffff,11,11: building_house
891f535a607ffff,8,8: landuse_industrial
891f535a60bffff,6,6: building_office
891f535a60fffff,8,8: landuse_industrial
891f535a613ffff,0,0: landuse_industrial
891f535a617ffff,0,0: landuse_industrial
891f535a61bffff,3,3: landuse_industrial
891f535a623ffff,9,9: aeroway_aerodrome
891f535a627ffff,5,5: shop_greengrocer
891f535a62bffff,3,3: landuse_industrial
891f535a62fffff,5,5: shop_greengrocer
891f535a633ffff,6,6: building_office
891f535a637ffff,6,6: building_office
891f535a63bffff,3,3: landuse_industrial
891f535a643ffff,8,8: landuse_industrial
891f535a653ffff,3,3: landuse_industrial
891f535a657ffff,3,3: landuse_industrial
891f535a65bffff,5,5: shop_greengrocer
891f535a66bffff,2,2: building_house
891f535a66fffff,0,0: landuse_industrial
891f535a673ffff,0,0: landuse_industrial
891f535a677ffff,3,3: landuse_industrial
891f535a67bffff,4,4: landuse_cemetery
891f535a683ffff,4,4: landuse_cemetery
891f535a687ffff,0,0: landuse_industrial
891f535a68fffff,0,0: landuse_industrial
891f535a693ffff,0,0: landuse_industrial
891f535a697ffff,2,2: building_house
891f535a69bffff,0,0: landuse_industrial
891f535a6a3ffff,11,11: building_house
891f535a6a7ffff,2,2: building_house
891f535a6abffff,3,3: landuse_industrial
891f535a6b3ffff,0,0: landuse_industrial
891f535a6b7ffff,0,0: landuse_industrial
891f535a6bbffff,3,3: landuse_industrial
891f535a6c7ffff,8,8: landuse_industrial
891f535a6cfffff,3,3: landuse_industrial
891f535a813ffff,7,7: highway_bus_stop
891f535a883ffff,3,3: landuse_industrial
891f535a887ffff,3,3: landuse_industrial
891f535a897ffff,7,7: highway_bus_stop
891f535a8b7ffff,1,1: amenity_nightclub
891f535a8bbffff,4,4: landuse_cemetery
891f535a8cbffff,8,8: landuse_industrial
891f535a8cfffff,8,8: landuse_industrial
891f535a8dbffff,8,8: landuse_industrial
891f535a903ffff,7,7: highway_bus_stop
891f535a907ffff,2,2: building_house
891f535a90bffff,2,2: building_house
891f535a90fffff,2,2: building_house
891f535a913ffff,2,2: building_house
891f535a917ffff,2,2: building_house
891f535a91bffff,10,10: building_apartments
891f535a923ffff,11,11: building_house
891f535a927ffff,2,2: building_house
891f535a92bffff,2,2: building_house
891f535a92fffff,2,2: building_house
891f535a937ffff,2,2: building_house
891f535a947ffff,2,2: building_house
891f535a973ffff,7,7: highway_bus_stop
891f535a977ffff,7,7: highway_bus_stop
891f535a983ffff,11,11: building_house
891f535a987ffff,2,2: building_house
891f535a98fffff,2,2: building_house
891f535a997ffff,2,2: building_house
891f535a99bffff,2,2: building_house
891f535a9a3ffff,8,8: landuse_industrial
891f535a9abffff,0,0: landuse_industrial
891f535a9afffff,3,3: landuse_industrial
891f535a9b3ffff,2,2: building_house
891f535a9bbffff,2,2: building_house
891f535a9d7ffff,8,8: landuse_industrial
891f535ac03ffff,8,8: landuse_industrial
891f535ac07ffff,11,11: building_house
891f535ac0bffff,7,7: highway_bus_stop
891f535ac13ffff,8,8: landuse_industrial
891f535ac1bffff,7,7: highway_bus_stop
891f535ac23ffff,6,6: building_office
891f535ac2bffff,7,7: highway_bus_stop
891f535ac2fffff,7,7: highway_bus_stop
891f535ac33ffff,1,1: amenity_nightclub
891f535ac37ffff,6,6: building_office
891f535ac43ffff,7,7: highway_bus_stop
891f535ac47ffff,6,6: building_office
891f535ac4bffff,9,9: aeroway_aerodrome
891f535ac4fffff,6,6: building_office
891f535ac53ffff,4,4: landuse_cemetery
891f535ac5bffff,7,7: highway_bus_stop
891f535ac63ffff,6,6: building_office
891f535ac73ffff,5,5: shop_greengrocer
891f535ac77ffff,6,6: building_office
891f535ac7bffff,7,7: highway_bus_stop
891f535ac83ffff,11,11: building_house
891f535ac87ffff,8,8: landuse_industrial
891f535ac8bffff,0,0: landuse_industrial
891f535ac8fffff,8,8: landuse_industrial
891f535acabffff,9,9: aeroway_aerodrome
891f535acafffff,1,1: amenity_nightclub
891f535acb3ffff,3,3: landuse_industrial
891f535acb7ffff,5,5: shop_greengrocer
891f535acbbffff,3,3: landuse_industrial
891f535acc3ffff,10,10: building_apartments
891f535acc7ffff,3,3: landuse_industrial
891f535accbffff,9,9: aeroway_aerodrome
891f535accfffff,5,5: shop_greengrocer
891f535acd3ffff,7,7: highway_bus_stop
891f535acdbffff,10,10: building_apartments
891f535ad07ffff,7,7: highway_bus_stop
891f535ad0bffff,7,7: highway_bus_stop
891f535ad1bffff,2,2: building_house
891f535ad23ffff,9,9: aeroway_aerodrome
891f535ad33ffff,8,8: landuse_industrial
891f535ad3bffff,7,7: highway_bus_stop
891f535ad47ffff,10,10: building_apartments
891f535ad4bffff,7,7: highway_bus_stop
891f535ad4fffff,7,7: highway_bus_stop
891f535ad53ffff,4,4: landuse_cemetery
891f535ad57ffff,2,2: building_house
891f535ad5bffff,6,6: building_office
891f535ad7bffff,2,2: building_house
891f535adabffff,9,9: aeroway_aerodrome
891f535adc3ffff,9,9: aeroway_aerodrome
891f535adcfffff,10,10: building_apartments
891f535add3ffff,9,9: aeroway_aerodrome
891f535add7ffff,9,9: aeroway_aerodrome
891f535addbffff,1,1: amenity_nightclub
891f535ae03ffff,7,7: highway_bus_stop
891f535ae07ffff,7,7: highway_bus_stop
891f535ae0bffff,7,7: highway_bus_stop
891f535ae23ffff,8,8: landuse_industrial
891f535ae2bffff,0,0: landuse_industrial
891f535ae2fffff,7,7: highway_bus_stop
891f535ae37ffff,8,8: landuse_industrial
891f535ae3bffff,0,0: landuse_industrial
891f535ae43ffff,7,7: highway_bus_stop
891f535ae57ffff,7,7: highway_bus_stop
891f535ae5bffff,11,11: building_house
891f535ae83ffff,11,11: building_house
891f535ae87ffff,6,6: building_office
891f535ae8bffff,6,6: building_office
891f535ae8fffff,0,0: landuse_industrial
891f535ae9bffff,1,1: amenity_nightclub
891f535aea7ffff,7,7: highway_bus_stop
891f535aeabffff,7,7: highway_bus_stop
891f535b403ffff,8,8: landuse_industrial
891f535b413ffff,8,8: landuse_industrial
891f535b417ffff,3,3: landuse_industrial
891f535b41bffff,4,4: landuse_cemetery
891f535b483ffff,8,8: landuse_industrial
891f535b487ffff,8,8: landuse_industrial
891f535b48bffff,3,3: landuse_industrial
891f535b48fffff,3,3: landuse_industrial
891f535b493ffff,3,3: landuse_industrial
891f535b49bffff,8,8: landuse_industrial
891f535b4a3ffff,3,3: landuse_industrial
891f535b4a7ffff,8,8: landuse_industrial
891f535b4abffff,8,8: landuse_industrial
891f535b4b3ffff,8,8: landuse_industrial
891f535b4c7ffff,7,7: highway_bus_stop
891f535b4cbffff,8,8: landuse_industrial
891f535b4cfffff,7,7: highway_bus_stop
891f535b4d7ffff,0,0: landuse_industrial
891f535b503ffff,0,0: landuse_industrial
891f535b50bffff,2,2: building_house
891f535b50fffff,0,0: landuse_industrial
891f535b513ffff,0,0: landuse_industrial
891f535b51bffff,2,2: building_house
891f535b523ffff,11,11: building_house
891f535b527ffff,2,2: building_house
891f535b52bffff,2,2: building_house
891f535b52fffff,2,2: building_house
891f535b537ffff,2,2: building_house
891f535b53bffff,2,2: building_house
891f535b543ffff,8,8: landuse_industrial
891f535b547ffff,0,0: landuse_industrial
891f535b557ffff,2,2: building_house
891f535b573ffff,2,2: building_house
891f535b577ffff,2,2: building_house
891f535b583ffff,4,4: landuse_cemetery
891f535b58bffff,2,2: building_house
891f535b58fffff,0,0: landuse_industrial
891f535b593ffff,0,0: landuse_industrial
891f535b59bffff,0,0: landuse_industrial
891f535b5a3ffff,7,7: highway_bus_stop
891f535b5a7ffff,2,2: building_house
891f535b5afffff,2,2: building_house
891f535b5b7ffff,2,2: building_house
891f535b5bbffff,8,8: landuse_industrial
891f535b5c3ffff,11,11: building_house
891f535b5c7ffff,2,2: building_house
891f535b5cbffff,0,0: landuse_industrial
891f535b5cfffff,2,2: building_house
891f535b5d3ffff,0,0: landuse_industrial
891f535b5d7ffff,2,2: building_house
891f535b5dbffff,9,9: aeroway_aerodrome
891f53c002bffff,11,11: building_house
891f53c002fffff,4,4: landuse_cemetery
891f53c0063ffff,11,11: building_house
891f53c0067ffff,2,2: building_house
891f53c006bffff,2,2: building_house
891f53c006fffff,2,2: building_house
891f53c0073ffff,8,8: landuse_industrial
891f53c0077ffff,2,2: building_house
891f53c0163ffff,11,11: building_house
891f53c017bffff,2,2: building_house
891f53c0203ffff,11,11: building_house
891f53c0207ffff,2,2: building_house
891f53c020bffff,2,2: building_house
891f53c020fffff,2,2: building_house
891f53c0213ffff,2,2: building_house
891f53c021bffff,2,2: building_house
891f53c0237ffff,8,8: landuse_industrial
891f53c023bffff,2,2: building_house
891f53c0243ffff,11,11: building_house
891f53c0247ffff,2,2: building_house
891f53c024bffff,10,10: building_apartments
891f53c024fffff,2,2: building_house
891f53c0257ffff,2,2: building_house
891f53c025bffff,2,2: building_house
891f53c027bffff,2,2: building_house
891f53c0283ffff,11,11: building_house
891f53c028bffff,0,0: landuse_industrial
891f53c0293ffff,0,0: landuse_industrial
891f53c029bffff,0,0: landuse_industrial
891f53c02c3ffff,0,0: landuse_industrial
891f53c02c7ffff,2,2: building_house
891f53c02cbffff,0,0: landuse_industrial
891f53c02cfffff,0,0: landuse_industrial
891f53c02d3ffff,0,0: landuse_industrial
891f53c02d7ffff,0,0: landuse_industrial
891f53c02dbffff,2,2: building_house
891f53c030fffff,11,11: building_house
891f53c0323ffff,11,11: building_house
891f53c032fffff,2,2: building_house
891f53c034bffff,11,11: building_house
891f53c035bffff,8,8: landuse_industrial
891f53c0367ffff,11,11: building_house
891f53c036fffff,2,2: building_house
891f53c0373ffff,2,2: building_house
891f53c0393ffff,2,2: building_house
891f53c0397ffff,4,4: landuse_cemetery
891f53c03abffff,6,6: building_office
891f53c03afffff,3,3: landuse_industrial
891f53c062bffff,0,0: landuse_industrial
891f53c062fffff,0,0: landuse_industrial
891f53c064fffff,11,11: building_house
891f53c0663ffff,11,11: building_house
891f53c0667ffff,0,0: landuse_industrial
891f53c066bffff,2,2: building_house
891f53c066fffff,0,0: landuse_industrial
891f53c0673ffff,0,0: landuse_industrial
891f53c0677ffff,0,0: landuse_industrial
891f53c067bffff,0,0: landuse_industrial
891f53c0803ffff,11,11: building_house
891f53c0807ffff,2,2: building_house
891f53c080bffff,2,2: building_house
891f53c080fffff,2,2: building_house
891f53c0813ffff,2,2: building_house
891f53c081bffff,2,2: building_house
891f53c0823ffff,11,11: building_house
891f53c0827ffff,2,2: building_house
891f53c082bffff,2,2: building_house
891f53c082fffff,2,2: building_house
891f53c083bffff,2,2: building_house
891f53c0843ffff,11,11: building_house
891f53c0847ffff,2,2: building_house
891f53c084fffff,2,2: building_house
891f53c0853ffff,2,2: building_house
891f53c0857ffff,2,2: building_house
891f53c085bffff,2,2: building_house
891f53c0863ffff,11,11: building_house
891f53c0867ffff,2,2: building_house
891f53c086bffff,2,2: building_house
891f53c086fffff,2,2: building_house
891f53c0877ffff,2,2: building_house
891f53c087bffff,2,2: building_house
891f53c088bffff,3,3: landuse_industrial
891f53c08b3ffff,11,11: building_house
891f53c08b7ffff,2,2: building_house
891f53c08dbffff,11,11: building_house
891f53c0903ffff,11,11: building_house
891f53c0907ffff,2,2: building_house
891f53c090bffff,2,2: building_house
891f53c0913ffff,2,2: building_house
891f53c0917ffff,2,2: building_house
891f53c091bffff,2,2: building_house
891f53c0933ffff,2,2: building_house
891f53c0947ffff,2,2: building_house
891f53c094bffff,11,11: building_house
891f53c094fffff,2,2: building_house
891f53c0953ffff,2,2: building_house
891f53c0957ffff,2,2: building_house
891f53c095bffff,2,2: building_house
891f53c0963ffff,11,11: building_house
891f53c0967ffff,7,7: highway_bus_stop
891f53c096bffff,2,2: building_house
891f53c0973ffff,2,2: building_house
891f53c0977ffff,2,2: building_house
891f53c097bffff,2,2: building_house
891f53c0983ffff,11,11: building_house
891f53c0987ffff,2,2: building_house
891f53c098bffff,2,2: building_house
891f53c098fffff,2,2: building_house
891f53c0993ffff,2,2: building_house
891f53c0997ffff,2,2: building_house
891f53c099bffff,2,2: building_house
891f53c09c7ffff,2,2: building_house
891f53c0a03ffff,6,6: building_office
891f53c0a0bffff,0,0: landuse_industrial
891f53c0a0fffff,6,6: building_office
891f53c0a13ffff,3,3: landuse_industrial
891f53c0a17ffff,3,3: landuse_industrial
891f53c0a1bffff,2,2: building_house
891f53c0a23ffff,8,8: landuse_industrial
891f53c0a27ffff,11,11: building_house
891f53c0a2bffff,11,11: building_house
891f53c0a2fffff,0,0: landuse_industrial
891f53c0a3bffff,0,0: landuse_industrial
891f53c0a43ffff,11,11: building_house
891f53c0a47ffff,2,2: building_house
891f53c0a4bffff,2,2: building_house
891f53c0a4fffff,2,2: building_house
891f53c0a53ffff,10,10: building_apartments
891f53c0a57ffff,10,10: building_apartments
891f53c0a5bffff,2,2: building_house
891f53c0a63ffff,10,10: building_apartments
891f53c0a67ffff,10,10: building_apartments
891f53c0a6bffff,10,10: building_apartments
891f53c0a6fffff,10,10: building_apartments
891f53c0a73ffff,0,0: landuse_industrial
891f53c0a77ffff,0,0: landuse_industrial
891f53c0a7bffff,2,2: building_house
891f53c0a9bffff,8,8: landuse_industrial
891f53c0aa7ffff,2,2: building_house
891f53c0aabffff,8,8: landuse_industrial
891f53c0ab7ffff,2,2: building_house
891f53c0abbffff,0,0: landuse_industrial
891f53c0acbffff,2,2: building_house
891f53c0acfffff,0,0: landuse_industrial
891f53c0b03ffff,11,11: building_house
891f53c0b07ffff,2,2: building_house
891f53c0b0bffff,2,2: building_house
891f53c0b0fffff,2,2: building_house
891f53c0b13ffff,2,2: building_house
891f53c0b17ffff,0,0: landuse_industrial
891f53c0b1bffff,2,2: building_house
891f53c0b23ffff,11,11: building_house
891f53c0b27ffff,8,8: landuse_industrial
891f53c0b2bffff,2,2: building_house
891f53c0b2fffff,2,2: building_house
891f53c0b3bffff,2,2: building_house
891f53c0b43ffff,11,11: building_house
891f53c0b47ffff,2,2: building_house
891f53c0b4bffff,2,2: building_house
891f53c0b53ffff,0,0: landuse_industrial
891f53c0b57ffff,2,2: building_house
891f53c0b5bffff,2,2: building_house
891f53c0b63ffff,11,11: building_house
891f53c0b6bffff,2,2: building_house
891f53c0b73ffff,2,2: building_house
891f53c0b77ffff,2,2: building_house
891f53c0b7bffff,2,2: building_house
891f53c0b83ffff,11,11: building_house
891f53c0b87ffff,2,2: building_house
891f53c0b8bffff,2,2: building_house
891f53c0b8fffff,2,2: building_house
891f53c0b93ffff,2,2: building_house
891f53c0b9bffff,2,2: building_house
891f53c0ba7ffff,2,2: building_house
891f53c0bb3ffff,2,2: building_house
891f53c0bb7ffff,2,2: building_house
891f53c0bbbffff,2,2: building_house
891f53c0bc3ffff,11,11: building_house
891f53c0bc7ffff,2,2: building_house
891f53c0bcbffff,2,2: building_house
891f53c0bcfffff,2,2: building_house
891f53c0bd3ffff,2,2: building_house
891f53c0bd7ffff,2,2: building_house
891f53c0bdbffff,2,2: building_house
891f53c0c5bffff,11,11: building_house
891f53c0c63ffff,11,11: building_house
891f53c0c6bffff,2,2: building_house
891f53c0c73ffff,2,2: building_house
891f53c0c77ffff,2,2: building_house
891f53c0d2bffff,2,2: building_house
891f53c0d2fffff,2,2: building_house
891f53c0d4fffff,2,2: building_house
891f53c0d67ffff,2,2: building_house
891f53c0d73ffff,11,11: building_house
891f53c0d7bffff,2,2: building_house
891f53c0e13ffff,11,11: building_house
891f53c0e1bffff,2,2: building_house
891f53c0e23ffff,7,7: highway_bus_stop
891f53c0e27ffff,2,2: building_house
891f53c0e2bffff,2,2: building_house
891f53c0e33ffff,2,2: building_house
891f53c0e37ffff,2,2: building_house
891f53c0e3bffff,7,7: highway_bus_stop
891f53c0e43ffff,7,7: highway_bus_stop
891f53c0e4bffff,7,7: highway_bus_stop
891f53c0e53ffff,11,11: building_house
891f53c0e57ffff,7,7: highway_bus_stop
891f53c0e73ffff,7,7: highway_bus_stop
891f53c0e87ffff,11,11: building_house
891f53c0e9bffff,11,11: building_house
891f53c0ea3ffff,11,11: building_house
891f53c0ea7ffff,2,2: building_house
891f53c0eabffff,2,2: building_house
891f53c0eafffff,2,2: building_house
891f53c0eb3ffff,2,2: building_house
891f53c1003ffff,11,11: building_house
891f53c1007ffff,10,10: building_apartments
891f53c100bffff,2,2: building_house
891f53c100fffff,10,10: building_apartments
891f53c1017ffff,2,2: building_house
891f53c1023ffff,8,8: landuse_industrial
891f53c1027ffff,9,9: aeroway_aerodrome
891f53c102fffff,0,0: landuse_industrial
891f53c1033ffff,2,2: building_house
891f53c1037ffff,0,0: landuse_industrial
891f53c103bffff,2,2: building_house
891f53c1047ffff,2,2: building_house
891f53c104fffff,2,2: building_house
891f53c1063ffff,11,11: building_house
891f53c1067ffff,10,10: building_apartments
891f53c106bffff,2,2: building_house
891f53c106fffff,2,2: building_house
891f53c1073ffff,2,2: building_house
891f53c1077ffff,10,10: building_apartments
891f53c107bffff,2,2: building_house
891f53c10a3ffff,9,9: aeroway_aerodrome
891f53c10afffff,2,2: building_house
891f53c10bbffff,8,8: landuse_industrial
891f53c1103ffff,11,11: building_house
891f53c1107ffff,7,7: highway_bus_stop
891f53c111bffff,4,4: landuse_cemetery
891f53c1123ffff,11,11: building_house
891f53c1127ffff,7,7: highway_bus_stop
891f53c1137ffff,7,7: highway_bus_stop
891f53c113bffff,7,7: highway_bus_stop
891f53c1143ffff,9,9: aeroway_aerodrome
891f53c114bffff,4,4: landuse_cemetery
891f53c1153ffff,5,5: shop_greengrocer
891f53c115bffff,7,7: highway_bus_stop
891f53c1183ffff,11,11: building_house
891f53c1187ffff,2,2: building_house
891f53c118bffff,7,7: highway_bus_stop
891f53c1193ffff,7,7: highway_bus_stop
891f53c1197ffff,2,2: building_house
891f53c11a3ffff,8,8: landuse_industrial
891f53c11abffff,8,8: landuse_industrial
891f53c11afffff,7,7: highway_bus_stop
891f53c11b7ffff,2,2: building_house
891f53c11bbffff,7,7: highway_bus_stop
891f53c11c3ffff,11,11: building_house
891f53c11c7ffff,8,8: landuse_industrial
891f53c11cbffff,0,0: landuse_industrial
891f53c11cfffff,3,3: landuse_industrial
891f53c11d7ffff,7,7: highway_bus_stop
891f53c11dbffff,2,2: building_house
891f53c1207ffff,3,3: landuse_industrial
891f53c1223ffff,7,7: highway_bus_stop
891f53c1227ffff,11,11: building_house
891f53c1233ffff,8,8: landuse_industrial
891f53c1237ffff,0,0: landuse_industrial
891f53c1247ffff,11,11: building_house
891f53c1263ffff,8,8: landuse_industrial
891f53c1267ffff,3,3: landuse_industrial
891f53c126bffff,8,8: landuse_industrial
891f53c126fffff,3,3: landuse_industrial
891f53c1277ffff,3,3: landuse_industrial
891f53c12a7ffff,2,2: building_house
891f53c12abffff,0,0: landuse_industrial
891f53c12b7ffff,2,2: building_house
891f53c130bffff,0,0: landuse_industrial
891f53c1313ffff,9,9: aeroway_aerodrome
891f53c131bffff,5,5: shop_greengrocer
891f53c1343ffff,0,0: landuse_industrial
891f53c1347ffff,0,0: landuse_industrial
891f53c134bffff,0,0: landuse_industrial
891f53c134fffff,0,0: landuse_industrial
891f53c1353ffff,4,4: landuse_cemetery
891f53c1357ffff,6,6: building_office
891f53c135bffff,0,0: landuse_industrial
891f53c1363ffff,8,8: landuse_industrial
891f53c136bffff,11,11: building_house
891f53c136fffff,2,2: building_house
891f53c137bffff,10,10: building_apartments
891f53c1383ffff,10,10: building_apartments
891f53c138bffff,0,0: landuse_industrial
891f53c1393ffff,2,2: building_house
891f53c1397ffff,3,3: landuse_industrial
891f53c139bffff,2,2: building_house
891f53c13c3ffff,11,11: building_house
891f53c13c7ffff,2,2: building_house
891f53c13cbffff,2,2: building_house
891f53c13cfffff,10,10: building_apartments
891f53c13d3ffff,2,2: building_house
891f53c13d7ffff,2,2: building_house
891f53c13dbffff,2,2: building_house
891f53c1517ffff,11,11: building_house
891f53c1523ffff,11,11: building_house
891f53c1527ffff,2,2: building_house
891f53c1533ffff,2,2: building_house
891f53c1537ffff,2,2: building_house
891f53c1587ffff,11,11: building_house
891f53c15a3ffff,11,11: building_house
891f53c15a7ffff,2,2: building_house
891f53c15abffff,2,2: building_house
891f53c15afffff,2,2: building_house
891f53c15b3ffff,0,0: landuse_industrial
891f53c15b7ffff,2,2: building_house
891f53c15bbffff,0,0: landuse_industrial
891f53c164bffff,8,8: landuse_industrial
891f53c1657ffff,11,11: building_house
891f53c16cbffff,7,7: highway_bus_stop
891f53c16d7ffff,4,4: landuse_cemetery
891f53c1803ffff,10,10: building_apartments
891f53c1807ffff,2,2: building_house
891f53c180bffff,10,10: building_apartments
891f53c180fffff,10,10: building_apartments
891f53c1813ffff,10,10: building_apartments
891f53c1817ffff,10,10: building_apartments
891f53c181bffff,2,2: building_house
891f53c1823ffff,11,11: building_house
891f53c1827ffff,2,2: building_house
891f53c182bffff,2,2: building_house
891f53c182fffff,2,2: building_house
891f53c1833ffff,10,10: building_apartments
891f53c1837ffff,10,10: building_apartments
891f53c183bffff,10,10: building_apartments
891f53c1843ffff,10,10: building_apartments
891f53c1847ffff,2,2: building_house
891f53c184bffff,10,10: building_apartments
891f53c184fffff,0,0: landuse_industrial
891f53c1853ffff,2,2: building_house
891f53c1857ffff,2,2: building_house
891f53c185bffff,10,10: building_apartments
891f53c1863ffff,11,11: building_house
891f53c1867ffff,10,10: building_apartments
891f53c186bffff,2,2: building_house
891f53c186fffff,2,2: building_house
891f53c1873ffff,2,2: building_house
891f53c1877ffff,10,10: building_apartments
891f53c187bffff,10,10: building_apartments
891f53c1883ffff,10,10: building_apartments
891f53c1887ffff,10,10: building_apartments
891f53c188bffff,10,10: building_apartments
891f53c188fffff,10,10: building_apartments
891f53c1893ffff,10,10: building_apartments
891f53c1897ffff,10,10: building_apartments
891f53c189bffff,10,10: building_apartments
891f53c18a3ffff,10,10: building_apartments
891f53c18a7ffff,10,10: building_apartments
891f53c18abffff,10,10: building_apartments
891f53c18afffff,10,10: building_apartments
891f53c18b3ffff,10,10: building_apartments
891f53c18b7ffff,10,10: building_apartments
891f53c18bbffff,10,10: building_apartments
891f53c18c3ffff,9,9: aeroway_aerodrome
891f53c18c7ffff,10,10: building_apartments
891f53c18cbffff,10,10: building_apartments
891f53c18cfffff,10,10: building_apartments
891f53c18d7ffff,9,9: aeroway_aerodrome
891f53c18dbffff,10,10: building_apartments
891f53c1903ffff,10,10: building_apartments
891f53c1907ffff,10,10: building_apartments
891f53c190bffff,10,10: building_apartments
891f53c190fffff,10,10: building_apartments
891f53c1913ffff,10,10: building_apartments
891f53c1917ffff,5,5: shop_greengrocer
891f53c191bffff,10,10: building_apartments
891f53c1923ffff,11,11: building_house
891f53c1927ffff,10,10: building_apartments
891f53c192bffff,2,2: building_house
891f53c192fffff,2,2: building_house
891f53c1933ffff,10,10: building_apartments
891f53c1937ffff,10,10: building_apartments
891f53c193bffff,2,2: building_house
891f53c1943ffff,11,11: building_house
891f53c1947ffff,2,2: building_house
891f53c194bffff,2,2: building_house
891f53c1953ffff,2,2: building_house
891f53c1957ffff,2,2: building_house
891f53c195bffff,10,10: building_apartments
891f53c1963ffff,11,11: building_house
891f53c1967ffff,2,2: building_house
891f53c196bffff,2,2: building_house
891f53c196fffff,2,2: building_house
891f53c1973ffff,10,10: building_apartments
891f53c1977ffff,2,2: building_house
891f53c197bffff,2,2: building_house
891f53c1983ffff,11,11: building_house
891f53c1987ffff,2,2: building_house
891f53c198bffff,2,2: building_house
891f53c198fffff,10,10: building_apartments
891f53c1993ffff,2,2: building_house
891f53c1997ffff,2,2: building_house
891f53c199bffff,2,2: building_house
891f53c19a3ffff,10,10: building_apartments
891f53c19a7ffff,10,10: building_apartments
891f53c19abffff,10,10: building_apartments
891f53c19afffff,10,10: building_apartments
891f53c19b3ffff,10,10: building_apartments
891f53c19b7ffff,10,10: building_apartments
891f53c19bbffff,10,10: building_apartments
891f53c19c3ffff,10,10: building_apartments
891f53c19c7ffff,10,10: building_apartments
891f53c19cbffff,2,2: building_house
891f53c19cfffff,2,2: building_house
891f53c19d3ffff,10,10: building_apartments
891f53c19d7ffff,2,2: building_house
891f53c19dbffff,10,10: building_apartments
891f53c1a07ffff,11,11: building_house
891f53c1a13ffff,9,9: aeroway_aerodrome
891f53c1a17ffff,2,2: building_house
891f53c1a1bffff,10,10: building_apartments
891f53c1a23ffff,10,10: building_apartments
891f53c1a27ffff,10,10: building_apartments
891f53c1a2bffff,10,10: building_apartments
891f53c1a2fffff,10,10: building_apartments
891f53c1a33ffff,2,2: building_house
891f53c1a37ffff,10,10: building_apartments
891f53c1a3bffff,10,10: building_apartments
891f53c1a4bffff,4,4: landuse_cemetery
891f53c1a4fffff,9,9: aeroway_aerodrome
891f53c1a53ffff,11,11: building_house
891f53c1a5bffff,2,2: building_house
891f53c1a63ffff,11,11: building_house
891f53c1a67ffff,10,10: building_apartments
891f53c1a6bffff,2,2: building_house
891f53c1a6fffff,10,10: building_apartments
891f53c1a77ffff,2,2: building_house
891f53c1a7bffff,10,10: building_apartments
891f53c1a83ffff,9,9: aeroway_aerodrome
891f53c1a87ffff,10,10: building_apartments
891f53c1a8bffff,10,10: building_apartments
891f53c1a93ffff,0,0: landuse_industrial
891f53c1a97ffff,10,10: building_apartments
891f53c1aa3ffff,11,11: building_house
891f53c1aa7ffff,0,0: landuse_industrial
891f53c1aabffff,2,2: building_house
891f53c1aafffff,2,2: building_house
891f53c1ab3ffff,2,2: building_house
891f53c1ab7ffff,0,0: landuse_industrial
891f53c1abbffff,2,2: building_house
891f53c1ac3ffff,11,11: building_house
891f53c1ac7ffff,10,10: building_apartments
891f53c1acbffff,10,10: building_apartments
891f53c1acfffff,10,10: building_apartments
891f53c1ad3ffff,10,10: building_apartments
891f53c1ad7ffff,10,10: building_apartments
891f53c1adbffff,10,10: building_apartments
891f53c1b03ffff,11,11: building_house
891f53c1b07ffff,2,2: building_house
891f53c1b0bffff,2,2: building_house
891f53c1b0fffff,2,2: building_house
891f53c1b13ffff,10,10: building_apartments
891f53c1b17ffff,2,2: building_house
891f53c1b1bffff,2,2: building_house
891f53c1b2bffff,11,11: building_house
891f53c1b33ffff,2,2: building_house
891f53c1b3bffff,2,2: building_house
891f53c1b43ffff,11,11: building_house
891f53c1b47ffff,2,2: building_house
891f53c1b57ffff,2,2: building_house
891f53c1b63ffff,11,11: building_house
891f53c1b67ffff,2,2: building_house
891f53c1b6bffff,7,7: highway_bus_stop
891f53c1b73ffff,10,10: building_apartments
891f53c1b77ffff,10,10: building_apartments
891f53c1b7bffff,10,10: building_apartments
891f53c1b83ffff,10,10: building_apartments
891f53c1b87ffff,10,10: building_apartments
891f53c1b8bffff,10,10: building_apartments
891f53c1b8fffff,10,10: building_apartments
891f53c1b93ffff,10,10: building_apartments
891f53c1b97ffff,2,2: building_house
891f53c1b9bffff,10,10: building_apartments
891f53c1ba3ffff,11,11: building_house
891f53c1babffff,2,2: building_house
891f53c1bb3ffff,2,2: building_house
891f53c1bb7ffff,2,2: building_house
891f53c1bbbffff,2,2: building_house
891f53c1bc7ffff,2,2: building_house
891f53c1bcbffff,2,2: building_house
891f53c1bcfffff,2,2: building_house
891f53c1bd3ffff,2,2: building_house
891f53c1bdbffff,10,10: building_apartments
891f53c1c03ffff,8,8: landuse_industrial
891f53c1c0bffff,11,11: building_house
891f53c1c0fffff,2,2: building_house
891f53c1c13ffff,8,8: landuse_industrial
891f53c1c1bffff,0,0: landuse_industrial
891f53c1c2bffff,2,2: building_house
891f53c1c3bffff,2,2: building_house
891f53c1c43ffff,11,11: building_house
891f53c1c57ffff,2,2: building_house
891f53c1c5bffff,8,8: landuse_industrial
891f53c1c67ffff,2,2: building_house
891f53c1c77ffff,10,10: building_apartments
891f53c1c87ffff,2,2: building_house
891f53c1c8fffff,8,8: landuse_industrial
891f53c1c97ffff,2,2: building_house
891f53c1cc7ffff,0,0: landuse_industrial
891f53c1ccbffff,7,7: highway_bus_stop
891f53c1ccfffff,7,7: highway_bus_stop
891f53c1cdbffff,2,2: building_house
891f53c1d03ffff,11,11: building_house
891f53c1d07ffff,2,2: building_house
891f53c1d0bffff,2,2: building_house
891f53c1d0fffff,2,2: building_house
891f53c1d13ffff,2,2: building_house
891f53c1d17ffff,0,0: landuse_industrial
891f53c1d1bffff,10,10: building_apartments
891f53c1d27ffff,2,2: building_house
891f53c1d2bffff,2,2: building_house
891f53c1d2fffff,2,2: building_house
891f53c1d4bffff,10,10: building_apartments
891f53c1d4fffff,10,10: building_apartments
891f53c1d5bffff,2,2: building_house
891f53c1d63ffff,11,11: building_house
891f53c1d67ffff,2,2: building_house
891f53c1d6bffff,2,2: building_house
891f53c1d6fffff,2,2: building_house
891f53c1d73ffff,2,2: building_house
891f53c1d77ffff,2,2: building_house
891f53c1d7bffff,2,2: building_house
891f53c1d83ffff,11,11: building_house
891f53c1d87ffff,2,2: building_house
891f53c1d8bffff,2,2: building_house
891f53c1d8fffff,2,2: building_house
891f53c1d93ffff,2,2: building_house
891f53c1d97ffff,2,2: building_house
891f53c1d9bffff,2,2: building_house
891f53c1da3ffff,11,11: building_house
891f53c1dafffff,2,2: building_house
891f53c1db3ffff,2,2: building_house
891f53c1db7ffff,0,0: landuse_industrial
891f53c1dbbffff,0,0: landuse_industrial
891f53c1dc3ffff,11,11: building_house
891f53c1dc7ffff,2,2: building_house
891f53c1dcfffff,2,2: building_house
891f53c1dd3ffff,2,2: building_house
891f53c1e07ffff,9,9: aeroway_aerodrome
891f53c1e13ffff,8,8: landuse_industrial
891f53c1e17ffff,3,3: landuse_industrial
891f53c1e23ffff,10,10: building_apartments
891f53c1e27ffff,10,10: building_apartments
891f53c1e2bffff,2,2: building_house
891f53c1e2fffff,10,10: building_apartments
891f53c1e33ffff,10,10: building_apartments
891f53c1e37ffff,10,10: building_apartments
891f53c1e3bffff,10,10: building_apartments
891f53c1e4fffff,8,8: landuse_industrial
891f53c1e57ffff,11,11: building_house
891f53c1e67ffff,2,2: building_house
891f53c1e6bffff,0,0: landuse_industrial
891f53c1e6fffff,10,10: building_apartments
891f53c1e7bffff,0,0: landuse_industrial
891f53c1e87ffff,3,3: landuse_industrial
891f53c1e8bffff,0,0: landuse_industrial
891f53c1e8fffff,8,8: landuse_industrial
891f53c1e93ffff,8,8: landuse_industrial
891f53c1ea3ffff,8,8: landuse_industrial
891f53c1eabffff,9,9: aeroway_aerodrome
891f53c1eafffff,9,9: aeroway_aerodrome
891f53c324bffff,11,11: building_house
891f53c5453ffff,11,11: building_house
891f53c54cfffff,2,2: building_house
891f53c54d3ffff,11,11: building_house
891f53c54d7ffff,2,2: building_house
891f53c54dbffff,2,2: building_house
891f53c560fffff,4,4: landuse_cemetery
891f53c5633ffff,11,11: building_house
891f53c564bffff,11,11: building_house
891f53c564fffff,2,2: building_house
891f53c565bffff,8,8: landuse_industrial
891f53c5673ffff,7,7: highway_bus_stop
891f53c567bffff,2,2: building_house
891f53c5683ffff,7,7: highway_bus_stop
891f53c569bffff,2,2: building_house
891f53c56abffff,2,2: building_house
891f53c56bbffff,7,7: highway_bus_stop
891f53c56dbffff,2,2: building_house
891f53c724bffff,2,2: building_house
891f53c724fffff,2,2: building_house
891f53c8003ffff,9,9: aeroway_aerodrome
891f53c8007ffff,5,5: shop_greengrocer
891f53c800bffff,5,5: shop_greengrocer
891f53c800fffff,5,5: shop_greengrocer
891f53c8013ffff,5,5: shop_greengrocer
891f53c8017ffff,5,5: shop_greengrocer
891f53c801bffff,5,5: shop_greengrocer
891f53c8023ffff,3,3: landuse_industrial
891f53c8027ffff,3,3: landuse_industrial
891f53c802fffff,6,6: building_office
891f53c8033ffff,6,6: building_office
891f53c8037ffff,6,6: building_office
891f53c803bffff,5,5: shop_greengrocer
891f53c8043ffff,9,9: aeroway_aerodrome
891f53c8047ffff,5,5: shop_greengrocer
891f53c804bffff,5,5: shop_greengrocer
891f53c804fffff,5,5: shop_greengrocer
891f53c8053ffff,5,5: shop_greengrocer
891f53c8057ffff,5,5: shop_greengrocer
891f53c805bffff,5,5: shop_greengrocer
891f53c8063ffff,9,9: aeroway_aerodrome
891f53c8067ffff,8,8: landuse_industrial
891f53c806fffff,5,5: shop_greengrocer
891f53c8073ffff,5,5: shop_greengrocer
891f53c8077ffff,5,5: shop_greengrocer
891f53c807bffff,5,5: shop_greengrocer
891f53c8083ffff,11,11: building_house
891f53c8087ffff,10,10: building_apartments
891f53c808bffff,5,5: shop_greengrocer
891f53c808fffff,10,10: building_apartments
891f53c8093ffff,0,0: landuse_industrial
891f53c8097ffff,10,10: building_apartments
891f53c809bffff,5,5: shop_greengrocer
891f53c80a3ffff,11,11: building_house
891f53c80a7ffff,0,0: landuse_industrial
891f53c80abffff,10,10: building_apartments
891f53c80afffff,6,6: building_office
891f53c80b3ffff,10,10: building_apartments
891f53c80b7ffff,2,2: building_house
891f53c80bbffff,10,10: building_apartments
891f53c80c3ffff,4,4: landuse_cemetery
891f53c80c7ffff,5,5: shop_greengrocer
891f53c80cbffff,0,0: landuse_industrial
891f53c80cfffff,5,5: shop_greengrocer
891f53c80d3ffff,4,4: landuse_cemetery
891f53c80d7ffff,1,1: amenity_nightclub
891f53c80dbffff,4,4: landuse_cemetery
891f53c8103ffff,3,3: landuse_industrial
891f53c8107ffff,3,3: landuse_industrial
891f53c810fffff,7,7: highway_bus_stop
891f53c8113ffff,6,6: building_office
891f53c811bffff,5,5: shop_greengrocer
891f53c812bffff,4,4: landuse_cemetery
891f53c8143ffff,6,6: building_office
891f53c8147ffff,6,6: building_office
891f53c814bffff,3,3: landuse_industrial
891f53c814fffff,3,3: landuse_industrial
891f53c8153ffff,6,6: building_office
891f53c8157ffff,6,6: building_office
891f53c815bffff,3,3: landuse_industrial
891f53c816bffff,8,8: landuse_industrial
891f53c816fffff,3,3: landuse_industrial
891f53c8177ffff,6,6: building_office
891f53c818bffff,5,5: shop_greengrocer
891f53c8193ffff,6,6: building_office
891f53c8197ffff,6,6: building_office
891f53c819bffff,10,10: building_apartments
891f53c81a3ffff,9,9: aeroway_aerodrome
891f53c81a7ffff,8,8: landuse_industrial
891f53c81afffff,9,9: aeroway_aerodrome
891f53c81b3ffff,9,9: aeroway_aerodrome
891f53c81b7ffff,10,10: building_apartments
891f53c81bbffff,6,6: building_office
891f53c81c3ffff,7,7: highway_bus_stop
891f53c81c7ffff,5,5: shop_greengrocer
891f53c81cbffff,5,5: shop_greengrocer
891f53c81cfffff,5,5: shop_greengrocer
891f53c81d3ffff,10,10: building_apartments
891f53c81d7ffff,5,5: shop_greengrocer
891f53c81dbffff,0,0: landuse_industrial
891f53c8203ffff,1,1: amenity_nightclub
891f53c8207ffff,5,5: shop_greengrocer
891f53c820bffff,1,1: amenity_nightclub
891f53c820fffff,1,1: amenity_nightclub
891f53c8213ffff,5,5: shop_greengrocer
891f53c8217ffff,5,5: shop_greengrocer
891f53c821bffff,5,5: shop_greengrocer
891f53c8223ffff,5,5: shop_greengrocer
891f53c8227ffff,6,6: building_office
891f53c822bffff,6,6: building_office
891f53c822fffff,5,5: shop_greengrocer
891f53c8233ffff,5,5: shop_greengrocer
891f53c8237ffff,5,5: shop_greengrocer
891f53c823bffff,1,1: amenity_nightclub
891f53c8243ffff,4,4: landuse_cemetery
891f53c8247ffff,1,1: amenity_nightclub
891f53c824fffff,5,5: shop_greengrocer
891f53c8253ffff,1,1: amenity_nightclub
891f53c8257ffff,5,5: shop_greengrocer
891f53c825bffff,4,4: landuse_cemetery
891f53c8263ffff,5,5: shop_greengrocer
891f53c8267ffff,5,5: shop_greengrocer
891f53c826bffff,5,5: shop_greengrocer
891f53c826fffff,5,5: shop_greengrocer
891f53c8273ffff,1,1: amenity_nightclub
891f53c8277ffff,1,1: amenity_nightclub
891f53c827bffff,5,5: shop_greengrocer
891f53c8283ffff,5,5: shop_greengrocer
891f53c8287ffff,5,5: shop_greengrocer
891f53c828bffff,5,5: shop_greengrocer
891f53c828fffff,5,5: shop_greengrocer
891f53c8293ffff,5,5: shop_greengrocer
891f53c8297ffff,5,5: shop_greengrocer
891f53c829bffff,5,5: shop_greengrocer
891f53c82a3ffff,1,1: amenity_nightclub
891f53c82a7ffff,9,9: aeroway_aerodrome
891f53c82abffff,5,5: shop_greengrocer
891f53c82afffff,6,6: building_office
891f53c82b3ffff,6,6: building_office
891f53c82b7ffff,6,6: building_office
891f53c82bbffff,5,5: shop_greengrocer
891f53c82c3ffff,5,5: shop_greengrocer
891f53c82c7ffff,5,5: shop_greengrocer
891f53c82cbffff,1,1: amenity_nightclub
891f53c82cfffff,5,5: shop_greengrocer
891f53c82d3ffff,5,5: shop_greengrocer
891f53c82d7ffff,5,5: shop_greengrocer
891f53c82dbffff,5,5: shop_greengrocer
891f53c8303ffff,8,8: landuse_industrial
891f53c8307ffff,9,9: aeroway_aerodrome
891f53c830bffff,5,5: shop_greengrocer
891f53c830fffff,5,5: shop_greengrocer
891f53c8313ffff,3,3: landuse_industrial
891f53c8317ffff,3,3: landuse_industrial
891f53c831bffff,3,3: landuse_industrial
891f53c8323ffff,9,9: aeroway_aerodrome
891f53c8327ffff,8,8: landuse_industrial
891f53c832bffff,9,9: aeroway_aerodrome
891f53c832fffff,9,9: aeroway_aerodrome
891f53c8333ffff,8,8: landuse_industrial
891f53c8337ffff,8,8: landuse_industrial
891f53c833bffff,5,5: shop_greengrocer
891f53c8343ffff,6,6: building_office
891f53c8347ffff,5,5: shop_greengrocer
891f53c834bffff,6,6: building_office
891f53c834fffff,6,6: building_office
891f53c8353ffff,3,3: landuse_industrial
891f53c8357ffff,6,6: building_office
891f53c835bffff,6,6: building_office
891f53c8363ffff,9,9: aeroway_aerodrome
891f53c8367ffff,9,9: aeroway_aerodrome
891f53c836bffff,5,5: shop_greengrocer
891f53c836fffff,5,5: shop_greengrocer
891f53c8373ffff,5,5: shop_greengrocer
891f53c8377ffff,5,5: shop_greengrocer
891f53c837bffff,5,5: shop_greengrocer
891f53c8383ffff,8,8: landuse_industrial
891f53c8387ffff,3,3: landuse_industrial
891f53c838bffff,3,3: landuse_industrial
891f53c838fffff,6,6: building_office
891f53c8393ffff,3,3: landuse_industrial
891f53c8397ffff,3,3: landuse_industrial
891f53c839bffff,6,6: building_office
891f53c83a3ffff,8,8: landuse_industrial
891f53c83a7ffff,6,6: building_office
891f53c83abffff,8,8: landuse_industrial
891f53c83afffff,3,3: landuse_industrial
891f53c83b3ffff,3,3: landuse_industrial
891f53c83b7ffff,3,3: landuse_industrial
891f53c83bbffff,3,3: landuse_industrial
891f53c83c3ffff,5,5: shop_greengrocer
891f53c83c7ffff,5,5: shop_greengrocer
891f53c83cbffff,5,5: shop_greengrocer
891f53c83cfffff,6,6: building_office
891f53c83d3ffff,5,5: shop_greengrocer
891f53c83d7ffff,6,6: building_office
891f53c83dbffff,5,5: shop_greengrocer
891f53c8403ffff,9,9: aeroway_aerodrome
891f53c8407ffff,5,5: shop_greengrocer
891f53c840bffff,5,5: shop_greengrocer
891f53c840fffff,5,5: shop_greengrocer
891f53c8413ffff,5,5: shop_greengrocer
891f53c8417ffff,5,5: shop_greengrocer
891f53c841bffff,5,5: shop_greengrocer
891f53c8423ffff,1,1: amenity_nightclub
891f53c8427ffff,10,10: building_apartments
891f53c842bffff,5,5: shop_greengrocer
891f53c842fffff,5,5: shop_greengrocer
891f53c8433ffff,5,5: shop_greengrocer
891f53c8437ffff,10,10: building_apartments
891f53c843bffff,5,5: shop_greengrocer
891f53c8443ffff,9,9: aeroway_aerodrome
891f53c8447ffff,5,5: shop_greengrocer
891f53c844bffff,5,5: shop_greengrocer
891f53c844fffff,10,10: building_apartments
891f53c8453ffff,5,5: shop_greengrocer
891f53c8457ffff,5,5: shop_greengrocer
891f53c845bffff,5,5: shop_greengrocer
891f53c8463ffff,9,9: aeroway_aerodrome
891f53c846bffff,7,7: highway_bus_stop
891f53c8473ffff,5,5: shop_greengrocer
891f53c8477ffff,5,5: shop_greengrocer
891f53c847bffff,5,5: shop_greengrocer
891f53c8483ffff,7,7: highway_bus_stop
891f53c8487ffff,5,5: shop_greengrocer
891f53c848bffff,5,5: shop_greengrocer
891f53c848fffff,5,5: shop_greengrocer
891f53c8493ffff,3,3: landuse_industrial
891f53c8497ffff,8,8: landuse_industrial
891f53c849bffff,7,7: highway_bus_stop
891f53c84a3ffff,5,5: shop_greengrocer
891f53c84a7ffff,5,5: shop_greengrocer
891f53c84abffff,5,5: shop_greengrocer
891f53c84afffff,5,5: shop_greengrocer
891f53c84b3ffff,5,5: shop_greengrocer
891f53c84b7ffff,10,10: building_apartments
891f53c84bbffff,5,5: shop_greengrocer
891f53c84c3ffff,9,9: aeroway_aerodrome
891f53c84c7ffff,5,5: shop_greengrocer
891f53c84cbffff,5,5: shop_greengrocer
891f53c84cfffff,5,5: shop_greengrocer
891f53c84d3ffff,5,5: shop_greengrocer
891f53c84d7ffff,5,5: shop_greengrocer
891f53c84dbffff,5,5: shop_greengrocer
891f53c8503ffff,4,4: landuse_cemetery
891f53c8507ffff,4,4: landuse_cemetery
891f53c850bffff,10,10: building_apartments
891f53c850fffff,10,10: building_apartments
891f53c851bffff,2,2: building_house
891f53c8523ffff,10,10: building_apartments
891f53c8527ffff,0,0: landuse_industrial
891f53c852bffff,5,5: shop_greengrocer
891f53c852fffff,6,6: building_office
891f53c853bffff,10,10: building_apartments
891f53c8543ffff,6,6: building_office
891f53c8547ffff,2,2: building_house
891f53c854bffff,0,0: landuse_industrial
891f53c854fffff,0,0: landuse_industrial
891f53c8553ffff,2,2: building_house
891f53c8557ffff,10,10: building_apartments
891f53c855bffff,2,2: building_house
891f53c8563ffff,10,10: building_apartments
891f53c8567ffff,10,10: building_apartments
891f53c856bffff,10,10: building_apartments
891f53c856fffff,6,6: building_office
891f53c8573ffff,5,5: shop_greengrocer
891f53c8577ffff,5,5: shop_greengrocer
891f53c857bffff,6,6: building_office
891f53c85a7ffff,11,11: building_house
891f53c85abffff,7,7: highway_bus_stop
891f53c85b7ffff,2,2: building_house
891f53c85cbffff,10,10: building_apartments
891f53c85cfffff,2,2: building_house
891f53c85d3ffff,5,5: shop_greengrocer
891f53c85dbffff,5,5: shop_greengrocer
891f53c8603ffff,3,3: landuse_industrial
891f53c860bffff,4,4: landuse_cemetery
891f53c860fffff,8,8: landuse_industrial
891f53c8613ffff,6,6: building_office
891f53c8617ffff,3,3: landuse_industrial
891f53c861bffff,3,3: landuse_industrial
891f53c8623ffff,6,6: building_office
891f53c8627ffff,0,0: landuse_industrial
891f53c862bffff,6,6: building_office
891f53c862fffff,3,3: landuse_industrial
891f53c8633ffff,6,6: building_office
891f53c8637ffff,6,6: building_office
891f53c863bffff,3,3: landuse_industrial
891f53c8647ffff,9,9: aeroway_aerodrome
891f53c8657ffff,6,6: building_office
891f53c865bffff,4,4: landuse_cemetery
891f53c8663ffff,6,6: building_office
891f53c8667ffff,6,6: building_office
891f53c866bffff,5,5: shop_greengrocer
891f53c866fffff,6,6: building_office
891f53c8673ffff,6,6: building_office
891f53c8677ffff,6,6: building_office
891f53c867bffff,6,6: building_office
891f53c8683ffff,4,4: landuse_cemetery
891f53c8687ffff,10,10: building_apartments
891f53c868bffff,3,3: landuse_industrial
891f53c868fffff,0,0: landuse_industrial
891f53c8693ffff,6,6: building_office
891f53c8697ffff,3,3: landuse_industrial
891f53c869bffff,6,6: building_office
891f53c86a3ffff,7,7: highway_bus_stop
891f53c86abffff,6,6: building_office
891f53c86b3ffff,10,10: building_apartments
891f53c86b7ffff,10,10: building_apartments
891f53c86bbffff,5,5: shop_greengrocer
891f53c86c7ffff,6,6: building_office
891f53c86d7ffff,5,5: shop_greengrocer
891f53c8803ffff,11,11: building_house
891f53c8813ffff,3,3: landuse_industrial
891f53c8817ffff,7,7: highway_bus_stop
891f53c8823ffff,9,9: aeroway_aerodrome
891f53c8827ffff,9,9: aeroway_aerodrome
891f53c882bffff,9,9: aeroway_aerodrome
891f53c882fffff,9,9: aeroway_aerodrome
891f53c8833ffff,10,10: building_apartments
891f53c8837ffff,9,9: aeroway_aerodrome
891f53c883bffff,9,9: aeroway_aerodrome
891f53c884bffff,3,3: landuse_industrial
891f53c885bffff,0,0: landuse_industrial
891f53c8867ffff,9,9: aeroway_aerodrome
891f53c886bffff,9,9: aeroway_aerodrome
891f53c888bffff,3,3: landuse_industrial
891f53c888fffff,3,3: landuse_industrial
891f53c88a3ffff,4,4: landuse_cemetery
891f53c88a7ffff,10,10: building_apartments
891f53c88abffff,6,6: building_office
891f53c88afffff,5,5: shop_greengrocer
891f53c88b3ffff,5,5: shop_greengrocer
891f53c88b7ffff,10,10: building_apartments
891f53c88c3ffff,7,7: highway_bus_stop
891f53c88c7ffff,3,3: landuse_industrial
891f53c88cbffff,3,3: landuse_industrial
891f53c88dbffff,3,3: landuse_industrial
891f53c8913ffff,9,9: aeroway_aerodrome
891f53c8917ffff,9,9: aeroway_aerodrome
891f53c891bffff,7,7: highway_bus_stop
891f53c8943ffff,9,9: aeroway_aerodrome
891f53c8947ffff,7,7: highway_bus_stop
891f53c894bffff,9,9: aeroway_aerodrome
891f53c894fffff,10,10: building_apartments
891f53c8953ffff,9,9: aeroway_aerodrome
891f53c8957ffff,9,9: aeroway_aerodrome
891f53c895bffff,10,10: building_apartments
891f53c8963ffff,11,11: building_house
891f53c8967ffff,2,2: building_house
891f53c896bffff,10,10: building_apartments
891f53c896fffff,10,10: building_apartments
891f53c897bffff,7,7: highway_bus_stop
891f53c8983ffff,4,4: landuse_cemetery
891f53c8987ffff,4,4: landuse_cemetery
891f53c898bffff,5,5: shop_greengrocer
891f53c898fffff,9,9: aeroway_aerodrome
891f53c8993ffff,9,9: aeroway_aerodrome
891f53c8997ffff,9,9: aeroway_aerodrome
891f53c899bffff,9,9: aeroway_aerodrome
891f53c89bbffff,9,9: aeroway_aerodrome
891f53c89c3ffff,9,9: aeroway_aerodrome
891f53c89c7ffff,9,9: aeroway_aerodrome
891f53c89cbffff,9,9: aeroway_aerodrome
891f53c89cfffff,10,10: building_apartments
891f53c89d3ffff,5,5: shop_greengrocer
891f53c89d7ffff,9,9: aeroway_aerodrome
891f53c89dbffff,5,5: shop_greengrocer
891f53c8a03ffff,10,10: building_apartments
891f53c8a07ffff,10,10: building_apartments
891f53c8a0bffff,10,10: building_apartments
891f53c8a0fffff,10,10: building_apartments
891f53c8a13ffff,10,10: building_apartments
891f53c8a1bffff,10,10: building_apartments
891f53c8a23ffff,6,6: building_office
891f53c8a27ffff,6,6: building_office
891f53c8a2bffff,10,10: building_apartments
891f53c8a2fffff,6,6: building_office
891f53c8a33ffff,6,6: building_office
891f53c8a37ffff,6,6: building_office
891f53c8a3bffff,10,10: building_apartments
891f53c8a43ffff,6,6: building_office
891f53c8a47ffff,1,1: amenity_nightclub
891f53c8a4bffff,1,1: amenity_nightclub
891f53c8a4fffff,1,1: amenity_nightclub
891f53c8a53ffff,6,6: building_office
891f53c8a57ffff,6,6: building_office
891f53c8a5bffff,5,5: shop_greengrocer
891f53c8a63ffff,7,7: highway_bus_stop
891f53c8a67ffff,6,6: building_office
891f53c8a73ffff,6,6: building_office
891f53c8a77ffff,6,6: building_office
891f53c8a7bffff,6,6: building_office
891f53c8a87ffff,0,0: landuse_industrial
891f53c8a8bffff,10,10: building_apartments
891f53c8a97ffff,0,0: landuse_industrial
891f53c8a9bffff,3,3: landuse_industrial
891f53c8aa3ffff,6,6: building_office
891f53c8aa7ffff,6,6: building_office
891f53c8aabffff,6,6: building_office
891f53c8aafffff,3,3: landuse_industrial
891f53c8ab3ffff,6,6: building_office
891f53c8ab7ffff,6,6: building_office
891f53c8ac3ffff,4,4: landuse_cemetery
891f53c8ac7ffff,10,10: building_apartments
891f53c8acbffff,5,5: shop_greengrocer
891f53c8acfffff,10,10: building_apartments
891f53c8ad3ffff,10,10: building_apartments
891f53c8ad7ffff,10,10: building_apartments
891f53c8adbffff,10,10: building_apartments
891f53c8b03ffff,7,7: highway_bus_stop
891f53c8b0bffff,4,4: landuse_cemetery
891f53c8b13ffff,9,9: aeroway_aerodrome
891f53c8b17ffff,6,6: building_office
891f53c8b1bffff,9,9: aeroway_aerodrome
891f53c8b43ffff,11,11: building_house
891f53c8b47ffff,10,10: building_apartments
891f53c8b4bffff,0,0: landuse_industrial
891f53c8b4fffff,2,2: building_house
891f53c8b53ffff,5,5: shop_greengrocer
891f53c8b57ffff,5,5: shop_greengrocer
891f53c8b5bffff,0,0: landuse_industrial
891f53c8b6bffff,6,6: building_office
891f53c8b73ffff,4,4: landuse_cemetery
891f53c8b7bffff,6,6: building_office
891f53c8b97ffff,9,9: aeroway_aerodrome
891f53c8ba7ffff,6,6: building_office
891f53c8bb7ffff,10,10: building_apartments
891f53c8bc7ffff,5,5: shop_greengrocer
891f53c8bcbffff,5,5: shop_greengrocer
891f53c8bcfffff,5,5: shop_greengrocer
891f53c8bd3ffff,9,9: aeroway_aerodrome
891f53c8bdbffff,9,9: aeroway_aerodrome
891f53c8c0bffff,3,3: landuse_industrial
891f53c8c13ffff,10,10: building_apartments
891f53c8c17ffff,10,10: building_apartments
891f53c8c1bffff,5,5: shop_greengrocer
891f53c8c27ffff,11,11: building_house
891f53c8c43ffff,3,3: landuse_industrial
891f53c8c47ffff,3,3: landuse_industrial
891f53c8c4fffff,3,3: landuse_industrial
891f53c8c53ffff,8,8: landuse_industrial
891f53c8c57ffff,6,6: building_office
891f53c8c63ffff,3,3: landuse_industrial
891f53c8c73ffff,3,3: landuse_industrial
891f53c8c7bffff,3,3: landuse_industrial
891f53c8c83ffff,10,10: building_apartments
891f53c8c87ffff,10,10: building_apartments
891f53c8c8bffff,10,10: building_apartments
891f53c8c8fffff,10,10: building_apartments
891f53c8c93ffff,10,10: building_apartments
891f53c8c97ffff,10,10: building_apartments
891f53c8c9bffff,10,10: building_apartments
891f53c8ca3ffff,11,11: building_house
891f53c8cabffff,10,10: building_apartments
891f53c8cb3ffff,10,10: building_apartments
891f53c8cb7ffff,9,9: aeroway_aerodrome
891f53c8cbbffff,10,10: building_apartments
891f53c8cc3ffff,9,9: aeroway_aerodrome
891f53c8cc7ffff,5,5: shop_greengrocer
891f53c8ccfffff,5,5: shop_greengrocer
891f53c8cd3ffff,0,0: landuse_industrial
891f53c8cd7ffff,10,10: building_apartments
891f53c8cdbffff,9,9: aeroway_aerodrome
891f53c8d03ffff,4,4: landuse_cemetery
891f53c8d07ffff,2,2: building_house
891f53c8d0bffff,2,2: building_house
891f53c8d0fffff,0,0: landuse_industrial
891f53c8d13ffff,2,2: building_house
891f53c8d17ffff,0,0: landuse_industrial
891f53c8d1bffff,2,2: building_house
891f53c8d27ffff,4,4: landuse_cemetery
891f53c8d2bffff,9,9: aeroway_aerodrome
891f53c8d2fffff,9,9: aeroway_aerodrome
891f53c8d3bffff,7,7: highway_bus_stop
891f53c8d43ffff,11,11: building_house
891f53c8d47ffff,10,10: building_apartments
891f53c8d4bffff,8,8: landuse_industrial
891f53c8d4fffff,7,7: highway_bus_stop
891f53c8d53ffff,5,5: shop_greengrocer
891f53c8d57ffff,10,10: building_apartments
891f53c8d5bffff,3,3: landuse_industrial
891f53c8d63ffff,11,11: building_house
891f53c8d67ffff,9,9: aeroway_aerodrome
891f53c8d6bffff,10,10: building_apartments
891f53c8d6fffff,10,10: building_apartments
891f53c8d73ffff,2,2: building_house
891f53c8d77ffff,2,2: building_house
891f53c8d7bffff,2,2: building_house
891f53c8dabffff,7,7: highway_bus_stop
891f53c8db3ffff,9,9: aeroway_aerodrome
891f53c8db7ffff,9,9: aeroway_aerodrome
891f53c8dcbffff,0,0: landuse_industrial
891f53c8dcfffff,10,10: building_apartments
891f53c8dd7ffff,11,11: building_house
891f53c8e03ffff,8,8: landuse_industrial
891f53c8e07ffff,8,8: landuse_industrial
891f53c8e0bffff,3,3: landuse_industrial
891f53c8e0fffff,8,8: landuse_industrial
891f53c8e1bffff,9,9: aeroway_aerodrome
891f53c8e23ffff,10,10: building_apartments
891f53c8e27ffff,10,10: building_apartments
891f53c8e2fffff,8,8: landuse_industrial
891f53c8e33ffff,0,0: landuse_industrial
891f53c8e37ffff,0,0: landuse_industrial
891f53c8e43ffff,6,6: building_office
891f53c8e47ffff,6,6: building_office
891f53c8e4bffff,5,5: shop_greengrocer
891f53c8e4fffff,6,6: building_office
891f53c8e53ffff,6,6: building_office
891f53c8e5bffff,9,9: aeroway_aerodrome
891f53c8e63ffff,10,10: building_apartments
891f53c8e67ffff,6,6: building_office
891f53c8e6bffff,10,10: building_apartments
891f53c8e6fffff,10,10: building_apartments
891f53c8e73ffff,6,6: building_office
891f53c8e77ffff,3,3: landuse_industrial
891f53c8e7bffff,10,10: building_apartments
891f53c8e8bffff,8,8: landuse_industrial
891f53c8e8fffff,8,8: landuse_industrial
891f53c8ea3ffff,8,8: landuse_industrial
891f53c8eafffff,3,3: landuse_industrial
891f53c8eb7ffff,3,3: landuse_industrial
891f53c8ec3ffff,7,7: highway_bus_stop
891f53c8ec7ffff,6,6: building_office
891f53c8ecfffff,8,8: landuse_industrial
891f53c8ed3ffff,3,3: landuse_industrial
891f53c8ed7ffff,3,3: landuse_industrial
891f53c8edbffff,3,3: landuse_industrial
891f53c9003ffff,1,1: amenity_nightclub
891f53c9007ffff,1,1: amenity_nightclub
891f53c900bffff,5,5: shop_greengrocer
891f53c900fffff,1,1: amenity_nightclub
891f53c9013ffff,1,1: amenity_nightclub
891f53c9017ffff,5,5: shop_greengrocer
891f53c901bffff,5,5: shop_greengrocer
891f53c9023ffff,1,1: amenity_nightclub
891f53c9027ffff,1,1: amenity_nightclub
891f53c902bffff,1,1: amenity_nightclub
891f53c902fffff,1,1: amenity_nightclub
891f53c9033ffff,1,1: amenity_nightclub
891f53c9037ffff,1,1: amenity_nightclub
891f53c903bffff,5,5: shop_greengrocer
891f53c9043ffff,5,5: shop_greengrocer
891f53c9047ffff,5,5: shop_greengrocer
891f53c904bffff,5,5: shop_greengrocer
891f53c904fffff,6,6: building_office
891f53c9053ffff,5,5: shop_greengrocer
891f53c9057ffff,5,5: shop_greengrocer
891f53c905bffff,5,5: shop_greengrocer
891f53c9063ffff,1,1: amenity_nightclub
891f53c9067ffff,1,1: amenity_nightclub
891f53c906bffff,6,6: building_office
891f53c906fffff,1,1: amenity_nightclub
891f53c9073ffff,6,6: building_office
891f53c9077ffff,1,1: amenity_nightclub
891f53c907bffff,1,1: amenity_nightclub
891f53c9083ffff,1,1: amenity_nightclub
891f53c9087ffff,5,5: shop_greengrocer
891f53c908bffff,5,5: shop_greengrocer
891f53c908fffff,5,5: shop_greengrocer
891f53c9093ffff,6,6: building_office
891f53c9097ffff,5,5: shop_greengrocer
891f53c909bffff,6,6: building_office
891f53c90a3ffff,1,1: amenity_nightclub
891f53c90a7ffff,5,5: shop_greengrocer
891f53c90abffff,5,5: shop_greengrocer
891f53c90afffff,5,5: shop_greengrocer
891f53c90b3ffff,5,5: shop_greengrocer
891f53c90b7ffff,5,5: shop_greengrocer
891f53c90bbffff,5,5: shop_greengrocer
891f53c90c3ffff,9,9: aeroway_aerodrome
891f53c90c7ffff,5,5: shop_greengrocer
891f53c90cbffff,5,5: shop_greengrocer
891f53c90cfffff,5,5: shop_greengrocer
891f53c90d3ffff,5,5: shop_greengrocer
891f53c90dbffff,5,5: shop_greengrocer
891f53c9103ffff,1,1: amenity_nightclub
891f53c9107ffff,1,1: amenity_nightclub
891f53c910bffff,1,1: amenity_nightclub
891f53c910fffff,1,1: amenity_nightclub
891f53c9113ffff,1,1: amenity_nightclub
891f53c9117ffff,1,1: amenity_nightclub
891f53c911bffff,1,1: amenity_nightclub
891f53c9123ffff,1,1: amenity_nightclub
891f53c9127ffff,1,1: amenity_nightclub
891f53c912bffff,1,1: amenity_nightclub
891f53c912fffff,1,1: amenity_nightclub
891f53c9133ffff,1,1: amenity_nightclub
891f53c9137ffff,1,1: amenity_nightclub
891f53c913bffff,1,1: amenity_nightclub
891f53c9143ffff,1,1: amenity_nightclub
891f53c9147ffff,1,1: amenity_nightclub
891f53c914bffff,1,1: amenity_nightclub
891f53c914fffff,1,1: amenity_nightclub
891f53c9153ffff,1,1: amenity_nightclub
891f53c9157ffff,1,1: amenity_nightclub
891f53c915bffff,1,1: amenity_nightclub
891f53c9163ffff,1,1: amenity_nightclub
891f53c9167ffff,1,1: amenity_nightclub
891f53c916bffff,1,1: amenity_nightclub
891f53c916fffff,1,1: amenity_nightclub
891f53c9173ffff,1,1: amenity_nightclub
891f53c9177ffff,1,1: amenity_nightclub
891f53c917bffff,1,1: amenity_nightclub
891f53c9183ffff,1,1: amenity_nightclub
891f53c9187ffff,1,1: amenity_nightclub
891f53c918bffff,1,1: amenity_nightclub
891f53c918fffff,9,9: aeroway_aerodrome
891f53c9193ffff,1,1: amenity_nightclub
891f53c9197ffff,1,1: amenity_nightclub
891f53c919bffff,1,1: amenity_nightclub
891f53c91a3ffff,1,1: amenity_nightclub
891f53c91abffff,1,1: amenity_nightclub
891f53c91afffff,1,1: amenity_nightclub
891f53c91b3ffff,1,1: amenity_nightclub
891f53c91b7ffff,9,9: aeroway_aerodrome
891f53c91bbffff,1,1: amenity_nightclub
891f53c91c3ffff,1,1: amenity_nightclub
891f53c91c7ffff,1,1: amenity_nightclub
891f53c91cbffff,1,1: amenity_nightclub
891f53c91cfffff,1,1: amenity_nightclub
891f53c91d3ffff,1,1: amenity_nightclub
891f53c91d7ffff,1,1: amenity_nightclub
891f53c91dbffff,5,5: shop_greengrocer
891f53c9203ffff,6,6: building_office
891f53c9207ffff,6,6: building_office
891f53c920bffff,9,9: aeroway_aerodrome
891f53c920fffff,6,6: building_office
891f53c9213ffff,6,6: building_office
891f53c9217ffff,6,6: building_office
891f53c921bffff,6,6: building_office
891f53c9223ffff,5,5: shop_greengrocer
891f53c9227ffff,5,5: shop_greengrocer
891f53c922bffff,5,5: shop_greengrocer
891f53c922fffff,5,5: shop_greengrocer
891f53c9233ffff,6,6: building_office
891f53c9237ffff,6,6: building_office
891f53c923bffff,6,6: building_office
891f53c9247ffff,8,8: landuse_industrial
891f53c924bffff,6,6: building_office
891f53c924fffff,6,6: building_office
891f53c9253ffff,8,8: landuse_industrial
891f53c9257ffff,6,6: building_office
891f53c925bffff,3,3: landuse_industrial
891f53c9263ffff,1,1: amenity_nightclub
891f53c9267ffff,5,5: shop_greengrocer
891f53c926bffff,10,10: building_apartments
891f53c926fffff,5,5: shop_greengrocer
891f53c9273ffff,6,6: building_office
891f53c9277ffff,5,5: shop_greengrocer
891f53c927bffff,9,9: aeroway_aerodrome
891f53c9283ffff,9,9: aeroway_aerodrome
891f53c9287ffff,5,5: shop_greengrocer
891f53c928bffff,5,5: shop_greengrocer
891f53c928fffff,6,6: building_office
891f53c9293ffff,5,5: shop_greengrocer
891f53c9297ffff,5,5: shop_greengrocer
891f53c929bffff,5,5: shop_greengrocer
891f53c92a3ffff,5,5: shop_greengrocer
891f53c92a7ffff,6,6: building_office
891f53c92abffff,6,6: building_office
891f53c92afffff,6,6: building_office
891f53c92b3ffff,6,6: building_office
891f53c92b7ffff,1,1: amenity_nightclub
891f53c92bbffff,5,5: shop_greengrocer
891f53c92c3ffff,5,5: shop_greengrocer
891f53c92c7ffff,5,5: shop_greengrocer
891f53c92cbffff,5,5: shop_greengrocer
891f53c92cfffff,6,6: building_office
891f53c92d3ffff,4,4: landuse_cemetery
891f53c92d7ffff,5,5: shop_greengrocer
891f53c92dbffff,5,5: shop_greengrocer
891f53c9303ffff,6,6: building_office
891f53c9307ffff,6,6: building_office
891f53c930bffff,6,6: building_office
891f53c930fffff,6,6: building_office
891f53c9313ffff,6,6: building_office
891f53c9317ffff,6,6: building_office
891f53c931bffff,6,6: building_office
891f53c9323ffff,9,9: aeroway_aerodrome
891f53c9327ffff,1,1: amenity_nightclub
891f53c932bffff,6,6: building_office
891f53c932fffff,1,1: amenity_nightclub
891f53c9333ffff,1,1: amenity_nightclub
891f53c9337ffff,1,1: amenity_nightclub
891f53c933bffff,6,6: building_office
891f53c9343ffff,9,9: aeroway_aerodrome
891f53c9347ffff,5,5: shop_greengrocer
891f53c934bffff,6,6: building_office
891f53c934fffff,1,1: amenity_nightclub
891f53c9353ffff,1,1: amenity_nightclub
891f53c9357ffff,5,5: shop_greengrocer
891f53c935bffff,5,5: shop_greengrocer
891f53c9367ffff,6,6: building_office
891f53c936bffff,4,4: landuse_cemetery
891f53c936fffff,5,5: shop_greengrocer
891f53c9373ffff,5,5: shop_greengrocer
891f53c9377ffff,10,10: building_apartments
891f53c937bffff,5,5: shop_greengrocer
891f53c9383ffff,1,1: amenity_nightclub
891f53c9387ffff,1,1: amenity_nightclub
891f53c938bffff,1,1: amenity_nightclub
891f53c938fffff,1,1: amenity_nightclub
891f53c9393ffff,1,1: amenity_nightclub
891f53c9397ffff,1,1: amenity_nightclub
891f53c939bffff,1,1: amenity_nightclub
891f53c93a3ffff,1,1: amenity_nightclub
891f53c93a7ffff,1,1: amenity_nightclub
891f53c93abffff,1,1: amenity_nightclub
891f53c93afffff,1,1: amenity_nightclub
891f53c93b3ffff,1,1: amenity_nightclub
891f53c93b7ffff,1,1: amenity_nightclub
891f53c93bbffff,1,1: amenity_nightclub
891f53c93c3ffff,1,1: amenity_nightclub
891f53c93c7ffff,1,1: amenity_nightclub
891f53c93cbffff,5,5: shop_greengrocer
891f53c93cfffff,1,1: amenity_nightclub
891f53c93d3ffff,1,1: amenity_nightclub
891f53c93d7ffff,1,1: amenity_nightclub
891f53c93dbffff,1,1: amenity_nightclub
891f53c9403ffff,5,5: shop_greengrocer
891f53c9407ffff,5,5: shop_greengrocer
891f53c940bffff,5,5: shop_greengrocer
891f53c940fffff,5,5: shop_greengrocer
891f53c9413ffff,5,5: shop_greengrocer
891f53c9417ffff,5,5: shop_greengrocer
891f53c941bffff,5,5: shop_greengrocer
891f53c9423ffff,1,1: amenity_nightclub
891f53c9427ffff,6,6: building_office
891f53c942bffff,6,6: building_office
891f53c942fffff,6,6: building_office
891f53c9433ffff,5,5: shop_greengrocer
891f53c9437ffff,5,5: shop_greengrocer
891f53c943bffff,6,6: building_office
891f53c9443ffff,7,7: highway_bus_stop
891f53c9447ffff,9,9: aeroway_aerodrome
891f53c944bffff,4,4: landuse_cemetery
891f53c944fffff,6,6: building_office
891f53c9457ffff,5,5: shop_greengrocer
891f53c9463ffff,7,7: highway_bus_stop
891f53c9467ffff,4,4: landuse_cemetery
891f53c946bffff,5,5: shop_greengrocer
891f53c946fffff,4,4: landuse_cemetery
891f53c9473ffff,7,7: highway_bus_stop
891f53c9483ffff,9,9: aeroway_aerodrome
891f53c9487ffff,5,5: shop_greengrocer
891f53c948bffff,5,5: shop_greengrocer
891f53c948fffff,9,9: aeroway_aerodrome
891f53c9493ffff,5,5: shop_greengrocer
891f53c9497ffff,5,5: shop_greengrocer
891f53c949bffff,10,10: building_apartments
891f53c94a3ffff,6,6: building_office
891f53c94a7ffff,5,5: shop_greengrocer
891f53c94abffff,5,5: shop_greengrocer
891f53c94afffff,5,5: shop_greengrocer
891f53c94b3ffff,5,5: shop_greengrocer
891f53c94b7ffff,5,5: shop_greengrocer
891f53c94bbffff,5,5: shop_greengrocer
891f53c94c7ffff,6,6: building_office
891f53c94cbffff,6,6: building_office
891f53c94cfffff,6,6: building_office
891f53c94d3ffff,6,6: building_office
891f53c94d7ffff,5,5: shop_greengrocer
891f53c94dbffff,6,6: building_office
891f53c9503ffff,4,4: landuse_cemetery
891f53c9507ffff,8,8: landuse_industrial
891f53c950bffff,5,5: shop_greengrocer
891f53c950fffff,4,4: landuse_cemetery
891f53c9513ffff,5,5: shop_greengrocer
891f53c9517ffff,5,5: shop_greengrocer
891f53c951bffff,6,6: building_office
891f53c9523ffff,7,7: highway_bus_stop
891f53c9527ffff,1,1: amenity_nightclub
891f53c952bffff,1,1: amenity_nightclub
891f53c952fffff,1,1: amenity_nightclub
891f53c9533ffff,8,8: landuse_industrial
891f53c953bffff,10,10: building_apartments
891f53c9543ffff,5,5: shop_greengrocer
891f53c9547ffff,5,5: shop_greengrocer
891f53c954bffff,5,5: shop_greengrocer
891f53c954fffff,5,5: shop_greengrocer
891f53c9553ffff,5,5: shop_greengrocer
891f53c9557ffff,5,5: shop_greengrocer
891f53c955bffff,5,5: shop_greengrocer
891f53c9563ffff,5,5: shop_greengrocer
891f53c9567ffff,1,1: amenity_nightclub
891f53c956bffff,5,5: shop_greengrocer
891f53c956fffff,1,1: amenity_nightclub
891f53c9573ffff,5,5: shop_greengrocer
891f53c9577ffff,1,1: amenity_nightclub
891f53c957bffff,5,5: shop_greengrocer
891f53c9583ffff,4,4: landuse_cemetery
891f53c9587ffff,7,7: highway_bus_stop
891f53c958bffff,5,5: shop_greengrocer
891f53c958fffff,4,4: landuse_cemetery
891f53c9593ffff,11,11: building_house
891f53c9597ffff,6,6: building_office
891f53c959bffff,10,10: building_apartments
891f53c95a3ffff,8,8: landuse_industrial
891f53c95a7ffff,6,6: building_office
891f53c95abffff,6,6: building_office
891f53c95bbffff,4,4: landuse_cemetery
891f53c95c3ffff,9,9: aeroway_aerodrome
891f53c95c7ffff,5,5: shop_greengrocer
891f53c95cbffff,1,1: amenity_nightclub
891f53c95cfffff,5,5: shop_greengrocer
891f53c95d3ffff,5,5: shop_greengrocer
891f53c95d7ffff,5,5: shop_greengrocer
891f53c95dbffff,5,5: shop_greengrocer
891f53c9603ffff,5,5: shop_greengrocer
891f53c9607ffff,5,5: shop_greengrocer
891f53c960bffff,5,5: shop_greengrocer
891f53c960fffff,5,5: shop_greengrocer
891f53c9613ffff,5,5: shop_greengrocer
891f53c9617ffff,5,5: shop_greengrocer
891f53c961bffff,5,5: shop_greengrocer
891f53c9623ffff,9,9: aeroway_aerodrome
891f53c9627ffff,5,5: shop_greengrocer
891f53c962bffff,6,6: building_office
891f53c962fffff,5,5: shop_greengrocer
891f53c9633ffff,5,5: shop_greengrocer
891f53c9637ffff,5,5: shop_greengrocer
891f53c963bffff,6,6: building_office
891f53c9643ffff,5,5: shop_greengrocer
891f53c9647ffff,5,5: shop_greengrocer
891f53c964bffff,5,5: shop_greengrocer
891f53c964fffff,5,5: shop_greengrocer
891f53c9653ffff,6,6: building_office
891f53c9657ffff,5,5: shop_greengrocer
891f53c965bffff,6,6: building_office
891f53c9663ffff,5,5: shop_greengrocer
891f53c9667ffff,5,5: shop_greengrocer
891f53c966bffff,4,4: landuse_cemetery
891f53c966fffff,5,5: shop_greengrocer
891f53c9673ffff,5,5: shop_greengrocer
891f53c9677ffff,4,4: landuse_cemetery
891f53c967bffff,5,5: shop_greengrocer
891f53c9683ffff,10,10: building_apartments
891f53c9687ffff,10,10: building_apartments
891f53c968bffff,5,5: shop_greengrocer
891f53c968fffff,5,5: shop_greengrocer
891f53c9693ffff,6,6: building_office
891f53c969bffff,5,5: shop_greengrocer
891f53c96a3ffff,4,4: landuse_cemetery
891f53c96a7ffff,5,5: shop_greengrocer
891f53c96afffff,9,9: aeroway_aerodrome
891f53c96b3ffff,5,5: shop_greengrocer
891f53c96b7ffff,5,5: shop_greengrocer
891f53c96bbffff,4,4: landuse_cemetery
891f53c96c3ffff,1,1: amenity_nightclub
891f53c96c7ffff,5,5: shop_greengrocer
891f53c96cbffff,6,6: building_office
891f53c96cfffff,5,5: shop_greengrocer
891f53c96d7ffff,6,6: building_office
891f53c96dbffff,1,1: amenity_nightclub
891f53c9803ffff,10,10: building_apartments
891f53c9807ffff,2,2: building_house
891f53c9813ffff,10,10: building_apartments
891f53c9817ffff,10,10: building_apartments
891f53c981bffff,10,10: building_apartments
891f53c9823ffff,4,4: landuse_cemetery
891f53c9827ffff,4,4: landuse_cemetery
891f53c982bffff,8,8: landuse_industrial
891f53c9833ffff,10,10: building_apartments
891f53c9837ffff,5,5: shop_greengrocer
891f53c984bffff,6,6: building_office
891f53c984fffff,11,11: building_house
891f53c985bffff,3,3: landuse_industrial
891f53c9863ffff,11,11: building_house
891f53c986bffff,10,10: building_apartments
891f53c986fffff,10,10: building_apartments
891f53c9873ffff,8,8: landuse_industrial
891f53c987bffff,2,2: building_house
891f53c9883ffff,9,9: aeroway_aerodrome
891f53c9887ffff,5,5: shop_greengrocer
891f53c988bffff,10,10: building_apartments
891f53c988fffff,5,5: shop_greengrocer
891f53c9893ffff,5,5: shop_greengrocer
891f53c9897ffff,9,9: aeroway_aerodrome
891f53c989bffff,5,5: shop_greengrocer
891f53c98a3ffff,9,9: aeroway_aerodrome
891f53c98a7ffff,5,5: shop_greengrocer
891f53c98abffff,10,10: building_apartments
891f53c98afffff,5,5: shop_greengrocer
891f53c98b3ffff,5,5: shop_greengrocer
891f53c98b7ffff,5,5: shop_greengrocer
891f53c98bbffff,9,9: aeroway_aerodrome
891f53c98c3ffff,10,10: building_apartments
891f53c98c7ffff,10,10: building_apartments
891f53c98cfffff,0,0: landuse_industrial
891f53c98d3ffff,10,10: building_apartments
891f53c98d7ffff,10,10: building_apartments
891f53c98dbffff,6,6: building_office
891f53c9903ffff,3,3: landuse_industrial
891f53c9907ffff,0,0: landuse_industrial
891f53c990bffff,0,0: landuse_industrial
891f53c990fffff,0,0: landuse_industrial
891f53c9913ffff,9,9: aeroway_aerodrome
891f53c9917ffff,10,10: building_apartments
891f53c991bffff,6,6: building_office
891f53c993bffff,2,2: building_house
891f53c9943ffff,7,7: highway_bus_stop
891f53c9947ffff,6,6: building_office
891f53c994fffff,7,7: highway_bus_stop
891f53c9953ffff,5,5: shop_greengrocer
891f53c9957ffff,5,5: shop_greengrocer
891f53c9963ffff,11,11: building_house
891f53c9967ffff,2,2: building_house
891f53c996bffff,0,0: landuse_industrial
891f53c996fffff,2,2: building_house
891f53c9973ffff,0,0: landuse_industrial
891f53c9977ffff,2,2: building_house
891f53c997bffff,0,0: landuse_industrial
891f53c9983ffff,1,1: amenity_nightclub
891f53c9987ffff,5,5: shop_greengrocer
891f53c998bffff,9,9: aeroway_aerodrome
891f53c998fffff,10,10: building_apartments
891f53c9993ffff,5,5: shop_greengrocer
891f53c9997ffff,1,1: amenity_nightclub
891f53c999bffff,9,9: aeroway_aerodrome
891f53c99abffff,0,0: landuse_industrial
891f53c99bbffff,5,5: shop_greengrocer
891f53c99c3ffff,5,5: shop_greengrocer
891f53c99c7ffff,5,5: shop_greengrocer
891f53c99cbffff,5,5: shop_greengrocer
891f53c99cfffff,5,5: shop_greengrocer
891f53c99d3ffff,5,5: shop_greengrocer
891f53c99d7ffff,5,5: shop_greengrocer
891f53c99dbffff,5,5: shop_greengrocer
891f53c9a03ffff,9,9: aeroway_aerodrome
891f53c9a07ffff,6,6: building_office
891f53c9a0bffff,5,5: shop_greengrocer
891f53c9a13ffff,5,5: shop_greengrocer
891f53c9a17ffff,5,5: shop_greengrocer
891f53c9a1bffff,5,5: shop_greengrocer
891f53c9a23ffff,9,9: aeroway_aerodrome
891f53c9a27ffff,7,7: highway_bus_stop
891f53c9a33ffff,9,9: aeroway_aerodrome
891f53c9a37ffff,9,9: aeroway_aerodrome
891f53c9a3bffff,3,3: landuse_industrial
891f53c9a43ffff,6,6: building_office
891f53c9a47ffff,5,5: shop_greengrocer
891f53c9a4bffff,10,10: building_apartments
891f53c9a4fffff,6,6: building_office
891f53c9a53ffff,5,5: shop_greengrocer
891f53c9a57ffff,5,5: shop_greengrocer
891f53c9a5bffff,5,5: shop_greengrocer
891f53c9a63ffff,8,8: landuse_industrial
891f53c9a6bffff,5,5: shop_greengrocer
891f53c9a6fffff,9,9: aeroway_aerodrome
891f53c9a73ffff,6,6: building_office
891f53c9a7bffff,6,6: building_office
891f53c9a83ffff,6,6: building_office
891f53c9a87ffff,6,6: building_office
891f53c9a8bffff,5,5: shop_greengrocer
891f53c9a8fffff,5,5: shop_greengrocer
891f53c9a93ffff,6,6: building_office
891f53c9a97ffff,6,6: building_office
891f53c9a9bffff,5,5: shop_greengrocer
891f53c9aa3ffff,5,5: shop_greengrocer
891f53c9aa7ffff,10,10: building_apartments
891f53c9aabffff,5,5: shop_greengrocer
891f53c9aafffff,5,5: shop_greengrocer
891f53c9ab3ffff,10,10: building_apartments
891f53c9ab7ffff,10,10: building_apartments
891f53c9abbffff,5,5: shop_greengrocer
891f53c9ac3ffff,9,9: aeroway_aerodrome
891f53c9ac7ffff,5,5: shop_greengrocer
891f53c9acbffff,5,5: shop_greengrocer
891f53c9acfffff,5,5: shop_greengrocer
891f53c9ad3ffff,6,6: building_office
891f53c9ad7ffff,5,5: shop_greengrocer
891f53c9adbffff,5,5: shop_greengrocer
891f53c9b13ffff,7,7: highway_bus_stop
891f53c9b17ffff,8,8: landuse_industrial
891f53c9b43ffff,7,7: highway_bus_stop
891f53c9b47ffff,8,8: landuse_industrial
891f53c9b4fffff,8,8: landuse_industrial
891f53c9b53ffff,8,8: landuse_industrial
891f53c9b57ffff,3,3: landuse_industrial
891f53c9b6bffff,1,1: amenity_nightclub
891f53c9b6fffff,8,8: landuse_industrial
891f53c9b7bffff,7,7: highway_bus_stop
891f53c9b8bffff,7,7: highway_bus_stop
891f53c9b8fffff,8,8: landuse_industrial
891f53c9bc3ffff,10,10: building_apartments
891f53c9bc7ffff,4,4: landuse_cemetery
891f53c9bcbffff,8,8: landuse_industrial
891f53c9bcfffff,9,9: aeroway_aerodrome
891f53c9bd3ffff,10,10: building_apartments
891f53c9bd7ffff,7,7: highway_bus_stop
891f53c9bdbffff,10,10: building_apartments
891f53c9c03ffff,6,6: building_office
891f53c9c07ffff,6,6: building_office
891f53c9c0bffff,5,5: shop_greengrocer
891f53c9c0fffff,5,5: shop_greengrocer
891f53c9c17ffff,5,5: shop_greengrocer
891f53c9c1bffff,5,5: shop_greengrocer
891f53c9c23ffff,9,9: aeroway_aerodrome
891f53c9c27ffff,6,6: building_office
891f53c9c2bffff,5,5: shop_greengrocer
891f53c9c2fffff,5,5: shop_greengrocer
891f53c9c33ffff,5,5: shop_greengrocer
891f53c9c3bffff,5,5: shop_greengrocer
891f53c9c43ffff,1,1: amenity_nightclub
891f53c9c47ffff,5,5: shop_greengrocer
891f53c9c4bffff,1,1: amenity_nightclub
891f53c9c4fffff,1,1: amenity_nightclub
891f53c9c53ffff,1,1: amenity_nightclub
891f53c9c57ffff,5,5: shop_greengrocer
891f53c9c5bffff,1,1: amenity_nightclub
891f53c9c63ffff,1,1: amenity_nightclub
891f53c9c67ffff,5,5: shop_greengrocer
891f53c9c6bffff,10,10: building_apartments
891f53c9c6fffff,5,5: shop_greengrocer
891f53c9c73ffff,5,5: shop_greengrocer
891f53c9c77ffff,5,5: shop_greengrocer
891f53c9c7bffff,10,10: building_apartments
891f53c9c83ffff,6,6: building_office
891f53c9c87ffff,5,5: shop_greengrocer
891f53c9c8bffff,6,6: building_office
891f53c9c8fffff,5,5: shop_greengrocer
891f53c9c93ffff,5,5: shop_greengrocer
891f53c9c97ffff,6,6: building_office
891f53c9c9bffff,5,5: shop_greengrocer
891f53c9ca3ffff,9,9: aeroway_aerodrome
891f53c9ca7ffff,5,5: shop_greengrocer
891f53c9cabffff,6,6: building_office
891f53c9cafffff,5,5: shop_greengrocer
891f53c9cb3ffff,5,5: shop_greengrocer
891f53c9cb7ffff,5,5: shop_greengrocer
891f53c9cbbffff,5,5: shop_greengrocer
891f53c9cc3ffff,7,7: highway_bus_stop
891f53c9cc7ffff,6,6: building_office
891f53c9ccfffff,7,7: highway_bus_stop
891f53c9cd3ffff,7,7: highway_bus_stop
891f53c9cd7ffff,7,7: highway_bus_stop
891f53c9cdbffff,7,7: highway_bus_stop
891f53c9d03ffff,10,10: building_apartments
891f53c9d07ffff,10,10: building_apartments
891f53c9d0bffff,9,9: aeroway_aerodrome
891f53c9d0fffff,10,10: building_apartments
891f53c9d13ffff,9,9: aeroway_aerodrome
891f53c9d17ffff,5,5: shop_greengrocer
891f53c9d1bffff,5,5: shop_greengrocer
891f53c9d23ffff,9,9: aeroway_aerodrome
891f53c9d27ffff,5,5: shop_greengrocer
891f53c9d2bffff,9,9: aeroway_aerodrome
891f53c9d2fffff,5,5: shop_greengrocer
891f53c9d33ffff,5,5: shop_greengrocer
891f53c9d37ffff,5,5: shop_greengrocer
891f53c9d3bffff,5,5: shop_greengrocer
891f53c9d43ffff,9,9: aeroway_aerodrome
891f53c9d47ffff,5,5: shop_greengrocer
891f53c9d4bffff,9,9: aeroway_aerodrome
891f53c9d4fffff,5,5: shop_greengrocer
891f53c9d53ffff,5,5: shop_greengrocer
891f53c9d57ffff,5,5: shop_greengrocer
891f53c9d5bffff,6,6: building_office
891f53c9d63ffff,5,5: shop_greengrocer
891f53c9d67ffff,5,5: shop_greengrocer
891f53c9d6bffff,5,5: shop_greengrocer
891f53c9d6fffff,9,9: aeroway_aerodrome
891f53c9d73ffff,6,6: building_office
891f53c9d77ffff,5,5: shop_greengrocer
891f53c9d7bffff,5,5: shop_greengrocer
891f53c9d83ffff,9,9: aeroway_aerodrome
891f53c9d87ffff,5,5: shop_greengrocer
891f53c9d8bffff,5,5: shop_greengrocer
891f53c9d8fffff,5,5: shop_greengrocer
891f53c9d93ffff,9,9: aeroway_aerodrome
891f53c9d97ffff,9,9: aeroway_aerodrome
891f53c9d9bffff,5,5: shop_greengrocer
891f53c9da3ffff,10,10: building_apartments
891f53c9da7ffff,10,10: building_apartments
891f53c9dabffff,5,5: shop_greengrocer
891f53c9dafffff,5,5: shop_greengrocer
891f53c9db3ffff,5,5: shop_greengrocer
891f53c9db7ffff,10,10: building_apartments
891f53c9dbbffff,5,5: shop_greengrocer
891f53c9dc3ffff,9,9: aeroway_aerodrome
891f53c9dc7ffff,5,5: shop_greengrocer
891f53c9dcbffff,5,5: shop_greengrocer
891f53c9dcfffff,5,5: shop_greengrocer
891f53c9dd3ffff,5,5: shop_greengrocer
891f53c9dd7ffff,5,5: shop_greengrocer
891f53c9ddbffff,5,5: shop_greengrocer
891f53c9e03ffff,1,1: amenity_nightclub
891f53c9e07ffff,1,1: amenity_nightclub
891f53c9e0bffff,1,1: amenity_nightclub
891f53c9e0fffff,1,1: amenity_nightclub
891f53c9e13ffff,1,1: amenity_nightclub
891f53c9e17ffff,5,5: shop_greengrocer
891f53c9e1bffff,6,6: building_office
891f53c9e23ffff,6,6: building_office
891f53c9e27ffff,0,0: landuse_industrial
891f53c9e2bffff,5,5: shop_greengrocer
891f53c9e2fffff,6,6: building_office
891f53c9e33ffff,1,1: amenity_nightclub
891f53c9e37ffff,1,1: amenity_nightclub
891f53c9e3bffff,6,6: building_office
891f53c9e43ffff,6,6: building_office
891f53c9e47ffff,1,1: amenity_nightclub
891f53c9e4bffff,1,1: amenity_nightclub
891f53c9e4fffff,6,6: building_office
891f53c9e53ffff,1,1: amenity_nightclub
891f53c9e57ffff,1,1: amenity_nightclub
891f53c9e5bffff,1,1: amenity_nightclub
891f53c9e63ffff,4,4: landuse_cemetery
891f53c9e67ffff,5,5: shop_greengrocer
891f53c9e6bffff,1,1: amenity_nightclub
891f53c9e6fffff,6,6: building_office
891f53c9e73ffff,4,4: landuse_cemetery
891f53c9e77ffff,6,6: building_office
891f53c9e7bffff,1,1: amenity_nightclub
891f53c9e83ffff,9,9: aeroway_aerodrome
891f53c9e87ffff,9,9: aeroway_aerodrome
891f53c9e8bffff,5,5: shop_greengrocer
891f53c9e8fffff,9,9: aeroway_aerodrome
891f53c9e93ffff,1,1: amenity_nightclub
891f53c9e97ffff,5,5: shop_greengrocer
891f53c9e9bffff,1,1: amenity_nightclub
891f53c9ea3ffff,6,6: building_office
891f53c9ea7ffff,5,5: shop_greengrocer
891f53c9eabffff,1,1: amenity_nightclub
891f53c9eafffff,1,1: amenity_nightclub
891f53c9eb3ffff,1,1: amenity_nightclub
891f53c9eb7ffff,1,1: amenity_nightclub
891f53c9ebbffff,9,9: aeroway_aerodrome
891f53c9ec3ffff,1,1: amenity_nightclub
891f53c9ec7ffff,1,1: amenity_nightclub
891f53c9ecbffff,1,1: amenity_nightclub
891f53c9ecfffff,6,6: building_office
891f53c9ed3ffff,1,1: amenity_nightclub
891f53c9ed7ffff,1,1: amenity_nightclub
891f53c9edbffff,1,1: amenity_nightclub
891f53ca003ffff,5,5: shop_greengrocer
891f53ca007ffff,10,10: building_apartments
891f53ca00bffff,6,6: building_office
891f53ca00fffff,9,9: aeroway_aerodrome
891f53ca013ffff,5,5: shop_greengrocer
891f53ca017ffff,10,10: building_apartments
891f53ca01bffff,7,7: highway_bus_stop
891f53ca023ffff,9,9: aeroway_aerodrome
891f53ca027ffff,5,5: shop_greengrocer
891f53ca02bffff,10,10: building_apartments
891f53ca02fffff,5,5: shop_greengrocer
891f53ca033ffff,5,5: shop_greengrocer
891f53ca037ffff,9,9: aeroway_aerodrome
891f53ca03bffff,10,10: building_apartments
891f53ca047ffff,0,0: landuse_industrial
891f53ca04bffff,9,9: aeroway_aerodrome
891f53ca04fffff,9,9: aeroway_aerodrome
891f53ca053ffff,3,3: landuse_industrial
891f53ca057ffff,7,7: highway_bus_stop
891f53ca05bffff,3,3: landuse_industrial
891f53ca063ffff,8,8: landuse_industrial
891f53ca067ffff,9,9: aeroway_aerodrome
891f53ca06bffff,0,0: landuse_industrial
891f53ca06fffff,9,9: aeroway_aerodrome
891f53ca073ffff,9,9: aeroway_aerodrome
891f53ca077ffff,0,0: landuse_industrial
891f53ca083ffff,11,11: building_house
891f53ca087ffff,2,2: building_house
891f53ca08bffff,0,0: landuse_industrial
891f53ca08fffff,2,2: building_house
891f53ca097ffff,2,2: building_house
891f53ca09bffff,3,3: landuse_industrial
891f53ca0a3ffff,8,8: landuse_industrial
891f53ca0a7ffff,8,8: landuse_industrial
891f53ca0abffff,9,9: aeroway_aerodrome
891f53ca0b3ffff,8,8: landuse_industrial
891f53ca0b7ffff,0,0: landuse_industrial
891f53ca0bbffff,10,10: building_apartments
891f53ca0c3ffff,3,3: landuse_industrial
891f53ca0c7ffff,7,7: highway_bus_stop
891f53ca0cbffff,3,3: landuse_industrial
891f53ca0cfffff,7,7: highway_bus_stop
891f53ca0d3ffff,3,3: landuse_industrial
891f53ca0d7ffff,3,3: landuse_industrial
891f53ca0dbffff,3,3: landuse_industrial
891f53ca103ffff,0,0: landuse_industrial
891f53ca107ffff,4,4: landuse_cemetery
891f53ca10bffff,10,10: building_apartments
891f53ca10fffff,2,2: building_house
891f53ca113ffff,4,4: landuse_cemetery
891f53ca11bffff,5,5: shop_greengrocer
891f53ca123ffff,10,10: building_apartments
891f53ca127ffff,10,10: building_apartments
891f53ca12bffff,10,10: building_apartments
891f53ca12fffff,10,10: building_apartments
891f53ca133ffff,2,2: building_house
891f53ca137ffff,10,10: building_apartments
891f53ca13bffff,0,0: landuse_industrial
891f53ca143ffff,4,4: landuse_cemetery
891f53ca147ffff,9,9: aeroway_aerodrome
891f53ca14bffff,5,5: shop_greengrocer
891f53ca14fffff,5,5: shop_greengrocer
891f53ca153ffff,5,5: shop_greengrocer
891f53ca157ffff,5,5: shop_greengrocer
891f53ca15bffff,5,5: shop_greengrocer
891f53ca163ffff,10,10: building_apartments
891f53ca167ffff,10,10: building_apartments
891f53ca16bffff,5,5: shop_greengrocer
891f53ca16fffff,10,10: building_apartments
891f53ca173ffff,0,0: landuse_industrial
891f53ca177ffff,10,10: building_apartments
891f53ca17bffff,9,9: aeroway_aerodrome
891f53ca193ffff,11,11: building_house
891f53ca1a7ffff,9,9: aeroway_aerodrome
891f53ca1afffff,2,2: building_house
891f53ca1b7ffff,4,4: landuse_cemetery
891f53ca1cbffff,5,5: shop_greengrocer
891f53ca1cfffff,5,5: shop_greengrocer
891f53ca1dbffff,8,8: landuse_industrial
891f53ca203ffff,6,6: building_office
891f53ca207ffff,6,6: building_office
891f53ca20bffff,6,6: building_office
891f53ca20fffff,3,3: landuse_industrial
891f53ca213ffff,6,6: building_office
891f53ca217ffff,6,6: building_office
891f53ca21bffff,6,6: building_office
891f53ca223ffff,3,3: landuse_industrial
891f53ca227ffff,3,3: landuse_industrial
891f53ca22bffff,3,3: landuse_industrial
891f53ca22fffff,0,0: landuse_industrial
891f53ca233ffff,3,3: landuse_industrial
891f53ca23bffff,6,6: building_office
891f53ca243ffff,6,6: building_office
891f53ca247ffff,6,6: building_office
891f53ca24bffff,6,6: building_office
891f53ca24fffff,3,3: landuse_industrial
891f53ca253ffff,6,6: building_office
891f53ca257ffff,6,6: building_office
891f53ca263ffff,6,6: building_office
891f53ca267ffff,7,7: highway_bus_stop
891f53ca26bffff,6,6: building_office
891f53ca26fffff,1,1: amenity_nightclub
891f53ca273ffff,6,6: building_office
891f53ca277ffff,3,3: landuse_industrial
891f53ca27bffff,3,3: landuse_industrial
891f53ca287ffff,8,8: landuse_industrial
891f53ca28bffff,3,3: landuse_industrial
891f53ca28fffff,3,3: landuse_industrial
891f53ca293ffff,8,8: landuse_industrial
891f53ca297ffff,3,3: landuse_industrial
891f53ca29bffff,6,6: building_office
891f53ca2a3ffff,9,9: aeroway_aerodrome
891f53ca2a7ffff,2,2: building_house
891f53ca2abffff,5,5: shop_greengrocer
891f53ca2afffff,0,0: landuse_industrial
891f53ca2b3ffff,9,9: aeroway_aerodrome
891f53ca2b7ffff,3,3: landuse_industrial
891f53ca2bbffff,9,9: aeroway_aerodrome
891f53ca2c3ffff,3,3: landuse_industrial
891f53ca2c7ffff,6,6: building_office
891f53ca2cbffff,6,6: building_office
891f53ca2cfffff,3,3: landuse_industrial
891f53ca2d3ffff,3,3: landuse_industrial
891f53ca2d7ffff,3,3: landuse_industrial
891f53ca2dbffff,6,6: building_office
891f53ca303ffff,10,10: building_apartments
891f53ca307ffff,10,10: building_apartments
891f53ca30bffff,2,2: building_house
891f53ca30fffff,9,9: aeroway_aerodrome
891f53ca313ffff,10,10: building_apartments
891f53ca317ffff,10,10: building_apartments
891f53ca31bffff,2,2: building_house
891f53ca333ffff,9,9: aeroway_aerodrome
891f53ca337ffff,9,9: aeroway_aerodrome
891f53ca33bffff,9,9: aeroway_aerodrome
891f53ca343ffff,6,6: building_office
891f53ca347ffff,6,6: building_office
891f53ca34bffff,6,6: building_office
891f53ca34fffff,10,10: building_apartments
891f53ca353ffff,0,0: landuse_industrial
891f53ca357ffff,2,2: building_house
891f53ca35bffff,0,0: landuse_industrial
891f53ca363ffff,4,4: landuse_cemetery
891f53ca36bffff,5,5: shop_greengrocer
891f53ca373ffff,1,1: amenity_nightclub
891f53ca377ffff,6,6: building_office
891f53ca37bffff,2,2: building_house
891f53ca383ffff,5,5: shop_greengrocer
891f53ca387ffff,5,5: shop_greengrocer
891f53ca38bffff,7,7: highway_bus_stop
891f53ca38fffff,5,5: shop_greengrocer
891f53ca393ffff,9,9: aeroway_aerodrome
891f53ca397ffff,5,5: shop_greengrocer
891f53ca39bffff,6,6: building_office
891f53ca3a3ffff,7,7: highway_bus_stop
891f53ca3a7ffff,9,9: aeroway_aerodrome
891f53ca3abffff,5,5: shop_greengrocer
891f53ca3afffff,9,9: aeroway_aerodrome
891f53ca3b3ffff,5,5: shop_greengrocer
891f53ca3b7ffff,5,5: shop_greengrocer
891f53ca3bbffff,5,5: shop_greengrocer
891f53ca3c3ffff,8,8: landuse_industrial
891f53ca3cbffff,7,7: highway_bus_stop
891f53ca3cfffff,0,0: landuse_industrial
891f53ca3d3ffff,8,8: landuse_industrial
891f53ca3d7ffff,4,4: landuse_cemetery
891f53ca3dbffff,8,8: landuse_industrial
891f53ca403ffff,11,11: building_house
891f53ca407ffff,3,3: landuse_industrial
891f53ca40fffff,0,0: landuse_industrial
891f53ca413ffff,8,8: landuse_industrial
891f53ca417ffff,8,8: landuse_industrial
891f53ca423ffff,11,11: building_house
891f53ca427ffff,6,6: building_office
891f53ca433ffff,8,8: landuse_industrial
891f53ca437ffff,9,9: aeroway_aerodrome
891f53ca43bffff,3,3: landuse_industrial
891f53ca443ffff,11,11: building_house
891f53ca44bffff,9,9: aeroway_aerodrome
891f53ca44fffff,2,2: building_house
891f53ca463ffff,9,9: aeroway_aerodrome
891f53ca467ffff,3,3: landuse_industrial
891f53ca46bffff,6,6: building_office
891f53ca46fffff,3,3: landuse_industrial
891f53ca477ffff,3,3: landuse_industrial
891f53ca483ffff,4,4: landuse_cemetery
891f53ca487ffff,11,11: building_house
891f53ca48bffff,2,2: building_house
891f53ca4a3ffff,11,11: building_house
891f53ca4abffff,8,8: landuse_industrial
891f53ca4b3ffff,0,0: landuse_industrial
891f53ca4bbffff,0,0: landuse_industrial
891f53ca4c7ffff,8,8: landuse_industrial
891f53ca4d7ffff,2,2: building_house
891f53ca503ffff,4,4: landuse_cemetery
891f53ca50bffff,9,9: aeroway_aerodrome
891f53ca50fffff,7,7: highway_bus_stop
891f53ca513ffff,10,10: building_apartments
891f53ca517ffff,2,2: building_house
891f53ca51bffff,9,9: aeroway_aerodrome
891f53ca52bffff,7,7: highway_bus_stop
891f53ca533ffff,4,4: landuse_cemetery
891f53ca53bffff,7,7: highway_bus_stop
891f53ca543ffff,7,7: highway_bus_stop
891f53ca547ffff,7,7: highway_bus_stop
891f53ca54bffff,8,8: landuse_industrial
891f53ca54fffff,0,0: landuse_industrial
891f53ca553ffff,2,2: building_house
891f53ca557ffff,5,5: shop_greengrocer
891f53ca55bffff,0,0: landuse_industrial
891f53ca573ffff,10,10: building_apartments
891f53ca577ffff,0,0: landuse_industrial
891f53ca57bffff,7,7: highway_bus_stop
891f53ca583ffff,1,1: amenity_nightclub
891f53ca587ffff,9,9: aeroway_aerodrome
891f53ca58bffff,7,7: highway_bus_stop
891f53ca593ffff,7,7: highway_bus_stop
891f53ca5abffff,2,2: building_house
891f53ca5afffff,2,2: building_house
891f53ca5bbffff,2,2: building_house
891f53ca5c3ffff,7,7: highway_bus_stop
891f53ca5c7ffff,9,9: aeroway_aerodrome
891f53ca5cbffff,5,5: shop_greengrocer
891f53ca5cfffff,5,5: shop_greengrocer
891f53ca5d3ffff,9,9: aeroway_aerodrome
891f53ca603ffff,3,3: landuse_industrial
891f53ca607ffff,3,3: landuse_industrial
891f53ca60bffff,6,6: building_office
891f53ca60fffff,3,3: landuse_industrial
891f53ca613ffff,0,0: landuse_industrial
891f53ca617ffff,8,8: landuse_industrial
891f53ca623ffff,6,6: building_office
891f53ca627ffff,3,3: landuse_industrial
891f53ca62bffff,3,3: landuse_industrial
891f53ca62fffff,3,3: landuse_industrial
891f53ca633ffff,8,8: landuse_industrial
891f53ca637ffff,3,3: landuse_industrial
891f53ca63bffff,3,3: landuse_industrial
891f53ca643ffff,6,6: building_office
891f53ca647ffff,5,5: shop_greengrocer
891f53ca64fffff,9,9: aeroway_aerodrome
891f53ca657ffff,6,6: building_office
891f53ca65bffff,0,0: landuse_industrial
891f53ca663ffff,8,8: landuse_industrial
891f53ca667ffff,3,3: landuse_industrial
891f53ca66bffff,3,3: landuse_industrial
891f53ca66fffff,3,3: landuse_industrial
891f53ca673ffff,5,5: shop_greengrocer
891f53ca677ffff,3,3: landuse_industrial
891f53ca67bffff,5,5: shop_greengrocer
891f53ca687ffff,9,9: aeroway_aerodrome
891f53ca68bffff,2,2: building_house
891f53ca693ffff,7,7: highway_bus_stop
891f53ca697ffff,9,9: aeroway_aerodrome
891f53ca69bffff,2,2: building_house
891f53ca6a3ffff,0,0: landuse_industrial
891f53ca6a7ffff,0,0: landuse_industrial
891f53ca6afffff,0,0: landuse_industrial
891f53ca6b3ffff,9,9: aeroway_aerodrome
891f53ca6b7ffff,0,0: landuse_industrial
891f53ca6bbffff,8,8: landuse_industrial
891f53ca6c3ffff,0,0: landuse_industrial
891f53ca6c7ffff,2,2: building_house
891f53ca6cfffff,7,7: highway_bus_stop
891f53ca6d3ffff,0,0: landuse_industrial
891f53ca803ffff,11,11: building_house
891f53ca807ffff,2,2: building_house
891f53ca813ffff,2,2: building_house
891f53ca817ffff,2,2: building_house
891f53ca823ffff,11,11: building_house
891f53ca827ffff,2,2: building_house
891f53ca833ffff,0,0: landuse_industrial
891f53ca837ffff,2,2: building_house
891f53ca83bffff,2,2: building_house
891f53ca84bffff,3,3: landuse_industrial
891f53ca853ffff,4,4: landuse_cemetery
891f53ca86bffff,11,11: building_house
891f53ca883ffff,11,11: building_house
891f53ca887ffff,2,2: building_house
891f53ca88bffff,0,0: landuse_industrial
891f53ca88fffff,2,2: building_house
891f53ca893ffff,10,10: building_apartments
891f53ca897ffff,10,10: building_apartments
891f53ca89bffff,0,0: landuse_industrial
891f53ca8a3ffff,11,11: building_house
891f53ca8a7ffff,10,10: building_apartments
891f53ca8abffff,0,0: landuse_industrial
891f53ca8afffff,0,0: landuse_industrial
891f53ca8b3ffff,2,2: building_house
891f53ca8b7ffff,2,2: building_house
891f53ca8bbffff,2,2: building_house
891f53ca8c3ffff,10,10: building_apartments
891f53ca8cbffff,2,2: building_house
891f53ca8d3ffff,10,10: building_apartments
891f53ca8d7ffff,2,2: building_house
891f53ca8dbffff,2,2: building_house
891f53ca903ffff,11,11: building_house
891f53ca907ffff,2,2: building_house
891f53ca90bffff,2,2: building_house
891f53ca90fffff,2,2: building_house
891f53ca913ffff,2,2: building_house
891f53ca917ffff,2,2: building_house
891f53ca91bffff,2,2: building_house
891f53ca933ffff,2,2: building_house
891f53ca943ffff,11,11: building_house
891f53ca947ffff,2,2: building_house
891f53ca94bffff,2,2: building_house
891f53ca94fffff,2,2: building_house
891f53ca953ffff,2,2: building_house
891f53ca957ffff,2,2: building_house
891f53ca95bffff,2,2: building_house
891f53ca963ffff,5,5: shop_greengrocer
891f53ca967ffff,6,6: building_office
891f53ca96bffff,10,10: building_apartments
891f53ca96fffff,0,0: landuse_industrial
891f53ca973ffff,10,10: building_apartments
891f53ca97bffff,10,10: building_apartments
891f53ca983ffff,10,10: building_apartments
891f53ca987ffff,5,5: shop_greengrocer
891f53ca98bffff,10,10: building_apartments
891f53ca98fffff,10,10: building_apartments
891f53ca993ffff,10,10: building_apartments
891f53ca997ffff,0,0: landuse_industrial
891f53ca99bffff,10,10: building_apartments
891f53ca9a3ffff,10,10: building_apartments
891f53ca9a7ffff,10,10: building_apartments
891f53ca9abffff,2,2: building_house
891f53ca9afffff,0,0: landuse_industrial
891f53ca9b3ffff,10,10: building_apartments
891f53ca9b7ffff,10,10: building_apartments
891f53ca9bbffff,10,10: building_apartments
891f53ca9c3ffff,10,10: building_apartments
891f53ca9c7ffff,10,10: building_apartments
891f53ca9cbffff,2,2: building_house
891f53ca9cfffff,2,2: building_house
891f53ca9d3ffff,10,10: building_apartments
891f53ca9d7ffff,10,10: building_apartments
891f53ca9dbffff,2,2: building_house
891f53caa03ffff,10,10: building_apartments
891f53caa07ffff,10,10: building_apartments
891f53caa0bffff,10,10: building_apartments
891f53caa0fffff,10,10: building_apartments
891f53caa13ffff,10,10: building_apartments
891f53caa17ffff,10,10: building_apartments
891f53caa1bffff,10,10: building_apartments
891f53caa23ffff,10,10: building_apartments
891f53caa27ffff,2,2: building_house
891f53caa2bffff,10,10: building_apartments
891f53caa2fffff,10,10: building_apartments
891f53caa33ffff,10,10: building_apartments
891f53caa37ffff,2,2: building_house
891f53caa3bffff,10,10: building_apartments
891f53caa43ffff,10,10: building_apartments
891f53caa47ffff,10,10: building_apartments
891f53caa4bffff,6,6: building_office
891f53caa4fffff,10,10: building_apartments
891f53caa53ffff,10,10: building_apartments
891f53caa57ffff,10,10: building_apartments
891f53caa5bffff,10,10: building_apartments
891f53caa63ffff,11,11: building_house
891f53caa67ffff,10,10: building_apartments
891f53caa6bffff,2,2: building_house
891f53caa6fffff,10,10: building_apartments
891f53caa73ffff,10,10: building_apartments
891f53caa77ffff,10,10: building_apartments
891f53caa7bffff,10,10: building_apartments
891f53caa83ffff,11,11: building_house
891f53caa87ffff,4,4: landuse_cemetery
891f53caa8bffff,10,10: building_apartments
891f53caa8fffff,2,2: building_house
891f53caa93ffff,10,10: building_apartments
891f53caa97ffff,0,0: landuse_industrial
891f53caa9bffff,2,2: building_house
891f53caaa3ffff,11,11: building_house
891f53caaa7ffff,2,2: building_house
891f53caaabffff,10,10: building_apartments
891f53caaafffff,10,10: building_apartments
891f53caab7ffff,2,2: building_house
891f53caabbffff,2,2: building_house
891f53caac3ffff,11,11: building_house
891f53caac7ffff,2,2: building_house
891f53caacfffff,2,2: building_house
891f53caad3ffff,2,2: building_house
891f53caad7ffff,2,2: building_house
891f53caadbffff,2,2: building_house
891f53cab07ffff,3,3: landuse_industrial
891f53cab23ffff,11,11: building_house
891f53cab27ffff,2,2: building_house
891f53cab2fffff,2,2: building_house
891f53cab33ffff,0,0: landuse_industrial
891f53cab37ffff,0,0: landuse_industrial
891f53cab3bffff,3,3: landuse_industrial
891f53cab43ffff,10,10: building_apartments
891f53cab47ffff,10,10: building_apartments
891f53cab4bffff,10,10: building_apartments
891f53cab4fffff,10,10: building_apartments
891f53cab57ffff,10,10: building_apartments
891f53cab5bffff,10,10: building_apartments
891f53cab87ffff,2,2: building_house
891f53caba3ffff,11,11: building_house
891f53caba7ffff,2,2: building_house
891f53cababffff,10,10: building_apartments
891f53cabafffff,2,2: building_house
891f53cabb3ffff,2,2: building_house
891f53cabb7ffff,0,0: landuse_industrial
891f53cabbbffff,2,2: building_house
891f53cabc3ffff,11,11: building_house
891f53cabcbffff,2,2: building_house
891f53cabdbffff,2,2: building_house
891f53cac03ffff,11,11: building_house
891f53cac07ffff,2,2: building_house
891f53cac0bffff,10,10: building_apartments
891f53cac0fffff,2,2: building_house
891f53cac13ffff,2,2: building_house
891f53cac17ffff,2,2: building_house
891f53cac1bffff,10,10: building_apartments
891f53cac23ffff,11,11: building_house
891f53cac27ffff,0,0: landuse_industrial
891f53cac2bffff,2,2: building_house
891f53cac2fffff,2,2: building_house
891f53cac33ffff,10,10: building_apartments
891f53cac37ffff,2,2: building_house
891f53cac3bffff,2,2: building_house
891f53cac43ffff,10,10: building_apartments
891f53cac47ffff,10,10: building_apartments
891f53cac4bffff,10,10: building_apartments
891f53cac4fffff,10,10: building_apartments
891f53cac53ffff,10,10: building_apartments
891f53cac57ffff,10,10: building_apartments
891f53cac5bffff,10,10: building_apartments
891f53cac63ffff,10,10: building_apartments
891f53cac67ffff,10,10: building_apartments
891f53cac6bffff,2,2: building_house
891f53cac6fffff,10,10: building_apartments
891f53cac73ffff,10,10: building_apartments
891f53cac77ffff,10,10: building_apartments
891f53cac7bffff,2,2: building_house
891f53cac83ffff,10,10: building_apartments
891f53cac87ffff,0,0: landuse_industrial
891f53cac8bffff,0,0: landuse_industrial
891f53cac8fffff,10,10: building_apartments
891f53cac93ffff,3,3: landuse_industrial
891f53cac97ffff,3,3: landuse_industrial
891f53cac9bffff,3,3: landuse_industrial
891f53caca3ffff,10,10: building_apartments
891f53caca7ffff,2,2: building_house
891f53cacabffff,2,2: building_house
891f53cacafffff,2,2: building_house
891f53cacb3ffff,0,0: landuse_industrial
891f53cacb7ffff,2,2: building_house
891f53cacbbffff,2,2: building_house
891f53cacc3ffff,10,10: building_apartments
891f53cacc7ffff,5,5: shop_greengrocer
891f53caccbffff,10,10: building_apartments
891f53caccfffff,10,10: building_apartments
891f53cacd3ffff,8,8: landuse_industrial
891f53cacd7ffff,3,3: landuse_industrial
891f53cacdbffff,0,0: landuse_industrial
891f53cad27ffff,10,10: building_apartments
891f53cad2fffff,0,0: landuse_industrial
891f53cad37ffff,9,9: aeroway_aerodrome
891f53cad4bffff,2,2: building_house
891f53cad5bffff,2,2: building_house
891f53cad6bffff,10,10: building_apartments
891f53cad6fffff,10,10: building_apartments
891f53cad7bffff,0,0: landuse_industrial
891f53cada7ffff,10,10: building_apartments
891f53cadc3ffff,11,11: building_house
891f53cadc7ffff,2,2: building_house
891f53cadcbffff,2,2: building_house
891f53cadcfffff,2,2: building_house
891f53cadd3ffff,10,10: building_apartments
891f53cadd7ffff,2,2: building_house
891f53caddbffff,2,2: building_house
891f53cae03ffff,0,0: landuse_industrial
891f53cae07ffff,8,8: landuse_industrial
891f53cae0bffff,7,7: highway_bus_stop
891f53cae0fffff,9,9: aeroway_aerodrome
891f53cae13ffff,0,0: landuse_industrial
891f53cae17ffff,0,0: landuse_industrial
891f53cae1bffff,0,0: landuse_industrial
891f53cae23ffff,11,11: building_house
891f53cae2bffff,10,10: building_apartments
891f53cae2fffff,10,10: building_apartments
891f53cae33ffff,10,10: building_apartments
891f53cae37ffff,10,10: building_apartments
891f53cae3bffff,10,10: building_apartments
891f53cae43ffff,7,7: highway_bus_stop
891f53cae47ffff,7,7: highway_bus_stop
891f53cae4bffff,1,1: amenity_nightclub
891f53cae4fffff,8,8: landuse_industrial
891f53cae53ffff,7,7: highway_bus_stop
891f53cae57ffff,4,4: landuse_cemetery
891f53cae5bffff,1,1: amenity_nightclub
891f53cae63ffff,11,11: building_house
891f53cae67ffff,10,10: building_apartments
891f53cae6bffff,2,2: building_house
891f53cae6fffff,2,2: building_house
891f53cae73ffff,2,2: building_house
891f53cae77ffff,10,10: building_apartments
891f53cae7bffff,7,7: highway_bus_stop
891f53cae83ffff,10,10: building_apartments
891f53cae87ffff,0,0: landuse_industrial
891f53cae8bffff,0,0: landuse_industrial
891f53cae8fffff,0,0: landuse_industrial
891f53cae93ffff,10,10: building_apartments
891f53cae97ffff,0,0: landuse_industrial
891f53cae9bffff,2,2: building_house
891f53caea3ffff,10,10: building_apartments
891f53caea7ffff,10,10: building_apartments
891f53caeabffff,0,0: landuse_industrial
891f53caeafffff,10,10: building_apartments
891f53caeb3ffff,10,10: building_apartments
891f53caeb7ffff,10,10: building_apartments
891f53caebbffff,0,0: landuse_industrial
891f53caec3ffff,9,9: aeroway_aerodrome
891f53caec7ffff,2,2: building_house
891f53caecbffff,9,9: aeroway_aerodrome
891f53caecfffff,9,9: aeroway_aerodrome
891f53caed3ffff,5,5: shop_greengrocer
891f53caed7ffff,10,10: building_apartments
891f53caedbffff,10,10: building_apartments
891f53cb007ffff,4,4: landuse_cemetery
891f53cb013ffff,8,8: landuse_industrial
891f53cb023ffff,4,4: landuse_cemetery
891f53cb02bffff,5,5: shop_greengrocer
891f53cb02fffff,5,5: shop_greengrocer
891f53cb03bffff,9,9: aeroway_aerodrome
891f53cb043ffff,1,1: amenity_nightclub
891f53cb04bffff,6,6: building_office
891f53cb04fffff,5,5: shop_greengrocer
891f53cb053ffff,6,6: building_office
891f53cb05bffff,4,4: landuse_cemetery
891f53cb063ffff,10,10: building_apartments
891f53cb067ffff,10,10: building_apartments
891f53cb06bffff,10,10: building_apartments
891f53cb06fffff,10,10: building_apartments
891f53cb08bffff,4,4: landuse_cemetery
891f53cb0a7ffff,4,4: landuse_cemetery
891f53cb0b7ffff,5,5: shop_greengrocer
891f53cb0c7ffff,4,4: landuse_cemetery
891f53cb0dbffff,4,4: landuse_cemetery
891f53cb103ffff,6,6: building_office
891f53cb107ffff,6,6: building_office
891f53cb10fffff,6,6: building_office
891f53cb113ffff,6,6: building_office
891f53cb117ffff,3,3: landuse_industrial
891f53cb11bffff,1,1: amenity_nightclub
891f53cb123ffff,6,6: building_office
891f53cb127ffff,5,5: shop_greengrocer
891f53cb12bffff,6,6: building_office
891f53cb12fffff,5,5: shop_greengrocer
891f53cb133ffff,6,6: building_office
891f53cb137ffff,5,5: shop_greengrocer
891f53cb167ffff,3,3: landuse_industrial
891f53cb177ffff,6,6: building_office
891f53cb187ffff,3,3: landuse_industrial
891f53cb18bffff,3,3: landuse_industrial
891f53cb193ffff,9,9: aeroway_aerodrome
891f53cb19bffff,7,7: highway_bus_stop
891f53cb1a3ffff,9,9: aeroway_aerodrome
891f53cb1a7ffff,5,5: shop_greengrocer
891f53cb1abffff,6,6: building_office
891f53cb1afffff,5,5: shop_greengrocer
891f53cb1b3ffff,9,9: aeroway_aerodrome
891f53cb1b7ffff,6,6: building_office
891f53cb1bbffff,8,8: landuse_industrial
891f53cb1c3ffff,8,8: landuse_industrial
891f53cb1c7ffff,6,6: building_office
891f53cb1d3ffff,6,6: building_office
891f53cb203ffff,9,9: aeroway_aerodrome
891f53cb207ffff,5,5: shop_greengrocer
891f53cb20bffff,5,5: shop_greengrocer
891f53cb20fffff,5,5: shop_greengrocer
891f53cb213ffff,10,10: building_apartments
891f53cb217ffff,5,5: shop_greengrocer
891f53cb21bffff,10,10: building_apartments
891f53cb223ffff,9,9: aeroway_aerodrome
891f53cb227ffff,9,9: aeroway_aerodrome
891f53cb22bffff,5,5: shop_greengrocer
891f53cb22fffff,5,5: shop_greengrocer
891f53cb233ffff,5,5: shop_greengrocer
891f53cb237ffff,5,5: shop_greengrocer
891f53cb23bffff,5,5: shop_greengrocer
891f53cb243ffff,9,9: aeroway_aerodrome
891f53cb247ffff,5,5: shop_greengrocer
891f53cb24bffff,9,9: aeroway_aerodrome
891f53cb24fffff,10,10: building_apartments
891f53cb253ffff,5,5: shop_greengrocer
891f53cb257ffff,5,5: shop_greengrocer
891f53cb25bffff,5,5: shop_greengrocer
891f53cb263ffff,9,9: aeroway_aerodrome
891f53cb267ffff,5,5: shop_greengrocer
891f53cb26bffff,5,5: shop_greengrocer
891f53cb26fffff,5,5: shop_greengrocer
891f53cb273ffff,5,5: shop_greengrocer
891f53cb277ffff,5,5: shop_greengrocer
891f53cb27bffff,5,5: shop_greengrocer
891f53cb283ffff,10,10: building_apartments
891f53cb287ffff,5,5: shop_greengrocer
891f53cb28bffff,9,9: aeroway_aerodrome
891f53cb28fffff,10,10: building_apartments
891f53cb293ffff,9,9: aeroway_aerodrome
891f53cb297ffff,9,9: aeroway_aerodrome
891f53cb29bffff,9,9: aeroway_aerodrome
891f53cb2a3ffff,9,9: aeroway_aerodrome
891f53cb2a7ffff,10,10: building_apartments
891f53cb2abffff,10,10: building_apartments
891f53cb2afffff,5,5: shop_greengrocer
891f53cb2b3ffff,5,5: shop_greengrocer
891f53cb2b7ffff,5,5: shop_greengrocer
891f53cb2bbffff,10,10: building_apartments
891f53cb2c3ffff,5,5: shop_greengrocer
891f53cb2c7ffff,5,5: shop_greengrocer
891f53cb2cbffff,9,9: aeroway_aerodrome
891f53cb2cfffff,5,5: shop_greengrocer
891f53cb2d3ffff,5,5: shop_greengrocer
891f53cb2d7ffff,5,5: shop_greengrocer
891f53cb2dbffff,5,5: shop_greengrocer
891f53cb303ffff,6,6: building_office
891f53cb307ffff,6,6: building_office
891f53cb30bffff,5,5: shop_greengrocer
891f53cb30fffff,6,6: building_office
891f53cb313ffff,10,10: building_apartments
891f53cb317ffff,5,5: shop_greengrocer
891f53cb31bffff,10,10: building_apartments
891f53cb323ffff,9,9: aeroway_aerodrome
891f53cb32bffff,10,10: building_apartments
891f53cb32fffff,10,10: building_apartments
891f53cb337ffff,1,1: amenity_nightclub
891f53cb33bffff,10,10: building_apartments
891f53cb343ffff,1,1: amenity_nightclub
891f53cb347ffff,5,5: shop_greengrocer
891f53cb34bffff,5,5: shop_greengrocer
891f53cb34fffff,5,5: shop_greengrocer
891f53cb353ffff,5,5: shop_greengrocer
891f53cb357ffff,5,5: shop_greengrocer
891f53cb35bffff,5,5: shop_greengrocer
891f53cb363ffff,5,5: shop_greengrocer
891f53cb367ffff,10,10: building_apartments
891f53cb36bffff,10,10: building_apartments
891f53cb36fffff,10,10: building_apartments
891f53cb373ffff,5,5: shop_greengrocer
891f53cb377ffff,5,5: shop_greengrocer
891f53cb37bffff,5,5: shop_greengrocer
891f53cb383ffff,9,9: aeroway_aerodrome
891f53cb387ffff,7,7: highway_bus_stop
891f53cb38bffff,5,5: shop_greengrocer
891f53cb38fffff,5,5: shop_greengrocer
891f53cb393ffff,5,5: shop_greengrocer
891f53cb39bffff,5,5: shop_greengrocer
891f53cb3a3ffff,4,4: landuse_cemetery
891f53cb3abffff,5,5: shop_greengrocer
891f53cb3b3ffff,7,7: highway_bus_stop
891f53cb3bbffff,9,9: aeroway_aerodrome
891f53cb3c3ffff,10,10: building_apartments
891f53cb3c7ffff,10,10: building_apartments
891f53cb3cbffff,5,5: shop_greengrocer
891f53cb3cfffff,0,0: landuse_industrial
891f53cb3d3ffff,10,10: building_apartments
891f53cb3d7ffff,5,5: shop_greengrocer
891f53cb3dbffff,6,6: building_office
891f53cb417ffff,4,4: landuse_cemetery
891f53cb433ffff,8,8: landuse_industrial
891f53cb437ffff,8,8: landuse_industrial
891f53cb443ffff,6,6: building_office
891f53cb44bffff,6,6: building_office
891f53cb44fffff,3,3: landuse_industrial
891f53cb453ffff,9,9: aeroway_aerodrome
891f53cb457ffff,10,10: building_apartments
891f53cb45bffff,6,6: building_office
891f53cb463ffff,8,8: landuse_industrial
891f53cb473ffff,8,8: landuse_industrial
891f53cb47bffff,8,8: landuse_industrial
891f53cb483ffff,10,10: building_apartments
891f53cb487ffff,5,5: shop_greengrocer
891f53cb48bffff,10,10: building_apartments
891f53cb48fffff,5,5: shop_greengrocer
891f53cb493ffff,5,5: shop_greengrocer
891f53cb497ffff,5,5: shop_greengrocer
891f53cb4a3ffff,9,9: aeroway_aerodrome
891f53cb4a7ffff,5,5: shop_greengrocer
891f53cb4abffff,5,5: shop_greengrocer
891f53cb4afffff,5,5: shop_greengrocer
891f53cb4b3ffff,9,9: aeroway_aerodrome
891f53cb4b7ffff,5,5: shop_greengrocer
891f53cb4bbffff,5,5: shop_greengrocer
891f53cb4cbffff,9,9: aeroway_aerodrome
891f53cb4cfffff,9,9: aeroway_aerodrome
891f53cb4dbffff,5,5: shop_greengrocer
891f53cb503ffff,8,8: landuse_industrial
891f53cb507ffff,9,9: aeroway_aerodrome
891f53cb50bffff,6,6: building_office
891f53cb50fffff,3,3: landuse_industrial
891f53cb513ffff,8,8: landuse_industrial
891f53cb517ffff,8,8: landuse_industrial
891f53cb51bffff,9,9: aeroway_aerodrome
891f53cb523ffff,9,9: aeroway_aerodrome
891f53cb52bffff,5,5: shop_greengrocer
891f53cb52fffff,8,8: landuse_industrial
891f53cb533ffff,9,9: aeroway_aerodrome
891f53cb537ffff,3,3: landuse_industrial
891f53cb53bffff,5,5: shop_greengrocer
891f53cb543ffff,4,4: landuse_cemetery
891f53cb547ffff,5,5: shop_greengrocer
891f53cb54fffff,5,5: shop_greengrocer
891f53cb553ffff,8,8: landuse_industrial
891f53cb557ffff,5,5: shop_greengrocer
891f53cb563ffff,6,6: building_office
891f53cb567ffff,9,9: aeroway_aerodrome
891f53cb56bffff,6,6: building_office
891f53cb56fffff,3,3: landuse_industrial
891f53cb573ffff,6,6: building_office
891f53cb577ffff,5,5: shop_greengrocer
891f53cb57bffff,5,5: shop_greengrocer
891f53cb583ffff,3,3: landuse_industrial
891f53cb58bffff,8,8: landuse_industrial
891f53cb58fffff,6,6: building_office
891f53cb593ffff,0,0: landuse_industrial
891f53cb597ffff,0,0: landuse_industrial
891f53cb59bffff,6,6: building_office
891f53cb5a3ffff,3,3: landuse_industrial
891f53cb5a7ffff,6,6: building_office
891f53cb5abffff,3,3: landuse_industrial
891f53cb5afffff,6,6: building_office
891f53cb5b7ffff,5,5: shop_greengrocer
891f53cb5bbffff,8,8: landuse_industrial
891f53cb5c3ffff,9,9: aeroway_aerodrome
891f53cb5c7ffff,5,5: shop_greengrocer
891f53cb5cbffff,8,8: landuse_industrial
891f53cb5cfffff,5,5: shop_greengrocer
891f53cb5d3ffff,8,8: landuse_industrial
891f53cb5d7ffff,5,5: shop_greengrocer
891f53cb5dbffff,6,6: building_office
891f53cb603ffff,4,4: landuse_cemetery
891f53cb607ffff,5,5: shop_greengrocer
891f53cb60bffff,6,6: building_office
891f53cb60fffff,5,5: shop_greengrocer
891f53cb613ffff,6,6: building_office
891f53cb617ffff,1,1: amenity_nightclub
891f53cb623ffff,10,10: building_apartments
891f53cb627ffff,5,5: shop_greengrocer
891f53cb62bffff,9,9: aeroway_aerodrome
891f53cb62fffff,5,5: shop_greengrocer
891f53cb633ffff,5,5: shop_greengrocer
891f53cb637ffff,5,5: shop_greengrocer
891f53cb63bffff,5,5: shop_greengrocer
891f53cb64bffff,3,3: landuse_industrial
891f53cb64fffff,6,6: building_office
891f53cb65bffff,3,3: landuse_industrial
891f53cb663ffff,5,5: shop_greengrocer
891f53cb667ffff,5,5: shop_greengrocer
891f53cb66bffff,5,5: shop_greengrocer
891f53cb66fffff,5,5: shop_greengrocer
891f53cb673ffff,5,5: shop_greengrocer
891f53cb677ffff,5,5: shop_greengrocer
891f53cb67bffff,5,5: shop_greengrocer
891f53cb683ffff,6,6: building_office
891f53cb687ffff,6,6: building_office
891f53cb68fffff,6,6: building_office
891f53cb697ffff,9,9: aeroway_aerodrome
891f53cb6a3ffff,9,9: aeroway_aerodrome
891f53cb6a7ffff,5,5: shop_greengrocer
891f53cb6abffff,5,5: shop_greengrocer
891f53cb6afffff,5,5: shop_greengrocer
891f53cb6b3ffff,6,6: building_office
891f53cb6b7ffff,4,4: landuse_cemetery
891f53cb6bbffff,6,6: building_office
891f53cb6c3ffff,3,3: landuse_industrial
891f53cb6c7ffff,6,6: building_office
891f53cc003ffff,11,11: building_house
891f53cc007ffff,2,2: building_house
891f53cc00bffff,2,2: building_house
891f53cc00fffff,2,2: building_house
891f53cc013ffff,2,2: building_house
891f53cc017ffff,2,2: building_house
891f53cc01bffff,2,2: building_house
891f53cc023ffff,4,4: landuse_cemetery
891f53cc02bffff,8,8: landuse_industrial
891f53cc033ffff,2,2: building_house
891f53cc03bffff,2,2: building_house
891f53cc043ffff,0,0: landuse_industrial
891f53cc047ffff,2,2: building_house
891f53cc04bffff,0,0: landuse_industrial
891f53cc04fffff,0,0: landuse_industrial
891f53cc053ffff,2,2: building_house
891f53cc057ffff,2,2: building_house
891f53cc063ffff,11,11: building_house
891f53cc073ffff,2,2: building_house
891f53cc077ffff,2,2: building_house
891f53cc07bffff,2,2: building_house
891f53cc08bffff,2,2: building_house
891f53cc08fffff,2,2: building_house
891f53cc0abffff,2,2: building_house
891f53cc0afffff,2,2: building_house
891f53cc0c7ffff,2,2: building_house
891f53cc0cfffff,2,2: building_house
891f53cc10bffff,11,11: building_house
891f53cc11bffff,8,8: landuse_industrial
891f53cc147ffff,8,8: landuse_industrial
891f53cc16bffff,11,11: building_house
891f53cc173ffff,2,2: building_house
891f53cc17bffff,2,2: building_house
891f53cc1cfffff,8,8: landuse_industrial
891f53cc20bffff,9,9: aeroway_aerodrome
891f53cc223ffff,10,10: building_apartments
891f53cc227ffff,0,0: landuse_industrial
891f53cc22bffff,10,10: building_apartments
891f53cc22fffff,6,6: building_office
891f53cc237ffff,0,0: landuse_industrial
891f53cc23bffff,10,10: building_apartments
891f53cc243ffff,6,6: building_office
891f53cc247ffff,10,10: building_apartments
891f53cc24bffff,9,9: aeroway_aerodrome
891f53cc24fffff,10,10: building_apartments
891f53cc257ffff,9,9: aeroway_aerodrome
891f53cc25bffff,6,6: building_office
891f53cc263ffff,4,4: landuse_cemetery
891f53cc267ffff,9,9: aeroway_aerodrome
891f53cc26bffff,11,11: building_house
891f53cc26fffff,5,5: shop_greengrocer
891f53cc273ffff,3,3: landuse_industrial
891f53cc277ffff,10,10: building_apartments
891f53cc27bffff,2,2: building_house
891f53cc2afffff,0,0: landuse_industrial
891f53cc2b3ffff,2,2: building_house
891f53cc2b7ffff,0,0: landuse_industrial
891f53cc2bbffff,2,2: building_house
891f53cc307ffff,11,11: building_house
891f53cc317ffff,2,2: building_house
891f53cc323ffff,11,11: building_house
891f53cc32bffff,2,2: building_house
891f53cc32fffff,2,2: building_house
891f53cc333ffff,2,2: building_house
891f53cc337ffff,2,2: building_house
891f53cc33bffff,2,2: building_house
891f53cc347ffff,8,8: landuse_industrial
891f53cc34bffff,8,8: landuse_industrial
891f53cc34fffff,3,3: landuse_industrial
891f53cc35bffff,0,0: landuse_industrial
891f53cc367ffff,2,2: building_house
891f53cc36bffff,7,7: highway_bus_stop
891f53cc37bffff,7,7: highway_bus_stop
891f53cc38fffff,2,2: building_house
891f53cc3a3ffff,11,11: building_house
891f53cc3a7ffff,2,2: building_house
891f53cc3abffff,2,2: building_house
891f53cc3afffff,2,2: building_house
891f53cc3b7ffff,2,2: building_house
891f53cc3d7ffff,11,11: building_house
891f53cc3dbffff,8,8: landuse_industrial
891f53cc583ffff,11,11: building_house
891f53cc587ffff,2,2: building_house
891f53cc58fffff,6,6: building_office
891f53cc597ffff,2,2: building_house
891f53cc5b3ffff,2,2: building_house
891f53cc5b7ffff,2,2: building_house
891f53ccedbffff,2,2: building_house
891f53cd02fffff,4,4: landuse_cemetery
891f53cd04fffff,7,7: highway_bus_stop
891f53cd06bffff,6,6: building_office
891f53cd06fffff,0,0: landuse_industrial
891f53cd08bffff,11,11: building_house
891f53cd093ffff,9,9: aeroway_aerodrome
891f53cd097ffff,9,9: aeroway_aerodrome
891f53cd09bffff,10,10: building_apartments
891f53cd0a7ffff,11,11: building_house
891f53cd0afffff,8,8: landuse_industrial
891f53cd0bbffff,8,8: landuse_industrial
891f53cd0c3ffff,6,6: building_office
891f53cd0cfffff,7,7: highway_bus_stop
891f53cd0d3ffff,0,0: landuse_industrial
891f53cd0d7ffff,2,2: building_house
891f53cd0dbffff,7,7: highway_bus_stop
891f53cd103ffff,8,8: landuse_industrial
891f53cd10fffff,0,0: landuse_industrial
891f53cd113ffff,8,8: landuse_industrial
891f53cd117ffff,7,7: highway_bus_stop
891f53cd123ffff,11,11: building_house
891f53cd127ffff,2,2: building_house
891f53cd12bffff,0,0: landuse_industrial
891f53cd12fffff,0,0: landuse_industrial
891f53cd133ffff,2,2: building_house
891f53cd137ffff,2,2: building_house
891f53cd147ffff,11,11: building_house
891f53cd14bffff,0,0: landuse_industrial
891f53cd14fffff,8,8: landuse_industrial
891f53cd153ffff,8,8: landuse_industrial
891f53cd157ffff,7,7: highway_bus_stop
891f53cd15bffff,8,8: landuse_industrial
891f53cd163ffff,11,11: building_house
891f53cd16bffff,8,8: landuse_industrial
891f53cd173ffff,8,8: landuse_industrial
891f53cd177ffff,2,2: building_house
891f53cd183ffff,1,1: amenity_nightclub
891f53cd187ffff,10,10: building_apartments
891f53cd18bffff,9,9: aeroway_aerodrome
891f53cd18fffff,7,7: highway_bus_stop
891f53cd193ffff,1,1: amenity_nightclub
891f53cd197ffff,10,10: building_apartments
891f53cd1a3ffff,11,11: building_house
891f53cd1a7ffff,2,2: building_house
891f53cd1abffff,2,2: building_house
891f53cd1afffff,2,2: building_house
891f53cd1b3ffff,1,1: amenity_nightclub
891f53cd1b7ffff,6,6: building_office
891f53cd1bbffff,7,7: highway_bus_stop
891f53cd1c7ffff,9,9: aeroway_aerodrome
891f53cd1cbffff,9,9: aeroway_aerodrome
891f53cd1cfffff,9,9: aeroway_aerodrome
891f53cd1d7ffff,9,9: aeroway_aerodrome
891f53cd1dbffff,3,3: landuse_industrial
891f53cd203ffff,4,4: landuse_cemetery
891f53cd207ffff,10,10: building_apartments
891f53cd20fffff,9,9: aeroway_aerodrome
891f53cd213ffff,7,7: highway_bus_stop
891f53cd217ffff,6,6: building_office
891f53cd223ffff,10,10: building_apartments
891f53cd227ffff,0,0: landuse_industrial
891f53cd22bffff,2,2: building_house
891f53cd22fffff,10,10: building_apartments
891f53cd233ffff,2,2: building_house
891f53cd237ffff,10,10: building_apartments
891f53cd23bffff,2,2: building_house
891f53cd253ffff,11,11: building_house
891f53cd257ffff,2,2: building_house
891f53cd263ffff,7,7: highway_bus_stop
891f53cd26bffff,7,7: highway_bus_stop
891f53cd26fffff,2,2: building_house
891f53cd273ffff,4,4: landuse_cemetery
891f53cd277ffff,2,2: building_house
891f53cd2a3ffff,8,8: landuse_industrial
891f53cd2a7ffff,9,9: aeroway_aerodrome
891f53cd2abffff,8,8: landuse_industrial
891f53cd2afffff,5,5: shop_greengrocer
891f53cd2c7ffff,7,7: highway_bus_stop
891f53cd2dbffff,7,7: highway_bus_stop
891f53cd303ffff,11,11: building_house
891f53cd307ffff,8,8: landuse_industrial
891f53cd30bffff,10,10: building_apartments
891f53cd30fffff,0,0: landuse_industrial
891f53cd313ffff,0,0: landuse_industrial
891f53cd317ffff,3,3: landuse_industrial
891f53cd31bffff,10,10: building_apartments
891f53cd323ffff,8,8: landuse_industrial
891f53cd327ffff,8,8: landuse_industrial
891f53cd333ffff,8,8: landuse_industrial
891f53cd337ffff,8,8: landuse_industrial
891f53cd33bffff,8,8: landuse_industrial
891f53cd343ffff,10,10: building_apartments
891f53cd347ffff,10,10: building_apartments
891f53cd34bffff,10,10: building_apartments
891f53cd34fffff,2,2: building_house
891f53cd353ffff,10,10: building_apartments
891f53cd357ffff,10,10: building_apartments
891f53cd35bffff,10,10: building_apartments
891f53cd363ffff,4,4: landuse_cemetery
891f53cd367ffff,8,8: landuse_industrial
891f53cd36bffff,4,4: landuse_cemetery
891f53cd373ffff,0,0: landuse_industrial
891f53cd377ffff,3,3: landuse_industrial
891f53cd37bffff,2,2: building_house
891f53cd383ffff,0,0: landuse_industrial
891f53cd387ffff,0,0: landuse_industrial
891f53cd38fffff,0,0: landuse_industrial
891f53cd397ffff,0,0: landuse_industrial
891f53cd39bffff,0,0: landuse_industrial
891f53cd3a3ffff,3,3: landuse_industrial
891f53cd3a7ffff,8,8: landuse_industrial
891f53cd3abffff,3,3: landuse_industrial
891f53cd3afffff,3,3: landuse_industrial
891f53cd3b3ffff,3,3: landuse_industrial
891f53cd3bbffff,8,8: landuse_industrial
891f53cd3c3ffff,8,8: landuse_industrial
891f53cd3c7ffff,3,3: landuse_industrial
891f53cd3cbffff,10,10: building_apartments
891f53cd3cfffff,3,3: landuse_industrial
891f53cd3d3ffff,6,6: building_office
891f53cd3d7ffff,0,0: landuse_industrial
891f53cd3dbffff,0,0: landuse_industrial
891f53cd40bffff,4,4: landuse_cemetery
891f53cd40fffff,6,6: building_office
891f53cd423ffff,4,4: landuse_cemetery
891f53cd427ffff,0,0: landuse_industrial
891f53cd42bffff,1,1: amenity_nightclub
891f53cd42fffff,6,6: building_office
891f53cd433ffff,9,9: aeroway_aerodrome
891f53cd437ffff,9,9: aeroway_aerodrome
891f53cd43bffff,1,1: amenity_nightclub
891f53cd443ffff,11,11: building_house
891f53cd447ffff,4,4: landuse_cemetery
891f53cd453ffff,8,8: landuse_industrial
891f53cd45bffff,0,0: landuse_industrial
891f53cd463ffff,9,9: aeroway_aerodrome
891f53cd467ffff,6,6: building_office
891f53cd46bffff,7,7: highway_bus_stop
891f53cd46fffff,7,7: highway_bus_stop
891f53cd473ffff,9,9: aeroway_aerodrome
891f53cd477ffff,1,1: amenity_nightclub
891f53cd49bffff,8,8: landuse_industrial
891f53cd4a3ffff,8,8: landuse_industrial
891f53cd4afffff,9,9: aeroway_aerodrome
891f53cd52bffff,3,3: landuse_industrial
891f53cd52fffff,3,3: landuse_industrial
891f53cd53bffff,8,8: landuse_industrial
891f53cd543ffff,11,11: building_house
891f53cd547ffff,2,2: building_house
891f53cd54bffff,9,9: aeroway_aerodrome
891f53cd54fffff,10,10: building_apartments
891f53cd553ffff,2,2: building_house
891f53cd55bffff,10,10: building_apartments
891f53cd563ffff,7,7: highway_bus_stop
891f53cd567ffff,7,7: highway_bus_stop
891f53cd573ffff,2,2: building_house
891f53cd577ffff,2,2: building_house
891f53cd57bffff,10,10: building_apartments
891f53cd5cbffff,9,9: aeroway_aerodrome
891f53cd5dbffff,9,9: aeroway_aerodrome
891f53cd603ffff,11,11: building_house
891f53cd607ffff,2,2: building_house
891f53cd613ffff,10,10: building_apartments
891f53cd617ffff,2,2: building_house
891f53cd61bffff,10,10: building_apartments
891f53cd683ffff,8,8: landuse_industrial
891f53cd687ffff,3,3: landuse_industrial
891f53cd68bffff,0,0: landuse_industrial
891f53cd68fffff,10,10: building_apartments
891f53cd693ffff,4,4: landuse_cemetery
891f53cd697ffff,3,3: landuse_industrial
891f53cd69bffff,5,5: shop_greengrocer
891f53cd6a3ffff,9,9: aeroway_aerodrome
891f53cd6a7ffff,9,9: aeroway_aerodrome
891f53cd6b3ffff,7,7: highway_bus_stop
891f53cd6b7ffff,7,7: highway_bus_stop
891f53cd6c7ffff,10,10: building_apartments
891f53cd6d3ffff,6,6: building_office
891f53cd6d7ffff,5,5: shop_greengrocer
891f53cd6dbffff,6,6: building_office
891f53cd803ffff,11,11: building_house
891f53cd807ffff,2,2: building_house
891f53cd80bffff,0,0: landuse_industrial
891f53cd80fffff,2,2: building_house
891f53cd813ffff,2,2: building_house
891f53cd817ffff,2,2: building_house
891f53cd81bffff,2,2: building_house
891f53cd823ffff,11,11: building_house
891f53cd827ffff,2,2: building_house
891f53cd82bffff,2,2: building_house
891f53cd82fffff,2,2: building_house
891f53cd833ffff,2,2: building_house
891f53cd837ffff,2,2: building_house
891f53cd83bffff,2,2: building_house
891f53cd843ffff,0,0: landuse_industrial
891f53cd847ffff,0,0: landuse_industrial
891f53cd84bffff,8,8: landuse_industrial
891f53cd84fffff,8,8: landuse_industrial
891f53cd853ffff,0,0: landuse_industrial
891f53cd857ffff,0,0: landuse_industrial
891f53cd85bffff,0,0: landuse_industrial
891f53cd863ffff,11,11: building_house
891f53cd867ffff,2,2: building_house
891f53cd86fffff,2,2: building_house
891f53cd873ffff,2,2: building_house
891f53cd877ffff,2,2: building_house
891f53cd883ffff,11,11: building_house
891f53cd887ffff,2,2: building_house
891f53cd88fffff,2,2: building_house
891f53cd893ffff,0,0: landuse_industrial
891f53cd89bffff,2,2: building_house
891f53cd8a3ffff,11,11: building_house
891f53cd8a7ffff,2,2: building_house
891f53cd8abffff,2,2: building_house
891f53cd8afffff,2,2: building_house
891f53cd8b3ffff,2,2: building_house
891f53cd8b7ffff,2,2: building_house
891f53cd8bbffff,2,2: building_house
891f53cd8c3ffff,8,8: landuse_industrial
891f53cd8c7ffff,2,2: building_house
891f53cd8cbffff,8,8: landuse_industrial
891f53cd8cfffff,0,0: landuse_industrial
891f53cd9dbffff,2,2: building_house
891f53cda03ffff,8,8: landuse_industrial
891f53cda07ffff,8,8: landuse_industrial
891f53cda13ffff,0,0: landuse_industrial
891f53cda1bffff,3,3: landuse_industrial
891f53cda27ffff,8,8: landuse_industrial
891f53cda53ffff,8,8: landuse_industrial
891f53cda67ffff,8,8: landuse_industrial
891f53cda6bffff,8,8: landuse_industrial
891f53cda93ffff,11,11: building_house
891f53cda97ffff,0,0: landuse_industrial
891f53cdac7ffff,0,0: landuse_industrial
891f53cdad3ffff,7,7: highway_bus_stop
891f53cdb17ffff,8,8: landuse_industrial
891f53cdb1bffff,8,8: landuse_industrial
891f53cdb47ffff,8,8: landuse_industrial
891f53cdb63ffff,6,6: building_office
891f53cdb7bffff,8,8: landuse_industrial
891f53cdb83ffff,4,4: landuse_cemetery
891f53cdb8fffff,8,8: landuse_industrial
891f53cdb93ffff,2,2: building_house
891f53cdb97ffff,2,2: building_house
891f53cdb9bffff,8,8: landuse_industrial
891f53cdc03ffff,8,8: landuse_industrial
891f53cdc07ffff,8,8: landuse_industrial
891f53cdc13ffff,9,9: aeroway_aerodrome
891f53cdc17ffff,0,0: landuse_industrial
891f53cdc1bffff,0,0: landuse_industrial
891f53cdc23ffff,11,11: building_house
891f53cdc27ffff,0,0: landuse_industrial
891f53cdc2bffff,8,8: landuse_industrial
891f53cdc2fffff,0,0: landuse_industrial
891f53cdc37ffff,8,8: landuse_industrial
891f53cdc43ffff,9,9: aeroway_aerodrome
891f53cdc47ffff,9,9: aeroway_aerodrome
891f53cdc53ffff,10,10: building_apartments
891f53cdc57ffff,2,2: building_house
891f53cdc5bffff,8,8: landuse_industrial
891f53cdc83ffff,11,11: building_house
891f53cdc87ffff,2,2: building_house
891f53cdc8bffff,7,7: highway_bus_stop
891f53cdc8fffff,10,10: building_apartments
891f53cdc93ffff,9,9: aeroway_aerodrome
891f53cdc97ffff,2,2: building_house
891f53cdca3ffff,10,10: building_apartments
891f53cdca7ffff,2,2: building_house
891f53cdcabffff,2,2: building_house
891f53cdcafffff,2,2: building_house
891f53cdcb3ffff,0,0: landuse_industrial
891f53cdcb7ffff,0,0: landuse_industrial
891f53cdcbbffff,2,2: building_house
891f53cdcc3ffff,8,8: landuse_industrial
891f53cdcc7ffff,5,5: shop_greengrocer
891f53cdccfffff,0,0: landuse_industrial
891f53cdcd3ffff,4,4: landuse_cemetery
891f53cdcd7ffff,5,5: shop_greengrocer
891f53cdcdbffff,7,7: highway_bus_stop
891f53cdd03ffff,11,11: building_house
891f53cdd0bffff,0,0: landuse_industrial
891f53cdd13ffff,8,8: landuse_industrial
891f53cdd1bffff,0,0: landuse_industrial
891f53cdd43ffff,11,11: building_house
891f53cdd47ffff,2,2: building_house
891f53cdd4bffff,0,0: landuse_industrial
891f53cdd4fffff,2,2: building_house
891f53cdd53ffff,8,8: landuse_industrial
891f53cdd57ffff,0,0: landuse_industrial
891f53cdd5bffff,8,8: landuse_industrial
891f53cdd6bffff,2,2: building_house
891f53cdd73ffff,2,2: building_house
891f53cdd7bffff,2,2: building_house
891f53cdd83ffff,11,11: building_house
891f53cdd8bffff,0,0: landuse_industrial
891f53cdd8fffff,0,0: landuse_industrial
891f53cdd93ffff,2,2: building_house
891f53cdd97ffff,2,2: building_house
891f53cdd9bffff,2,2: building_house
891f53cddc3ffff,8,8: landuse_industrial
891f53cddc7ffff,3,3: landuse_industrial
891f53cddcfffff,3,3: landuse_industrial
891f53cddd7ffff,0,0: landuse_industrial
891f53cde03ffff,8,8: landuse_industrial
891f53cde07ffff,8,8: landuse_industrial
891f53cde0bffff,8,8: landuse_industrial
891f53cde13ffff,8,8: landuse_industrial
891f53cde17ffff,8,8: landuse_industrial
891f53cde1bffff,8,8: landuse_industrial
891f53cde23ffff,0,0: landuse_industrial
891f53cde27ffff,0,0: landuse_industrial
891f53cde2fffff,0,0: landuse_industrial
891f53cde33ffff,0,0: landuse_industrial
891f53cde37ffff,0,0: landuse_industrial
891f53cde3bffff,8,8: landuse_industrial
891f53cde47ffff,8,8: landuse_industrial
891f53cde4fffff,8,8: landuse_industrial
891f53cde53ffff,3,3: landuse_industrial
891f53cde57ffff,8,8: landuse_industrial
891f53cde73ffff,7,7: highway_bus_stop
891f53cde7bffff,8,8: landuse_industrial
891f53cde8bffff,8,8: landuse_industrial
891f53cde8fffff,8,8: landuse_industrial
891f53cdeabffff,8,8: landuse_industrial
891f53cdec3ffff,8,8: landuse_industrial
891f53cdec7ffff,8,8: landuse_industrial
891f53cdecbffff,3,3: landuse_industrial
891f53cdecfffff,8,8: landuse_industrial
891f53cded3ffff,3,3: landuse_industrial
891f53cdedbffff,3,3: landuse_industrial
891f53ce003ffff,11,11: building_house
891f53ce007ffff,2,2: building_house
891f53ce00bffff,2,2: building_house
891f53ce013ffff,2,2: building_house
891f53ce01bffff,2,2: building_house
891f53ce023ffff,11,11: building_house
891f53ce033ffff,2,2: building_house
891f53ce043ffff,11,11: building_house
891f53ce04bffff,2,2: building_house
891f53ce057ffff,2,2: building_house
891f53ce063ffff,4,4: landuse_cemetery
891f53ce067ffff,0,0: landuse_industrial
891f53ce06fffff,2,2: building_house
891f53ce073ffff,2,2: building_house
891f53ce087ffff,7,7: highway_bus_stop
891f53ce0a7ffff,4,4: landuse_cemetery
891f53ce0b3ffff,11,11: building_house
891f53ce0c7ffff,2,2: building_house
891f53ce0d3ffff,7,7: highway_bus_stop
891f53ce173ffff,4,4: landuse_cemetery
891f53ce217ffff,11,11: building_house
891f53ce283ffff,11,11: building_house
891f53ce287ffff,2,2: building_house
891f53ce28fffff,2,2: building_house
891f53ce297ffff,2,2: building_house
891f53ce29bffff,8,8: landuse_industrial
891f53ce2abffff,2,2: building_house
891f53ce2b7ffff,11,11: building_house
891f53ce2bbffff,2,2: building_house
891f53ce2c3ffff,7,7: highway_bus_stop
891f53ce2d7ffff,8,8: landuse_industrial
891f53ce2dbffff,0,0: landuse_industrial
891f53ce303ffff,11,11: building_house
891f53ce37bffff,11,11: building_house
891f53ce40bffff,11,11: building_house
891f53ce413ffff,11,11: building_house
891f53ce417ffff,2,2: building_house
891f53ce41bffff,2,2: building_house
891f53ce443ffff,11,11: building_house
891f53ce447ffff,2,2: building_house
891f53ce44bffff,2,2: building_house
891f53ce44fffff,2,2: building_house
891f53ce453ffff,2,2: building_house
891f53ce457ffff,2,2: building_house
891f53ce45bffff,2,2: building_house
891f53ce46bffff,7,7: highway_bus_stop
891f53ce47bffff,2,2: building_house
891f53ce483ffff,11,11: building_house
891f53ce48bffff,2,2: building_house
891f53ce493ffff,2,2: building_house
891f53ce497ffff,2,2: building_house
891f53ce49bffff,2,2: building_house
891f53ce4c3ffff,10,10: building_apartments
891f53ce4c7ffff,10,10: building_apartments
891f53ce4cbffff,10,10: building_apartments
891f53ce4cfffff,10,10: building_apartments
891f53ce4d3ffff,9,9: aeroway_aerodrome
891f53ce4d7ffff,10,10: building_apartments
891f53ce4dbffff,10,10: building_apartments
891f53ce51bffff,11,11: building_house
891f53ce54bffff,2,2: building_house
891f53ce54fffff,2,2: building_house
891f53ce557ffff,2,2: building_house
891f53ce56fffff,11,11: building_house
891f53ce57bffff,2,2: building_house
891f53ce597ffff,2,2: building_house
891f53ce5cfffff,2,2: building_house
891f53ce60bffff,11,11: building_house
891f53ce613ffff,11,11: building_house
891f53ce617ffff,0,0: landuse_industrial
891f53ce61bffff,2,2: building_house
891f53ce643ffff,11,11: building_house
891f53ce647ffff,2,2: building_house
891f53ce657ffff,2,2: building_house
891f53ce66bffff,8,8: landuse_industrial
891f53ce66fffff,8,8: landuse_industrial
891f53ce683ffff,11,11: building_house
891f53ce687ffff,2,2: building_house
891f53ce68bffff,2,2: building_house
891f53ce68fffff,2,2: building_house
891f53ce693ffff,0,0: landuse_industrial
891f53ce697ffff,2,2: building_house
891f53ce69bffff,0,0: landuse_industrial
891f53ce6a7ffff,7,7: highway_bus_stop
891f53ce6abffff,0,0: landuse_industrial
891f53ce6b3ffff,2,2: building_house
891f53ce6c3ffff,11,11: building_house
891f53ce6c7ffff,2,2: building_house
891f53ce6cfffff,2,2: building_house
891f53ce6d3ffff,2,2: building_house
891f53ce6d7ffff,2,2: building_house
891f53cee47ffff,4,4: landuse_cemetery
891f53cee4bffff,2,2: building_house
891f53cee4fffff,4,4: landuse_cemetery
891f53cee7bffff,2,2: building_house
891f53cf417ffff,11,11: building_house
891f53cf437ffff,4,4: landuse_cemetery
891f53cf483ffff,0,0: landuse_industrial
891f53cf487ffff,2,2: building_house
891f53cf48bffff,0,0: landuse_industrial
891f53cf48fffff,2,2: building_house
891f53cf493ffff,10,10: building_apartments
891f53cf497ffff,2,2: building_house
891f53cf49bffff,2,2: building_house
891f53cf4bbffff,2,2: building_house
891f53cf4c7ffff,0,0: landuse_industrial
891f53cf4d3ffff,10,10: building_apartments
891f53cf4d7ffff,10,10: building_apartments
891f53cf4dbffff,2,2: building_house
891f53cf513ffff,7,7: highway_bus_stop
891f53cf517ffff,11,11: building_house
891f53cf51bffff,11,11: building_house
891f53cf553ffff,4,4: landuse_cemetery
891f53cf583ffff,3,3: landuse_industrial
891f53cf593ffff,0,0: landuse_industrial
891f53cf5a3ffff,11,11: building_house
891f53cf5abffff,7,7: highway_bus_stop
891f53cf5cbffff,7,7: highway_bus_stop
891f53cf5cfffff,4,4: landuse_cemetery
891f53cf5d3ffff,7,7: highway_bus_stop
891f53cf5dbffff,7,7: highway_bus_stop
891f53cf64fffff,7,7: highway_bus_stop
891f53cf6d3ffff,0,0: landuse_industrial
891f53cf6d7ffff,0,0: landuse_industrial
891f53cf6dbffff,10,10: building_apartments
891f53d804bffff,10,10: building_apartments
891f53d804fffff,10,10: building_apartments
891f53d8063ffff,11,11: building_house
891f53d8067ffff,2,2: building_house
891f53d806bffff,2,2: building_house
891f53d806fffff,2,2: building_house
891f53d807bffff,2,2: building_house
891f53d8167ffff,11,11: building_house
891f53d8203ffff,10,10: building_apartments
891f53d8207ffff,10,10: building_apartments
891f53d820bffff,2,2: building_house
891f53d820fffff,10,10: building_apartments
891f53d8213ffff,2,2: building_house
891f53d8217ffff,10,10: building_apartments
891f53d821bffff,10,10: building_apartments
891f53d8223ffff,11,11: building_house
891f53d8227ffff,10,10: building_apartments
891f53d822bffff,10,10: building_apartments
891f53d822fffff,2,2: building_house
891f53d8233ffff,9,9: aeroway_aerodrome
891f53d823bffff,10,10: building_apartments
891f53d8257ffff,0,0: landuse_industrial
891f53d8263ffff,11,11: building_house
891f53d8267ffff,2,2: building_house
891f53d826fffff,2,2: building_house
891f53d8273ffff,4,4: landuse_cemetery
891f53d8277ffff,2,2: building_house
891f53d8283ffff,11,11: building_house
891f53d8287ffff,2,2: building_house
891f53d828bffff,2,2: building_house
891f53d828fffff,2,2: building_house
891f53d8293ffff,2,2: building_house
891f53d8297ffff,2,2: building_house
891f53d829bffff,2,2: building_house
891f53d82a3ffff,0,0: landuse_industrial
891f53d82a7ffff,0,0: landuse_industrial
891f53d82abffff,0,0: landuse_industrial
891f53d82afffff,0,0: landuse_industrial
891f53d82b3ffff,10,10: building_apartments
891f53d82b7ffff,0,0: landuse_industrial
891f53d82bbffff,0,0: landuse_industrial
891f53d82c3ffff,11,11: building_house
891f53d82c7ffff,2,2: building_house
891f53d82cfffff,2,2: building_house
891f53d82d3ffff,2,2: building_house
891f53d82d7ffff,0,0: landuse_industrial
891f53d830bffff,11,11: building_house
891f53d831bffff,2,2: building_house
891f53d8343ffff,11,11: building_house
891f53d8347ffff,2,2: building_house
891f53d834bffff,2,2: building_house
891f53d834fffff,2,2: building_house
891f53d8353ffff,2,2: building_house
891f53d8357ffff,10,10: building_apartments
891f53d835bffff,10,10: building_apartments
891f53d836bffff,11,11: building_house
891f53d837bffff,10,10: building_apartments
891f53d83c3ffff,11,11: building_house
891f53d83cbffff,2,2: building_house
891f53d83cfffff,2,2: building_house
891f53d83d3ffff,2,2: building_house
891f53d83dbffff,2,2: building_house
891f53d8663ffff,8,8: landuse_industrial
891f53d8667ffff,0,0: landuse_industrial
891f53d866bffff,2,2: building_house
891f53d866fffff,0,0: landuse_industrial
891f53d867bffff,0,0: landuse_industrial
891f53d8803ffff,11,11: building_house
891f53d8807ffff,2,2: building_house
891f53d880bffff,2,2: building_house
891f53d880fffff,2,2: building_house
891f53d8813ffff,2,2: building_house
891f53d8817ffff,2,2: building_house
891f53d881bffff,2,2: building_house
891f53d8823ffff,11,11: building_house
891f53d8827ffff,0,0: landuse_industrial
891f53d882bffff,0,0: landuse_industrial
891f53d882fffff,8,8: landuse_industrial
891f53d8833ffff,2,2: building_house
891f53d8837ffff,2,2: building_house
891f53d883bffff,0,0: landuse_industrial
891f53d8843ffff,0,0: landuse_industrial
891f53d8847ffff,2,2: building_house
891f53d884bffff,0,0: landuse_industrial
891f53d884fffff,2,2: building_house
891f53d8853ffff,2,2: building_house
891f53d885bffff,2,2: building_house
891f53d8863ffff,6,6: building_office
891f53d8867ffff,0,0: landuse_industrial
891f53d886fffff,6,6: building_office
891f53d8873ffff,2,2: building_house
891f53d8877ffff,0,0: landuse_industrial
891f53d8883ffff,11,11: building_house
891f53d8887ffff,2,2: building_house
891f53d888bffff,2,2: building_house
891f53d888fffff,2,2: building_house
891f53d8893ffff,2,2: building_house
891f53d8897ffff,2,2: building_house
891f53d889bffff,2,2: building_house
891f53d88a3ffff,0,0: landuse_industrial
891f53d88a7ffff,2,2: building_house
891f53d88abffff,2,2: building_house
891f53d88afffff,2,2: building_house
891f53d88b3ffff,2,2: building_house
891f53d88bbffff,0,0: landuse_industrial
891f53d88c7ffff,2,2: building_house
891f53d88cbffff,2,2: building_house
891f53d88d3ffff,11,11: building_house
891f53d88dbffff,2,2: building_house
891f53d8923ffff,11,11: building_house
891f53d8943ffff,3,3: landuse_industrial
891f53d8947ffff,3,3: landuse_industrial
891f53d894bffff,3,3: landuse_industrial
891f53d8953ffff,0,0: landuse_industrial
891f53d895bffff,3,3: landuse_industrial
891f53d8983ffff,11,11: building_house
891f53d898bffff,2,2: building_house
891f53d8993ffff,2,2: building_house
891f53d899bffff,2,2: building_house
891f53d89c3ffff,11,11: building_house
891f53d89cbffff,0,0: landuse_industrial
891f53d89d3ffff,2,2: building_house
891f53d89dbffff,2,2: building_house
891f53d8a17ffff,11,11: building_house
891f53d8a23ffff,0,0: landuse_industrial
891f53d8a27ffff,0,0: landuse_industrial
891f53d8a2bffff,0,0: landuse_industrial
891f53d8a2fffff,8,8: landuse_industrial
891f53d8a33ffff,8,8: landuse_industrial
891f53d8a37ffff,0,0: landuse_industrial
891f53d8a3bffff,0,0: landuse_industrial
891f53d8a4bffff,11,11: building_house
891f53d8a53ffff,11,11: building_house
891f53d8a83ffff,11,11: building_house
891f53d8a87ffff,2,2: building_house
891f53d8a93ffff,2,2: building_house
891f53d8a97ffff,2,2: building_house
891f53d8aa3ffff,6,6: building_office
891f53d8aabffff,2,2: building_house
891f53d8aafffff,0,0: landuse_industrial
891f53d8ab3ffff,2,2: building_house
891f53d8abbffff,2,2: building_house
891f53d8b03ffff,10,10: building_apartments
891f53d8b07ffff,10,10: building_apartments
891f53d8b0bffff,5,5: shop_greengrocer
891f53d8b1bffff,5,5: shop_greengrocer
891f53d8b2bffff,8,8: landuse_industrial
891f53d8b2fffff,7,7: highway_bus_stop
891f53d8b33ffff,2,2: building_house
891f53d8b37ffff,7,7: highway_bus_stop
891f53d8b3bffff,2,2: building_house
891f53d8b43ffff,5,5: shop_greengrocer
891f53d8b47ffff,3,3: landuse_industrial
891f53d8b4bffff,8,8: landuse_industrial
891f53d8b53ffff,8,8: landuse_industrial
891f53d8b57ffff,5,5: shop_greengrocer
891f53d8b5bffff,8,8: landuse_industrial
891f53d8b63ffff,11,11: building_house
891f53d8b6bffff,9,9: aeroway_aerodrome
891f53d8b6fffff,9,9: aeroway_aerodrome
891f53d8b7bffff,10,10: building_apartments
891f53d8b83ffff,11,11: building_house
891f53d8b93ffff,8,8: landuse_industrial
891f53d8b97ffff,3,3: landuse_industrial
891f53d8b9bffff,0,0: landuse_industrial
891f53d8babffff,2,2: building_house
891f53d8bc3ffff,9,9: aeroway_aerodrome
891f53d8bcbffff,0,0: landuse_industrial
891f53d8bcfffff,6,6: building_office
891f53d8bd3ffff,0,0: landuse_industrial
891f53d8bd7ffff,3,3: landuse_industrial
891f53d8c4bffff,11,11: building_house
891f53d8c4fffff,2,2: building_house
891f53d8c63ffff,11,11: building_house
891f53d8c67ffff,0,0: landuse_industrial
891f53d8c6fffff,2,2: building_house
891f53d8c7bffff,2,2: building_house
891f53d8d4bffff,2,2: building_house
891f53d8d4fffff,0,0: landuse_industrial
891f53d8d63ffff,11,11: building_house
891f53d8d67ffff,2,2: building_house
891f53d8d6bffff,2,2: building_house
891f53d8d6fffff,2,2: building_house
891f53d8d7bffff,2,2: building_house
891f53d8e03ffff,11,11: building_house
891f53d8e07ffff,2,2: building_house
891f53d8e13ffff,2,2: building_house
891f53d8e23ffff,11,11: building_house
891f53d8e27ffff,2,2: building_house
891f53d8e2bffff,2,2: building_house
891f53d8e2fffff,2,2: building_house
891f53d8e33ffff,2,2: building_house
891f53d8e37ffff,0,0: landuse_industrial
891f53d8e3bffff,2,2: building_house
891f53d8e83ffff,11,11: building_house
891f53d8e87ffff,2,2: building_house
891f53d8e8bffff,2,2: building_house
891f53d8e8fffff,2,2: building_house
891f53d8e93ffff,0,0: landuse_industrial
891f53d8e97ffff,2,2: building_house
891f53d8ea3ffff,11,11: building_house
891f53d8ea7ffff,2,2: building_house
891f53d8eabffff,2,2: building_house
891f53d8eafffff,2,2: building_house
891f53d8eb3ffff,2,2: building_house
891f53d8eb7ffff,2,2: building_house
891f53d8ebbffff,2,2: building_house
891f53d900bffff,0,0: landuse_industrial
891f53d900fffff,3,3: landuse_industrial
891f53d9023ffff,11,11: building_house
891f53d9027ffff,9,9: aeroway_aerodrome
891f53d902bffff,2,2: building_house
891f53d902fffff,2,2: building_house
891f53d9043ffff,11,11: building_house
891f53d9047ffff,0,0: landuse_industrial
891f53d904bffff,0,0: landuse_industrial
891f53d904fffff,0,0: landuse_industrial
891f53d9057ffff,0,0: landuse_industrial
891f53d9063ffff,11,11: building_house
891f53d9067ffff,7,7: highway_bus_stop
891f53d906bffff,3,3: landuse_industrial
891f53d906fffff,0,0: landuse_industrial
891f53d9073ffff,6,6: building_office
891f53d9077ffff,10,10: building_apartments
891f53d907bffff,0,0: landuse_industrial
891f53d90c7ffff,1,1: amenity_nightclub
891f53d90cfffff,7,7: highway_bus_stop
891f53d90dbffff,7,7: highway_bus_stop
891f53d9103ffff,11,11: building_house
891f53d9107ffff,2,2: building_house
891f53d9117ffff,2,2: building_house
891f53d911bffff,8,8: landuse_industrial
891f53d9143ffff,1,1: amenity_nightclub
891f53d914bffff,11,11: building_house
891f53d9163ffff,11,11: building_house
891f53d9167ffff,2,2: building_house
891f53d9173ffff,2,2: building_house
891f53d9177ffff,2,2: building_house
891f53d9183ffff,11,11: building_house
891f53d918bffff,11,11: building_house
891f53d918fffff,2,2: building_house
891f53d9193ffff,11,11: building_house
891f53d919bffff,2,2: building_house
891f53d91cbffff,2,2: building_house
891f53d91d7ffff,2,2: building_house
891f53d920fffff,7,7: highway_bus_stop
891f53d9217ffff,11,11: building_house
891f53d922bffff,9,9: aeroway_aerodrome
891f53d9233ffff,9,9: aeroway_aerodrome
891f53d9237ffff,9,9: aeroway_aerodrome
891f53d923bffff,7,7: highway_bus_stop
891f53d9277ffff,10,10: building_apartments
891f53d9287ffff,8,8: landuse_industrial
891f53d928bffff,11,11: building_house
891f53d928fffff,0,0: landuse_industrial
891f53d9293ffff,8,8: landuse_industrial
891f53d9297ffff,8,8: landuse_industrial
891f53d929bffff,0,0: landuse_industrial
891f53d92a3ffff,3,3: landuse_industrial
891f53d92a7ffff,3,3: landuse_industrial
891f53d92abffff,3,3: landuse_industrial
891f53d92afffff,0,0: landuse_industrial
891f53d92b3ffff,3,3: landuse_industrial
891f53d92b7ffff,3,3: landuse_industrial
891f53d92bbffff,0,0: landuse_industrial
891f53d92d3ffff,7,7: highway_bus_stop
891f53d92d7ffff,2,2: building_house
891f53d92dbffff,11,11: building_house
891f53d9303ffff,11,11: building_house
891f53d9307ffff,2,2: building_house
891f53d930bffff,2,2: building_house
891f53d930fffff,0,0: landuse_industrial
891f53d9313ffff,2,2: building_house
891f53d9317ffff,2,2: building_house
891f53d931bffff,2,2: building_house
891f53d9323ffff,4,4: landuse_cemetery
891f53d9327ffff,11,11: building_house
891f53d932bffff,10,10: building_apartments
891f53d932fffff,1,1: amenity_nightclub
891f53d9333ffff,10,10: building_apartments
891f53d9337ffff,9,9: aeroway_aerodrome
891f53d933bffff,2,2: building_house
891f53d9343ffff,3,3: landuse_industrial
891f53d9347ffff,0,0: landuse_industrial
891f53d934fffff,3,3: landuse_industrial
891f53d9357ffff,0,0: landuse_industrial
891f53d9363ffff,0,0: landuse_industrial
891f53d9367ffff,0,0: landuse_industrial
891f53d936bffff,0,0: landuse_industrial
891f53d936fffff,0,0: landuse_industrial
891f53d9373ffff,0,0: landuse_industrial
891f53d9377ffff,6,6: building_office
891f53d937bffff,0,0: landuse_industrial
891f53d9383ffff,7,7: highway_bus_stop
891f53d9387ffff,10,10: building_apartments
891f53d938bffff,2,2: building_house
891f53d938fffff,7,7: highway_bus_stop
891f53d9393ffff,0,0: landuse_industrial
891f53d9397ffff,10,10: building_apartments
891f53d939bffff,0,0: landuse_industrial
891f53d93a3ffff,11,11: building_house
891f53d93abffff,2,2: building_house
891f53d93afffff,10,10: building_apartments
891f53d93b3ffff,0,0: landuse_industrial
891f53d93bbffff,2,2: building_house
891f53d93c3ffff,6,6: building_office
891f53d93c7ffff,2,2: building_house
891f53d93cbffff,3,3: landuse_industrial
891f53d93cfffff,3,3: landuse_industrial
891f53d93d3ffff,6,6: building_office
891f53d93d7ffff,10,10: building_apartments
891f53d93dbffff,0,0: landuse_industrial
891f53d944bffff,11,11: building_house
891f53d946bffff,11,11: building_house
891f53d946fffff,2,2: building_house
891f53d9567ffff,4,4: landuse_cemetery
891f53d95a3ffff,11,11: building_house
891f53d95a7ffff,0,0: landuse_industrial
891f53d95b7ffff,2,2: building_house
891f53d95d3ffff,11,11: building_house
891f53d95d7ffff,2,2: building_house
891f53d9603ffff,3,3: landuse_industrial
891f53d9607ffff,6,6: building_office
891f53d960bffff,8,8: landuse_industrial
891f53d960fffff,3,3: landuse_industrial
891f53d9613ffff,0,0: landuse_industrial
891f53d961bffff,3,3: landuse_industrial
891f53d962bffff,3,3: landuse_industrial
891f53d9633ffff,3,3: landuse_industrial
891f53d963bffff,3,3: landuse_industrial
891f53d9643ffff,11,11: building_house
891f53d964fffff,2,2: building_house
891f53d9657ffff,8,8: landuse_industrial
891f53d9663ffff,11,11: building_house
891f53d9667ffff,3,3: landuse_industrial
891f53d966bffff,2,2: building_house
891f53d966fffff,0,0: landuse_industrial
891f53d9677ffff,3,3: landuse_industrial
891f53d967bffff,2,2: building_house
891f53d9687ffff,7,7: highway_bus_stop
891f53d9693ffff,7,7: highway_bus_stop
891f53d96a3ffff,6,6: building_office
891f53d96a7ffff,7,7: highway_bus_stop
891f53d96b3ffff,6,6: building_office
891f53d96b7ffff,0,0: landuse_industrial
891f53d96c3ffff,8,8: landuse_industrial
891f53d96c7ffff,3,3: landuse_industrial
891f53d96cbffff,3,3: landuse_industrial
891f53d96cfffff,3,3: landuse_industrial
891f53d96dbffff,3,3: landuse_industrial
891f53d9803ffff,1,1: amenity_nightclub
891f53d9807ffff,6,6: building_office
891f53d980bffff,9,9: aeroway_aerodrome
891f53d980fffff,6,6: building_office
891f53d9813ffff,7,7: highway_bus_stop
891f53d9817ffff,10,10: building_apartments
891f53d981bffff,9,9: aeroway_aerodrome
891f53d9823ffff,8,8: landuse_industrial
891f53d982bffff,10,10: building_apartments
891f53d982fffff,3,3: landuse_industrial
891f53d9833ffff,1,1: amenity_nightclub
891f53d983bffff,8,8: landuse_industrial
891f53d9843ffff,9,9: aeroway_aerodrome
891f53d9847ffff,5,5: shop_greengrocer
891f53d984bffff,5,5: shop_greengrocer
891f53d984fffff,10,10: building_apartments
891f53d9853ffff,10,10: building_apartments
891f53d9857ffff,9,9: aeroway_aerodrome
891f53d985bffff,9,9: aeroway_aerodrome
891f53d9863ffff,9,9: aeroway_aerodrome
891f53d9867ffff,6,6: building_office
891f53d986bffff,9,9: aeroway_aerodrome
891f53d986fffff,2,2: building_house
891f53d9873ffff,5,5: shop_greengrocer
891f53d9877ffff,3,3: landuse_industrial
891f53d987bffff,10,10: building_apartments
891f53d9883ffff,8,8: landuse_industrial
891f53d988bffff,1,1: amenity_nightclub
891f53d9893ffff,3,3: landuse_industrial
891f53d9897ffff,7,7: highway_bus_stop
891f53d989bffff,4,4: landuse_cemetery
891f53d98abffff,10,10: building_apartments
891f53d98b3ffff,6,6: building_office
891f53d98c3ffff,9,9: aeroway_aerodrome
891f53d98c7ffff,9,9: aeroway_aerodrome
891f53d98cfffff,9,9: aeroway_aerodrome
891f53d98d7ffff,9,9: aeroway_aerodrome
891f53d9903ffff,7,7: highway_bus_stop
891f53d990bffff,5,5: shop_greengrocer
891f53d990fffff,7,7: highway_bus_stop
891f53d991bffff,8,8: landuse_industrial
891f53d9923ffff,7,7: highway_bus_stop
891f53d992bffff,1,1: amenity_nightclub
891f53d992fffff,7,7: highway_bus_stop
891f53d9933ffff,7,7: highway_bus_stop
891f53d993bffff,4,4: landuse_cemetery
891f53d9953ffff,9,9: aeroway_aerodrome
891f53d9957ffff,10,10: building_apartments
891f53d9963ffff,6,6: building_office
891f53d9967ffff,10,10: building_apartments
891f53d996bffff,3,3: landuse_industrial
891f53d996fffff,2,2: building_house
891f53d9973ffff,4,4: landuse_cemetery
891f53d9977ffff,6,6: building_office
891f53d9983ffff,7,7: highway_bus_stop
891f53d998bffff,7,7: highway_bus_stop
891f53d9993ffff,7,7: highway_bus_stop
891f53d99b3ffff,2,2: building_house
891f53d99c3ffff,0,0: landuse_industrial
891f53d99c7ffff,3,3: landuse_industrial
891f53d99cbffff,10,10: building_apartments
891f53d99cfffff,10,10: building_apartments
891f53d99d7ffff,7,7: highway_bus_stop
891f53d9a07ffff,9,9: aeroway_aerodrome
891f53d9a17ffff,10,10: building_apartments
891f53d9a23ffff,5,5: shop_greengrocer
891f53d9a27ffff,5,5: shop_greengrocer
891f53d9a2bffff,10,10: building_apartments
891f53d9a2fffff,5,5: shop_greengrocer
891f53d9a33ffff,5,5: shop_greengrocer
891f53d9a37ffff,5,5: shop_greengrocer
891f53d9a3bffff,5,5: shop_greengrocer
891f53d9a43ffff,8,8: landuse_industrial
891f53d9a53ffff,0,0: landuse_industrial
891f53d9a5bffff,6,6: building_office
891f53d9a67ffff,5,5: shop_greengrocer
891f53d9a77ffff,5,5: shop_greengrocer
891f53d9a87ffff,5,5: shop_greengrocer
891f53d9a8fffff,5,5: shop_greengrocer
891f53d9a97ffff,5,5: shop_greengrocer
891f53d9aa3ffff,5,5: shop_greengrocer
891f53d9aa7ffff,5,5: shop_greengrocer
891f53d9aabffff,5,5: shop_greengrocer
891f53d9aafffff,5,5: shop_greengrocer
891f53d9ab3ffff,5,5: shop_greengrocer
891f53d9ab7ffff,10,10: building_apartments
891f53d9abbffff,5,5: shop_greengrocer
891f53d9b03ffff,6,6: building_office
891f53d9b07ffff,6,6: building_office
891f53d9b0fffff,6,6: building_office
891f53d9b13ffff,6,6: building_office
891f53d9b17ffff,6,6: building_office
891f53d9b23ffff,10,10: building_apartments
891f53d9b27ffff,0,0: landuse_industrial
891f53d9b2bffff,10,10: building_apartments
891f53d9b2fffff,0,0: landuse_industrial
891f53d9b33ffff,0,0: landuse_industrial
891f53d9b37ffff,2,2: building_house
891f53d9b3bffff,2,2: building_house
891f53d9b43ffff,5,5: shop_greengrocer
891f53d9b47ffff,5,5: shop_greengrocer
891f53d9b4bffff,5,5: shop_greengrocer
891f53d9b4fffff,5,5: shop_greengrocer
891f53d9b53ffff,10,10: building_apartments
891f53d9b57ffff,5,5: shop_greengrocer
891f53d9b5bffff,5,5: shop_greengrocer
891f53d9b63ffff,5,5: shop_greengrocer
891f53d9b67ffff,0,0: landuse_industrial
891f53d9b6bffff,1,1: amenity_nightclub
891f53d9b6fffff,3,3: landuse_industrial
891f53d9b73ffff,6,6: building_office
891f53d9b77ffff,9,9: aeroway_aerodrome
891f53d9b7bffff,5,5: shop_greengrocer
891f53d9b83ffff,3,3: landuse_industrial
891f53d9b87ffff,6,6: building_office
891f53d9b8bffff,6,6: building_office
891f53d9b8fffff,6,6: building_office
891f53d9b93ffff,10,10: building_apartments
891f53d9b97ffff,3,3: landuse_industrial
891f53d9b9bffff,7,7: highway_bus_stop
891f53d9ba3ffff,9,9: aeroway_aerodrome
891f53d9ba7ffff,0,0: landuse_industrial
891f53d9babffff,6,6: building_office
891f53d9bafffff,2,2: building_house
891f53d9bb3ffff,9,9: aeroway_aerodrome
891f53d9bb7ffff,8,8: landuse_industrial
891f53d9bbbffff,5,5: shop_greengrocer
891f53d9bc3ffff,9,9: aeroway_aerodrome
891f53d9bc7ffff,9,9: aeroway_aerodrome
891f53d9bcbffff,10,10: building_apartments
891f53d9bcfffff,10,10: building_apartments
891f53d9bd3ffff,5,5: shop_greengrocer
891f53d9bd7ffff,10,10: building_apartments
891f53d9bdbffff,10,10: building_apartments
891f53d9c03ffff,11,11: building_house
891f53d9c07ffff,2,2: building_house
891f53d9c13ffff,2,2: building_house
891f53d9c17ffff,2,2: building_house
891f53d9c23ffff,8,8: landuse_industrial
891f53d9c27ffff,4,4: landuse_cemetery
891f53d9c2bffff,7,7: highway_bus_stop
891f53d9c33ffff,8,8: landuse_industrial
891f53d9c37ffff,7,7: highway_bus_stop
891f53d9c43ffff,8,8: landuse_industrial
891f53d9c4fffff,8,8: landuse_industrial
891f53d9c67ffff,6,6: building_office
891f53d9c6bffff,7,7: highway_bus_stop
891f53d9c6fffff,8,8: landuse_industrial
891f53d9c83ffff,0,0: landuse_industrial
891f53d9c87ffff,0,0: landuse_industrial
891f53d9c8bffff,2,2: building_house
891f53d9c8fffff,0,0: landuse_industrial
891f53d9c93ffff,2,2: building_house
891f53d9c97ffff,0,0: landuse_industrial
891f53d9c9bffff,2,2: building_house
891f53d9ca3ffff,11,11: building_house
891f53d9ca7ffff,2,2: building_house
891f53d9cabffff,2,2: building_house
891f53d9cafffff,0,0: landuse_industrial
891f53d9cb3ffff,2,2: building_house
891f53d9cb7ffff,10,10: building_apartments
891f53d9cbbffff,2,2: building_house
891f53d9cc7ffff,2,2: building_house
891f53d9cd7ffff,2,2: building_house
891f53d9d23ffff,11,11: building_house
891f53d9d2bffff,2,2: building_house
891f53d9d2fffff,2,2: building_house
891f53d9d3bffff,2,2: building_house
891f53d9d4bffff,7,7: highway_bus_stop
891f53d9d4fffff,8,8: landuse_industrial
891f53d9d57ffff,4,4: landuse_cemetery
891f53d9d5bffff,3,3: landuse_industrial
891f53d9d63ffff,6,6: building_office
891f53d9d67ffff,2,2: building_house
891f53d9d6fffff,8,8: landuse_industrial
891f53d9d77ffff,2,2: building_house
891f53d9dd3ffff,2,2: building_house
891f53d9e1bffff,11,11: building_house
891f53d9e23ffff,4,4: landuse_cemetery
891f53d9e27ffff,9,9: aeroway_aerodrome
891f53d9e2fffff,1,1: amenity_nightclub
891f53d9e33ffff,4,4: landuse_cemetery
891f53d9e37ffff,4,4: landuse_cemetery
891f53d9e43ffff,6,6: building_office
891f53d9e4bffff,10,10: building_apartments
891f53d9e4fffff,2,2: building_house
891f53d9e53ffff,2,2: building_house
891f53d9e57ffff,2,2: building_house
891f53d9e5bffff,10,10: building_apartments
891f53d9e7bffff,3,3: landuse_industrial
891f53d9e9bffff,8,8: landuse_industrial
891f53d9eafffff,7,7: highway_bus_stop
891f53d9eb7ffff,0,0: landuse_industrial
891f53d9ec3ffff,10,10: building_apartments
891f53d9ec7ffff,10,10: building_apartments
891f53d9ecbffff,0,0: landuse_industrial
891f53d9ecfffff,0,0: landuse_industrial
891f53d9ed3ffff,0,0: landuse_industrial
891f53d9ed7ffff,10,10: building_apartments
891f53d9edbffff,2,2: building_house
